{
"type": "FeatureCollection",
"name": "Avalanche_Paths_New_Roads_4326",
"crs": { "type": "name", "properties": { "name": "urn:ogc:def:crs:OGC:1.3:CRS84" } },
"features": [
{ "type": "Feature", "properties": { "xid": 3, "name": null, "size_of_sl": null, "return_int": null, "starting_z": null, "vertical_f": null, "distance_t": null, "starting_1": null, "Shape__Are": 47616.81, "Shape__Len": 1369.9875341899999 }, "geometry": { "type": "MultiPolygon", "coordinates": [ [ [ [ -111.670659010121994, 40.687994677124394 ], [ -111.670567824526884, 40.688224926985633 ], [ -111.670520875684034, 40.688499963024213 ], [ -111.670505743064084, 40.688761301302954 ], [ -111.67039856516412, 40.689167312235767 ], [ -111.670162854355226, 40.689502000166108 ], [ -111.670047625221642, 40.689813466824205 ], [ -111.669841930959009, 40.690073208208496 ], [ -111.66968963404058, 40.69034705329544 ], [ -111.669430393423525, 40.690578276906521 ], [ -111.669179762442255, 40.69072386802889 ], [ -111.6689270257001, 40.69054065576082 ], [ -111.668849676678448, 40.690261836319721 ], [ -111.669010582604585, 40.689783446481414 ], [ -111.669208971432781, 40.689503029051238 ], [ -111.669376556289862, 40.689101173322001 ], [ -111.669475411377476, 40.688690707266836 ], [ -111.669598339040562, 40.688320640341352 ], [ -111.669780761655105, 40.68786464608327 ], [ -111.669933270819868, 40.687494407135247 ], [ -111.670047448596193, 40.687196459531307 ], [ -111.670139071618735, 40.686655409521521 ], [ -111.670230683055721, 40.686231471753644 ], [ -111.670300115444419, 40.685956305191333 ], [ -111.67033856441509, 40.685541684574638 ], [ -111.670421373569695, 40.685302474797183 ], [ -111.670536087259308, 40.685058575336534 ], [ -111.670818680375476, 40.685034412106447 ], [ -111.671093252283896, 40.685154433042236 ], [ -111.671245571833396, 40.685592268261246 ], [ -111.671238103685369, 40.686027428912155 ], [ -111.671093428102836, 40.686469693219429 ], [ -111.670986031384103, 40.686853184522178 ], [ -111.670894875640215, 40.687322163368606 ], [ -111.670773022896384, 40.68768051424783 ], [ -111.67071213668639, 40.687863743284517 ], [ -111.670659010121994, 40.687994677124394 ] ] ] ] } },
{ "type": "Feature", "properties": { "xid": 5, "name": null, "size_of_sl": null, "return_int": null, "starting_z": null, "vertical_f": null, "distance_t": null, "starting_1": null, "Shape__Are": 115253.71, "Shape__Len": 1904.4581796499999 }, "geometry": { "type": "MultiPolygon", "coordinates": [ [ [ [ -111.715724670798565, 40.686832236228632 ], [ -111.715450075966814, 40.687050145209454 ], [ -111.714993260342794, 40.687381789984848 ], [ -111.714420728708959, 40.687849278415193 ], [ -111.713696408956409, 40.68817806878392 ], [ -111.712856892402641, 40.688358923696661 ], [ -111.71224656601629, 40.688502324286539 ], [ -111.711696767267739, 40.688550758003508 ], [ -111.711361661070669, 40.688422198289281 ], [ -111.711430030075874, 40.688174039870347 ], [ -111.711696742356864, 40.687992223541308 ], [ -111.712078193211752, 40.687805194643616 ], [ -111.712727164942109, 40.687512914080024 ], [ -111.713367655258921, 40.687202665025218 ], [ -111.713932452349553, 40.686897384831639 ], [ -111.714702311132925, 40.686401651481937 ], [ -111.715114270866195, 40.686191902105342 ], [ -111.71541211756049, 40.686045918815594 ], [ -111.715611311597726, 40.685860007477089 ], [ -111.715794205476868, 40.685588614909797 ], [ -111.715961885645527, 40.685222725816587 ], [ -111.71603811032908, 40.684825873519564 ], [ -111.716206269461111, 40.68450502419693 ], [ -111.716388337426707, 40.684157062426941 ], [ -111.716655769318649, 40.683934691289146 ], [ -111.716862439582741, 40.683784765850866 ], [ -111.717297390389206, 40.683624413337675 ], [ -111.717883995150629, 40.683481133550814 ], [ -111.718174097766749, 40.683497346570839 ], [ -111.718494937382118, 40.683510664990294 ], [ -111.718830518727614, 40.683574339049663 ], [ -111.719143255529232, 40.683824633022844 ], [ -111.719303852663174, 40.684012813729517 ], [ -111.71949422733384, 40.684218825887832 ], [ -111.719616261332789, 40.684452289594823 ], [ -111.719593280236381, 40.684736204559158 ], [ -111.719494372102574, 40.685002575460381 ], [ -111.719357305925698, 40.685242158154942 ], [ -111.71907439772977, 40.685455623262385 ], [ -111.718738936823115, 40.685624371729041 ], [ -111.718487249768643, 40.685770076334599 ], [ -111.718052288004287, 40.68593043336508 ], [ -111.717656350119199, 40.68597793837845 ], [ -111.717304074610425, 40.686124265633943 ], [ -111.716999784016522, 40.686220746380762 ], [ -111.716709474472125, 40.68640722577566 ], [ -111.716366130939434, 40.686503947285154 ], [ -111.716045916206198, 40.686660882107581 ], [ -111.71590121124818, 40.686741055401193 ], [ -111.715724670798565, 40.686832236228632 ] ] ] ] } },
{ "type": "Feature", "properties": { "xid": 8, "name": "GOBBLERS KNOB - WEST FACE", "size_of_sl": null, "return_int": null, "starting_z": null, "vertical_f": null, "distance_t": null, "starting_1": null, "Shape__Are": 1406191.325, "Shape__Len": 10585.183901799999 }, "geometry": { "type": "MultiPolygon", "coordinates": [ [ [ [ -111.708499875167263, 40.683043628317236 ], [ -111.708378415821969, 40.682972304562725 ], [ -111.708157122419735, 40.682748446332525 ], [ -111.708027134376493, 40.68254204502577 ], [ -111.707813888345342, 40.682295615180664 ], [ -111.707599460611959, 40.682049192170368 ], [ -111.707432563220735, 40.681933102710012 ], [ -111.707187379753421, 40.681799475291527 ], [ -111.706951241580597, 40.681737861035472 ], [ -111.706661612737861, 40.681541444192632 ], [ -111.706416944277152, 40.681232143585312 ], [ -111.706265190456534, 40.680980830219291 ], [ -111.706135016586785, 40.680643802611876 ], [ -111.706059088330633, 40.6804010337938 ], [ -111.705959633535059, 40.680059313765078 ], [ -111.705753355689168, 40.679686716438425 ], [ -111.705578271632092, 40.679354466956411 ], [ -111.705249907421617, 40.678961894848548 ], [ -111.704891124971383, 40.678601938592784 ], [ -111.704563555711559, 40.678284131327025 ], [ -111.704212608055656, 40.677880883615757 ], [ -111.703929628225723, 40.67752676795174 ], [ -111.703701456436207, 40.67709574406431 ], [ -111.703578827951674, 40.676686598172012 ], [ -111.703442002848092, 40.676277538614322 ], [ -111.703266749981609, 40.675814661072252 ], [ -111.703159649705896, 40.675418933015777 ], [ -111.702945830035517, 40.675001333013064 ], [ -111.702717720688028, 40.674574810905433 ], [ -111.702564245638385, 40.674269450918054 ], [ -111.702259377503069, 40.673969515963776 ], [ -111.701969371057814, 40.673732550363958 ], [ -111.701702412798923, 40.673549495838252 ], [ -111.701427457311851, 40.673393515217597 ], [ -111.701176020568496, 40.673336486247827 ], [ -111.700787105716216, 40.673257769628293 ], [ -111.70032185413919, 40.673233566644541 ], [ -111.700023941820859, 40.673257894898519 ], [ -111.699901497625802, 40.673542409665444 ], [ -111.699917626341133, 40.673726989194641 ], [ -111.70004691245083, 40.673870343753464 ], [ -111.700306203151257, 40.673999396723239 ], [ -111.700649493568122, 40.674240547485049 ], [ -111.70090849991648, 40.674455182963968 ], [ -111.701068881729029, 40.674629877839912 ], [ -111.701205928216211, 40.674948852556113 ], [ -111.70119124814687, 40.675241722714858 ], [ -111.701030711889544, 40.67539134022816 ], [ -111.700801932616713, 40.675464798270461 ], [ -111.700550724312066, 40.675430288203096 ], [ -111.700191188570017, 40.675333374071094 ], [ -111.699909625660169, 40.675111666842106 ], [ -111.699696031883249, 40.67493999544881 ], [ -111.699459366176882, 40.674711708950824 ], [ -111.699261228358239, 40.674433641056737 ], [ -111.699147989296975, 40.674240640894723 ], [ -111.69898676670779, 40.673984870578728 ], [ -111.698895491451594, 40.673742189609548 ], [ -111.69874940906557, 40.673576413780957 ], [ -111.698603985576071, 40.673473694321366 ], [ -111.698391585958134, 40.673529031193731 ], [ -111.697856707215877, 40.673635864842829 ], [ -111.697673650076069, 40.673668501414433 ], [ -111.697506208206704, 40.673723564985444 ], [ -111.696918095899306, 40.673718107752883 ], [ -111.696346125801412, 40.673672011244513 ], [ -111.695766495787439, 40.673571906159388 ], [ -111.695095205001309, 40.673418298119223 ], [ -111.694622387817091, 40.67334907445759 ], [ -111.694126531612142, 40.673225935460856 ], [ -111.693890061895743, 40.67312826169286 ], [ -111.693547006664616, 40.672906908341034 ], [ -111.692989725310781, 40.67267873216705 ], [ -111.692264557268103, 40.6724623704023 ], [ -111.691586047109922, 40.672295272191739 ], [ -111.691265676535338, 40.672207104197533 ], [ -111.690922221127877, 40.672174927109744 ], [ -111.690326401365454, 40.672109124405374 ], [ -111.689877330568905, 40.672161356113378 ], [ -111.689060914271224, 40.672274335236871 ], [ -111.688129526987055, 40.67225286405472 ], [ -111.687206402769235, 40.672114223663137 ], [ -111.686756525297639, 40.671972761953057 ], [ -111.687213736302851, 40.672713255535044 ], [ -111.687503693326931, 40.672720537990898 ], [ -111.687733542652467, 40.672750699402165 ], [ -111.688274157356801, 40.672855581787346 ], [ -111.688602367381108, 40.673015780546031 ], [ -111.68902952048704, 40.673247457157629 ], [ -111.68931989693418, 40.673524992112853 ], [ -111.689457117270223, 40.673866501553846 ], [ -111.689442200349632, 40.674141354495625 ], [ -111.689510215185237, 40.674426522566741 ], [ -111.689419117093266, 40.674772097878623 ], [ -111.689297413582779, 40.675133170527843 ], [ -111.689106180064286, 40.675521683988265 ], [ -111.688747977398378, 40.675897680300075 ], [ -111.688228811498718, 40.676270130764536 ], [ -111.687908235710196, 40.67639365800207 ], [ -111.687290354838865, 40.67648742426578 ], [ -111.686740727398828, 40.676544746676853 ], [ -111.686161426885235, 40.676593234176281 ], [ -111.685497334679567, 40.676565648721819 ], [ -111.685032879116093, 40.676505344851563 ], [ -111.684626616112567, 40.676350103243244 ], [ -111.684368514827028, 40.676103895569184 ], [ -111.684124185286905, 40.675699954324244 ], [ -111.683842398177873, 40.675219660858133 ], [ -111.683567622089882, 40.674730316495527 ], [ -111.683284730773011, 40.674488757401562 ], [ -111.683132527380423, 40.674183363859022 ], [ -111.683003034908026, 40.673900357383943 ], [ -111.682909485507153, 40.673545068926821 ], [ -111.682712912932161, 40.673181380943994 ], [ -111.682521982559905, 40.672790633280513 ], [ -111.682484227528363, 40.672453031878526 ], [ -111.682514634068738, 40.672069984258229 ], [ -111.68252188342052, 40.671736621111172 ], [ -111.682476076986845, 40.671421588882126 ], [ -111.682537519141917, 40.671065383708736 ], [ -111.682696938417166, 40.670803190112288 ], [ -111.682949774066401, 40.67053593943421 ], [ -111.683117609929766, 40.67028720844295 ], [ -111.68330046902841, 40.670119466224996 ], [ -111.683498213933348, 40.670019200539514 ], [ -111.683720217745389, 40.669977347148915 ], [ -111.683711568199769, 40.669941363731539 ], [ -111.683780666173718, 40.66975627702184 ], [ -111.683964245022892, 40.669543486182462 ], [ -111.684193055258319, 40.669357453004402 ], [ -111.68458226804681, 40.669238033384566 ], [ -111.684620310213532, 40.669255825141413 ], [ -111.684673826277731, 40.668935700366831 ], [ -111.68473511641028, 40.668565981811767 ], [ -111.684833633095195, 40.668250094376759 ], [ -111.685077308999396, 40.66801442360623 ], [ -111.685489389057878, 40.667818291611482 ], [ -111.686061683587937, 40.667670753919417 ], [ -111.68642894209529, 40.667488397879715 ], [ -111.686764395533999, 40.667319742844072 ], [ -111.687221513612386, 40.667132345432101 ], [ -111.687694656097023, 40.667007911407971 ], [ -111.688228968702674, 40.666734467912327 ], [ -111.688716651572989, 40.666528865063107 ], [ -111.689380553089151, 40.66631770382412 ], [ -111.689861387083624, 40.666251771311543 ], [ -111.690220441430228, 40.666308181797106 ], [ -111.690669869595382, 40.666409093917572 ], [ -111.691072955073935, 40.66660487262147 ], [ -111.691433108684691, 40.666881984963858 ], [ -111.691807508075698, 40.667163515138874 ], [ -111.692120067295846, 40.667413884476112 ], [ -111.692340697090316, 40.667583726279851 ], [ -111.692455106423481, 40.66766411813532 ], [ -111.69291292142762, 40.667773979834919 ], [ -111.693104304976316, 40.667975525980957 ], [ -111.69331745085664, 40.668221984420661 ], [ -111.693363059471778, 40.668284771156337 ], [ -111.693646009144459, 40.668188480731523 ], [ -111.693690997059761, 40.667962993971244 ], [ -111.693531430153683, 40.667635136457001 ], [ -111.693241405768944, 40.667276531738644 ], [ -111.692844289362952, 40.666972620899195 ], [ -111.692425090392931, 40.66659226747521 ], [ -111.692073467125226, 40.666225020463969 ], [ -111.691914536775712, 40.6658431047967 ], [ -111.692042749201832, 40.665427937886157 ], [ -111.692287171855526, 40.665039100092528 ], [ -111.692714301346157, 40.664700515159161 ], [ -111.693286907356281, 40.664587172720829 ], [ -111.693798668890764, 40.664539055449815 ], [ -111.694186824554606, 40.664550235437979 ], [ -111.694560956700272, 40.664692124111873 ], [ -111.694920427167006, 40.664789056489582 ], [ -111.695103073471429, 40.664833000400364 ], [ -111.695224158283722, 40.664872810378327 ], [ -111.695378126389059, 40.66454757130402 ], [ -111.695530054611893, 40.664253874623654 ], [ -111.695628454318765, 40.664046082551685 ], [ -111.69578211216637, 40.663919035405037 ], [ -111.695942633109411, 40.663769425023155 ], [ -111.69614757839399, 40.663682607241682 ], [ -111.696361693898311, 40.66368131611182 ], [ -111.696551998136187, 40.663779263548612 ], [ -111.696712108347143, 40.663931444853404 ], [ -111.696834962778098, 40.664255015402183 ], [ -111.696735805404742, 40.664503352047213 ], [ -111.696637369035855, 40.664821050956782 ], [ -111.696491621753651, 40.665139936030229 ], [ -111.696361282500803, 40.665347921429714 ], [ -111.696697005496034, 40.665435982808624 ], [ -111.696880650155961, 40.6654619005472 ], [ -111.697124627458351, 40.665487453741349 ], [ -111.697429875863946, 40.665602722960401 ], [ -111.697627857961635, 40.665642065897508 ], [ -111.697780792645744, 40.665672672078351 ], [ -111.697781130649489, 40.665591592079103 ], [ -111.697781496862703, 40.6651726870723 ], [ -111.697765338927198, 40.664870994515532 ], [ -111.697735304546143, 40.664713524409791 ], [ -111.697667894111532, 40.66448871515928 ], [ -111.697727578088021, 40.664312685570366 ], [ -111.697811249685245, 40.664168041302212 ], [ -111.698123787723603, 40.664188673696621 ], [ -111.698352796592701, 40.664367462095761 ], [ -111.698666267802466, 40.664590782299712 ], [ -111.698917372405148, 40.664846009491079 ], [ -111.699207235131567, 40.665073975433749 ], [ -111.699444241886212, 40.665338295482741 ], [ -111.699665636275896, 40.665580187982492 ], [ -111.699780085861008, 40.665890293207312 ], [ -111.699848640765993, 40.666110589884838 ], [ -111.699848010960565, 40.666389862171087 ], [ -111.699863673765037, 40.666756419686614 ], [ -111.699756877212963, 40.667178672226697 ], [ -111.699619628159581, 40.667517328643775 ], [ -111.699398153844257, 40.667721365229063 ], [ -111.699291190316828, 40.668014794485757 ], [ -111.699162359652021, 40.668366912319065 ], [ -111.699116213982336, 40.668479799954461 ], [ -111.698963995399609, 40.668971693329112 ], [ -111.698786170466107, 40.669504280393625 ], [ -111.698680792115951, 40.670063454734532 ], [ -111.698741763934876, 40.670463970882714 ], [ -111.698910162095785, 40.670841315103196 ], [ -111.699077661333092, 40.671245690450753 ], [ -111.699169545325503, 40.671546923939736 ], [ -111.699268669938633, 40.671861626463894 ], [ -111.699360279895103, 40.672023227328268 ], [ -111.699566133953695, 40.672134588382598 ], [ -111.699848466936416, 40.672204946587769 ], [ -111.700054940173743, 40.672262251105437 ], [ -111.700199703557757, 40.672301912207082 ], [ -111.700382897070298, 40.672282783782123 ], [ -111.700611802946611, 40.672335446895573 ], [ -111.701557633096726, 40.672154034966589 ], [ -111.702451351419768, 40.672193644291909 ], [ -111.702870076152522, 40.67229469548581 ], [ -111.70321265705644, 40.672468278141743 ], [ -111.703365326006221, 40.672584460638454 ], [ -111.703457277863365, 40.672664978281652 ], [ -111.703563948137344, 40.672794953732222 ], [ -111.703708715443156, 40.67294721851043 ], [ -111.703754337859749, 40.673122609085567 ], [ -111.703732001377787, 40.673248866309727 ], [ -111.703777341668726, 40.673622448839815 ], [ -111.703860968211956, 40.673923728752285 ], [ -111.703930539926702, 40.674238607248675 ], [ -111.704082555085449, 40.674629556449247 ], [ -111.704219996685794, 40.675097167796743 ], [ -111.704243524495283, 40.675533943571565 ], [ -111.70448669625101, 40.675928840405774 ], [ -111.704731336106946, 40.676238145621525 ], [ -111.704922165658374, 40.67649372699362 ], [ -111.705151241607012, 40.676897717050906 ], [ -111.705189490052959, 40.677158734061322 ], [ -111.70535675498563, 40.677423467234263 ], [ -111.705715795256197, 40.677696036731732 ], [ -111.706004929374686, 40.677847415941883 ], [ -111.706241765927373, 40.677976592737565 ], [ -111.706478656477699, 40.678222881031544 ], [ -111.706569965491639, 40.678465555538907 ], [ -111.706569554582998, 40.678762843148569 ], [ -111.706537963088564, 40.679244998648336 ], [ -111.706593449548564, 40.679568970046965 ], [ -111.706653485153225, 40.679987504246441 ], [ -111.706738227114727, 40.680392374193595 ], [ -111.706920676192325, 40.680748900059832 ], [ -111.707210759319693, 40.680988554952521 ], [ -111.707438245722344, 40.681239403041573 ], [ -111.707919851062442, 40.681461666870803 ], [ -111.708407662066676, 40.681710916499981 ], [ -111.708582327994876, 40.681890017309449 ], [ -111.709011810945739, 40.682217997431927 ], [ -111.709278157052125, 40.682561392082114 ], [ -111.709263872426718, 40.682665079109611 ], [ -111.709407788094552, 40.68295697543342 ], [ -111.709835767691459, 40.683476845482772 ], [ -111.710201982588117, 40.683974572272959 ], [ -111.710461483935902, 40.684452234741308 ], [ -111.710591071429647, 40.684954118694989 ], [ -111.710544684711408, 40.685377809706459 ], [ -111.710132811008677, 40.685596550923428 ], [ -111.709880831757332, 40.685381893501436 ], [ -111.709704899745759, 40.684973082551878 ], [ -111.709598642740289, 40.684550330133924 ], [ -111.709362699823316, 40.684173417629822 ], [ -111.709049987578183, 40.683810489065934 ], [ -111.70877461964875, 40.683397782897671 ], [ -111.708499875167263, 40.683043628317236 ] ] ] ] } },
{ "type": "Feature", "properties": { "xid": 43, "name": "REYNOLDS PEAK", "size_of_sl": "MINOR TO MAJOR", "return_int": "INFREQUENT", "starting_z": "9200 FT.", "vertical_f": "1930 FT.", "distance_t": "4600 FT.", "starting_1": "S - E", "Shape__Are": 460163.645, "Shape__Len": 5644.5666125500002 }, "geometry": { "type": "MultiPolygon", "coordinates": [ [ [ [ -111.644458904513854, 40.66139267896682 ], [ -111.644290841675016, 40.661384608181329 ], [ -111.644017238136755, 40.66135009980615 ], [ -111.643749159798773, 40.661275020900867 ], [ -111.643642306552096, 40.661235077504045 ], [ -111.6435211284426, 40.661181700818567 ], [ -111.64335299416858, 40.661043003144265 ], [ -111.643238092097121, 40.660904008687851 ], [ -111.643208014616548, 40.660728506888432 ], [ -111.643207293879485, 40.660530319834876 ], [ -111.643215647067791, 40.660291543143614 ], [ -111.643268546603835, 40.660133596453868 ], [ -111.643353038165287, 40.659939438973936 ], [ -111.643489533640576, 40.659740487281525 ], [ -111.643658356202948, 40.659581894312716 ], [ -111.64387292114283, 40.659382506943338 ], [ -111.644078108315952, 40.659192180167416 ], [ -111.644215076763331, 40.659042772740214 ], [ -111.644314018885112, 40.658875559967882 ], [ -111.644352317365673, 40.658798772411728 ], [ -111.644375498316649, 40.658749095269997 ], [ -111.64442895741017, 40.658649701362172 ], [ -111.644482242956911, 40.658532291021238 ], [ -111.644550342160855, 40.658356241491539 ], [ -111.644650161816756, 40.658157493107538 ], [ -111.644756502346482, 40.65802176904041 ], [ -111.644809743463227, 40.657899854441588 ], [ -111.644901845493038, 40.657759705402789 ], [ -111.644978396391892, 40.657601625775563 ], [ -111.645016259580686, 40.65747979697047 ], [ -111.645091149787191, 40.657272178746169 ], [ -111.645153592216744, 40.65712318650062 ], [ -111.645206614946389, 40.656978751198018 ], [ -111.645305334598575, 40.656789017045462 ], [ -111.645404574575323, 40.656653332038282 ], [ -111.645465919723193, 40.656513354434409 ], [ -111.645542424484077, 40.656350770317438 ], [ -111.64561148448918, 40.656152193006662 ], [ -111.645694911803872, 40.655971552691689 ], [ -111.645763309300534, 40.655827031133789 ], [ -111.64582447922858, 40.655669036918738 ], [ -111.645878465040369, 40.65550207415999 ], [ -111.645924127385143, 40.655330653586354 ], [ -111.645991785204899, 40.655109562129674 ], [ -111.646084716207071, 40.654933372683573 ], [ -111.646183169686807, 40.654716613134561 ], [ -111.64625984454851, 40.654572044934817 ], [ -111.646366724375582, 40.654370552836909 ], [ -111.646442415623625, 40.654246710010931 ], [ -111.646550059634464, 40.654124489964474 ], [ -111.64664114405906, 40.654002362551623 ], [ -111.646725479297928, 40.653916307643421 ], [ -111.646839166741231, 40.653807566516313 ], [ -111.646999686982241, 40.65364901505378 ], [ -111.647121827137482, 40.65355824367272 ], [ -111.647304993220075, 40.653417582257468 ], [ -111.647426784239897, 40.653290777728671 ], [ -111.647518743923968, 40.653137114270514 ], [ -111.647594274894345, 40.652997055917204 ], [ -111.647679006463363, 40.652829919818615 ], [ -111.647747265869938, 40.652671884753204 ], [ -111.647823412304689, 40.652473266262824 ], [ -111.647876425711118, 40.65232882969029 ], [ -111.647914984274706, 40.652157448107651 ], [ -111.647960813514189, 40.652004043102856 ], [ -111.648006468251523, 40.6518326216611 ], [ -111.648051419348818, 40.651710751981618 ], [ -111.648113719406894, 40.651548245769391 ], [ -111.648151181352645, 40.651385878939948 ], [ -111.648182685785656, 40.6512190411867 ], [ -111.648174325336541, 40.651088461992067 ], [ -111.648166755416952, 40.65091733921291 ], [ -111.648166717825205, 40.650791217642272 ], [ -111.648143990261872, 40.650642701681726 ], [ -111.648128533548885, 40.650512162301418 ], [ -111.648106154801766, 40.650399679165879 ], [ -111.648089733378129, 40.65029166693818 ], [ -111.648121498961245, 40.650151853804829 ], [ -111.648113836049646, 40.650093340265748 ], [ -111.648121374315906, 40.650016724006051 ], [ -111.648136755859355, 40.649895020221059 ], [ -111.648166635117448, 40.649804765505934 ], [ -111.648258762766901, 40.649669117837846 ], [ -111.648380632437224, 40.649551320497956 ], [ -111.648503068530246, 40.649492076401735 ], [ -111.648655464894816, 40.649473203034901 ], [ -111.648853022623385, 40.649476597462375 ], [ -111.649127675346122, 40.649502079942849 ], [ -111.649333992468669, 40.649554972158526 ], [ -111.64957088596465, 40.649589674606808 ], [ -111.649814392385252, 40.649696408955563 ], [ -111.64999044056448, 40.649799018175159 ], [ -111.650151157553594, 40.649906217793955 ], [ -111.650218920436885, 40.650063488487326 ], [ -111.65022645175118, 40.650230107014387 ], [ -111.650188733142414, 40.650365449886387 ], [ -111.650043953535132, 40.650559952025667 ], [ -111.649913936922061, 40.650691310000049 ], [ -111.649731133261497, 40.650868008347508 ], [ -111.649570276690142, 40.650990530756204 ], [ -111.649395881551811, 40.651180694313027 ], [ -111.64926608075956, 40.65133457207935 ], [ -111.649166040307264, 40.651508101526993 ], [ -111.649051727684636, 40.651673603279178 ], [ -111.648937170135383, 40.651813881939589 ], [ -111.648815820932185, 40.651985729083968 ], [ -111.648723822160733, 40.652134889467654 ], [ -111.648647329831505, 40.652297475715031 ], [ -111.648594623418532, 40.652473441350814 ], [ -111.648571660570596, 40.652667257291611 ], [ -111.648511944227138, 40.652852270947712 ], [ -111.64846436062939, 40.653068746866374 ], [ -111.648448799182361, 40.65329405163093 ], [ -111.648456855250274, 40.653393102032709 ], [ -111.64846407741355, 40.653528191893237 ], [ -111.648540391853572, 40.653469206785125 ], [ -111.648601460755472, 40.653423820303573 ], [ -111.648700881061885, 40.653307950523917 ], [ -111.648800135233401, 40.653174965070193 ], [ -111.648944880386551, 40.652975960405065 ], [ -111.649067370148344, 40.652799602392406 ], [ -111.649220349469644, 40.652596046739788 ], [ -111.649372188762854, 40.652397001638356 ], [ -111.649510139684196, 40.652229564889865 ], [ -111.649708410917327, 40.652061788593024 ], [ -111.649906637456212, 40.651889507856168 ], [ -111.650104688116542, 40.651699210372456 ], [ -111.650287755385818, 40.651549536062788 ], [ -111.650470690619954, 40.651386349158592 ], [ -111.650692436932786, 40.651200421522013 ], [ -111.65087551903413, 40.65105254792897 ], [ -111.651119892856627, 40.650882707576322 ], [ -111.651279913908127, 40.650796222516988 ], [ -111.651561493933301, 40.650682025300441 ], [ -111.651707496788191, 40.650735253564648 ], [ -111.651736978149842, 40.650847695895536 ], [ -111.651684105682207, 40.65100564650885 ], [ -111.651615550530863, 40.651132155152929 ], [ -111.651500692638322, 40.651240907611829 ], [ -111.65138592197485, 40.651358668160185 ], [ -111.651272158490386, 40.651458405518547 ], [ -111.651143018847009, 40.651558229470488 ], [ -111.650966743621225, 40.651676336404392 ], [ -111.650822358520855, 40.651789758985053 ], [ -111.650729970685674, 40.651898384021905 ], [ -111.650569507231324, 40.652061444719912 ], [ -111.650425251842108, 40.652188379112793 ], [ -111.650310390212709, 40.652297130396583 ], [ -111.650142959313428, 40.652473742777083 ], [ -111.65004390992091, 40.652627448240374 ], [ -111.649967769921005, 40.652826068140726 ], [ -111.649845850590609, 40.653060980409457 ], [ -111.649738694938179, 40.653232748607792 ], [ -111.649669824853021, 40.653449344775829 ], [ -111.649639069079697, 40.653571135183398 ], [ -111.649616505381175, 40.653683870799753 ], [ -111.64961715737364, 40.653873049701033 ], [ -111.649654607241999, 40.654075534611515 ], [ -111.649715014336508, 40.654205820787361 ], [ -111.649807270000423, 40.654326919012441 ], [ -111.649898474309268, 40.654461536116941 ], [ -111.650006150892509, 40.654587051728299 ], [ -111.650095604801166, 40.654663122023386 ], [ -111.650203852723308, 40.654725573383303 ], [ -111.650386967953722, 40.654823637741423 ], [ -111.650540163350328, 40.654885835606926 ], [ -111.650707990420415, 40.654992994273115 ], [ -111.650867468265815, 40.655092992801421 ], [ -111.65099024415349, 40.655189594552752 ], [ -111.651157108837992, 40.655319279710696 ], [ -111.651256640791416, 40.655458353094865 ], [ -111.65131788452436, 40.655674216232846 ], [ -111.651309954979155, 40.655831913039577 ], [ -111.651249805526135, 40.65597188699514 ], [ -111.651180587286206, 40.656152451163393 ], [ -111.651150402390655, 40.656332795176027 ], [ -111.651126876484824, 40.656468058179989 ], [ -111.651134192028877, 40.656612155953063 ], [ -111.651127795623623, 40.656684261533911 ], [ -111.651127094010064, 40.656855430576321 ], [ -111.651134803740291, 40.657040065214503 ], [ -111.651150399363601, 40.65718411628005 ], [ -111.651180364530077, 40.657346103679878 ], [ -111.651233811856656, 40.657489941256543 ], [ -111.651279724208749, 40.65758877786751 ], [ -111.65133308433488, 40.657723607196068 ], [ -111.651408962957333, 40.65786281380489 ], [ -111.651508981292494, 40.658051431935021 ], [ -111.651584860659526, 40.658190638414737 ], [ -111.651668976639058, 40.65832529401262 ], [ -111.651737364874549, 40.658424003575 ], [ -111.651844569954548, 40.658621589513793 ], [ -111.651926584332543, 40.658783282832239 ], [ -111.652005006599978, 40.65894049202803 ], [ -111.652072932364518, 40.659113075206669 ], [ -111.652111995378178, 40.659237174451178 ], [ -111.652158392768257, 40.659385555703217 ], [ -111.652202687785319, 40.659560974859893 ], [ -111.652256402365012, 40.659731836442589 ], [ -111.65232470694751, 40.659943154646029 ], [ -111.652355246705596, 40.660163694850681 ], [ -111.652362697041553, 40.660321304711232 ], [ -111.65235507671197, 40.660510530102414 ], [ -111.652340051692221, 40.660668266932625 ], [ -111.652302026383538, 40.6608936988099 ], [ -111.652278808456288, 40.661060490587808 ], [ -111.652210946332659, 40.661259064923442 ], [ -111.652134540104072, 40.661430661425655 ], [ -111.65200512081195, 40.661625078938393 ], [ -111.6518349547692, 40.661765674249793 ], [ -111.65165344021149, 40.661834263910855 ], [ -111.651455407967816, 40.6619074508205 ], [ -111.651210890205675, 40.661944864849055 ], [ -111.651020743591374, 40.661977467476113 ], [ -111.650737319612702, 40.662028612878558 ], [ -111.65050095030287, 40.662052466460302 ], [ -111.65023491980358, 40.662067477915834 ], [ -111.649929808385309, 40.66207820440237 ], [ -111.649693263777664, 40.662084039956135 ], [ -111.649432885542296, 40.662071991717319 ], [ -111.649242344606066, 40.662064054570365 ], [ -111.648976051809825, 40.662052038557214 ], [ -111.648747045902056, 40.661981256009909 ], [ -111.648548447875825, 40.661874267489345 ], [ -111.648410796158501, 40.661708379957794 ], [ -111.648365283016062, 40.661528461892608 ], [ -111.648304877235518, 40.661276557961799 ], [ -111.648311369757636, 40.66109184351312 ], [ -111.648366492856638, 40.660920369022918 ], [ -111.648448343008639, 40.660699196650022 ], [ -111.648532820192912, 40.660505035507853 ], [ -111.648647018001682, 40.660326022106076 ], [ -111.648731738511259, 40.660157083756857 ], [ -111.648823267992739, 40.659958378422608 ], [ -111.648899200995643, 40.659737238948033 ], [ -111.648929437023412, 40.659561399668981 ], [ -111.648960419293715, 40.659340512756295 ], [ -111.649005508737716, 40.659110537850609 ], [ -111.649074954096591, 40.658952495498021 ], [ -111.649097345733267, 40.658821743678963 ], [ -111.649127668178437, 40.658654912522863 ], [ -111.649159304341822, 40.658501586998518 ], [ -111.649204479904085, 40.658280620187362 ], [ -111.649235198731304, 40.658032708574765 ], [ -111.649235250163201, 40.657793978067097 ], [ -111.649234380737326, 40.657582278791367 ], [ -111.649219404351925, 40.657379667513233 ], [ -111.649211743512907, 40.657199536816684 ], [ -111.649197029269757, 40.657023950114869 ], [ -111.649173904183542, 40.656834897658619 ], [ -111.649082222027474, 40.65652911762507 ], [ -111.648983007230825, 40.656178336386638 ], [ -111.648869987672057, 40.655989789047538 ], [ -111.648738654273558, 40.655864405319868 ], [ -111.648608106539356, 40.65582009524455 ], [ -111.648533675399008, 40.65582952200166 ], [ -111.648411184214353, 40.655884262053341 ], [ -111.648304418467234, 40.655974948448417 ], [ -111.648152175695003, 40.656133455203864 ], [ -111.648046019371179, 40.656287198769455 ], [ -111.647915589349381, 40.65649963492605 ], [ -111.647853502217757, 40.656684661433466 ], [ -111.647785631200335, 40.656883233384562 ], [ -111.647671628490073, 40.657082064054762 ], [ -111.647564460936465, 40.657253830207843 ], [ -111.647472365188833, 40.657393981334955 ], [ -111.647343027015651, 40.657597402001556 ], [ -111.647259558661403, 40.657773539338066 ], [ -111.647197512106928, 40.657963069574905 ], [ -111.647137526275742, 40.658121057816665 ], [ -111.647099049532343, 40.658301447204281 ], [ -111.647037132610464, 40.658504489643931 ], [ -111.646938432824498, 40.658696026842662 ], [ -111.646839828194373, 40.658897472974132 ], [ -111.646733134148903, 40.659118783434621 ], [ -111.646633232316944, 40.6593085253513 ], [ -111.646519352593401, 40.659520867156175 ], [ -111.64642746899176, 40.659683537932025 ], [ -111.646350745310585, 40.659823602058026 ], [ -111.646252415490011, 40.660053873909483 ], [ -111.646207272517785, 40.660279343680436 ], [ -111.646129886328211, 40.660473463461912 ], [ -111.646038304686627, 40.660667662610742 ], [ -111.64593949464755, 40.660848389092905 ], [ -111.645825088861486, 40.661006681007926 ], [ -111.645593920235115, 40.661201660442437 ], [ -111.645374850852434, 40.661301980610695 ], [ -111.645069209912009, 40.661380262332443 ], [ -111.644802084515561, 40.661404276068403 ], [ -111.644542953289644, 40.661398515907564 ], [ -111.644458904513854, 40.66139267896682 ] ] ] ] } },
{ "type": "Feature", "properties": { "xid": 51, "name": "WEST REYNOLDS", "size_of_sl": "MINOR", "return_int": "OCCASIONAL", "starting_z": "8310 FT.", "vertical_f": "1170 FT.", "distance_t": "2400 FT.", "starting_1": "EAST", "Shape__Are": 76592.15, "Shape__Len": 2153.46392126 }, "geometry": { "type": "MultiPolygon", "coordinates": [ [ [ [ -111.655056289483198, 40.651851400681799 ], [ -111.655011998832236, 40.651797599756613 ], [ -111.654979623916546, 40.651752739921349 ], [ -111.654942473975453, 40.651703402812295 ], [ -111.654918460238363, 40.651545886839038 ], [ -111.654926255090047, 40.651496294802044 ], [ -111.654974087349572, 40.651428458281131 ], [ -111.655048204316827, 40.651387498723246 ], [ -111.655140194613566, 40.651359950757254 ], [ -111.655285496730599, 40.651341108890144 ], [ -111.655429748230787, 40.651335785847664 ], [ -111.655552622037476, 40.651321575295498 ], [ -111.655696979286986, 40.651327061753967 ], [ -111.655781157397698, 40.651347303726347 ], [ -111.655841786380137, 40.651378489825568 ], [ -111.655918188140063, 40.65145012542979 ], [ -111.655971155536918, 40.651544415848939 ], [ -111.65600278937012, 40.651634323093617 ], [ -111.656063647662435, 40.65180964689381 ], [ -111.656109783706825, 40.651931002139953 ], [ -111.656146590182814, 40.652065923420729 ], [ -111.656201005917183, 40.652187231576221 ], [ -111.656268697076101, 40.652335490337144 ], [ -111.65634620379042, 40.652519728037781 ], [ -111.656430057171917, 40.652627355704567 ], [ -111.65652105162215, 40.652739447053747 ], [ -111.656612920074551, 40.652820002931961 ], [ -111.656749601814056, 40.652886790825761 ], [ -111.656825741265592, 40.652931401218041 ], [ -111.656987394351333, 40.65301155982209 ], [ -111.657162058414258, 40.65309164415131 ], [ -111.657314073217549, 40.653153839761451 ], [ -111.657497150165923, 40.653247388728474 ], [ -111.65767304245837, 40.653331969631417 ], [ -111.65783353242395, 40.653413935404288 ], [ -111.657993766140677, 40.653469777205729 ], [ -111.658183764583882, 40.653545268250298 ], [ -111.65848889263026, 40.653660641605448 ], [ -111.658663781629926, 40.653763244092325 ], [ -111.658817380865443, 40.653865967782231 ], [ -111.658939399576568, 40.654004906249234 ], [ -111.658985453749693, 40.654117252063301 ], [ -111.659023139837146, 40.654220636925515 ], [ -111.659031388940974, 40.654337702820449 ], [ -111.659001004378482, 40.654495528311088 ], [ -111.658962428650511, 40.654662409225146 ], [ -111.658893927964684, 40.654793426125025 ], [ -111.658825338400902, 40.654915434799491 ], [ -111.65871008721561, 40.654983657490838 ], [ -111.658627334518854, 40.654988633877771 ], [ -111.658550407304602, 40.654984568292058 ], [ -111.658398652863326, 40.654949398924309 ], [ -111.658315103284338, 40.654873301424544 ], [ -111.658237113816995, 40.654761137408151 ], [ -111.658139978379495, 40.654626560738315 ], [ -111.658039250665198, 40.654487500109333 ], [ -111.657917188671647, 40.654344056601801 ], [ -111.657826410874534, 40.654254486885812 ], [ -111.65773440628908, 40.65416041973905 ], [ -111.657604640866793, 40.654075576262528 ], [ -111.657467557923155, 40.653968252574856 ], [ -111.657353036928427, 40.653869808974072 ], [ -111.657215999005913, 40.653766989071784 ], [ -111.657070681965621, 40.653664216115736 ], [ -111.656948280151227, 40.653606356064834 ], [ -111.65682609939654, 40.653571016356061 ], [ -111.656704051254209, 40.653549188801605 ], [ -111.656614335890737, 40.653567716379712 ], [ -111.656521425302316, 40.653622296823627 ], [ -111.656452346973524, 40.653694759092303 ], [ -111.656398644807339, 40.653767133913433 ], [ -111.656360274715126, 40.653834917213089 ], [ -111.656345825286692, 40.653929590609508 ], [ -111.656330590257028, 40.654064807579843 ], [ -111.656375810434483, 40.654213193948152 ], [ -111.656429045575877, 40.654334508657996 ], [ -111.656498751888876, 40.654446721004817 ], [ -111.65656754055459, 40.654585964596627 ], [ -111.656665855600011, 40.654720535888622 ], [ -111.656704076492048, 40.654758155023444 ], [ -111.656781604045705, 40.654823477519237 ], [ -111.656903266915506, 40.654926385384478 ], [ -111.657002147380311, 40.654997892334514 ], [ -111.657154652525861, 40.655109633128951 ], [ -111.657260542033939, 40.655172091275141 ], [ -111.657390176537291, 40.655243422830274 ], [ -111.657536415019862, 40.655319164033628 ], [ -111.657665917412146, 40.655376982994852 ], [ -111.657803876737134, 40.655452771010786 ], [ -111.657954714690135, 40.655514972444251 ], [ -111.658139114627645, 40.655622025834738 ], [ -111.658352820182159, 40.655701885779017 ], [ -111.658588778519857, 40.655759096686559 ], [ -111.658755955970818, 40.655798682151897 ], [ -111.658962610150056, 40.655883085534477 ], [ -111.659100749278309, 40.655976888338479 ], [ -111.659160928194879, 40.656081946465875 ], [ -111.659176673813818, 40.656239508610788 ], [ -111.659153190769956, 40.656377475580591 ], [ -111.659107162727835, 40.656508364284178 ], [ -111.659000765180068, 40.6566350931787 ], [ -111.658900015573067, 40.656734763684604 ], [ -111.658756816096584, 40.656848189318566 ], [ -111.658535933721794, 40.656880979659732 ], [ -111.658405731912197, 40.656872713461262 ], [ -111.658268140853039, 40.656834760575101 ], [ -111.658084991007001, 40.656734907245188 ], [ -111.657971425912564, 40.656613937150475 ], [ -111.657871049459501, 40.656510909175211 ], [ -111.65770311876399, 40.656394752883081 ], [ -111.657543380066755, 40.656269541006033 ], [ -111.65739051791742, 40.656121768034602 ], [ -111.657261357286572, 40.655978364290995 ], [ -111.657146612140338, 40.655857400080521 ], [ -111.65701640227617, 40.655727515058643 ], [ -111.656849702029277, 40.655615854845806 ], [ -111.656667316492658, 40.655472753179041 ], [ -111.656529137630542, 40.655374443327489 ], [ -111.656375670800301, 40.65528522890164 ], [ -111.656276878839932, 40.65522272960478 ], [ -111.656147289672674, 40.655155900884189 ], [ -111.655933367883762, 40.655053516344282 ], [ -111.655695437692472, 40.6549152329778 ], [ -111.655452600918494, 40.654758959586196 ], [ -111.655292623546742, 40.654608521563624 ], [ -111.655200994065524, 40.654431570310003 ], [ -111.655171108705062, 40.654278592128563 ], [ -111.655171057837862, 40.654152470735141 ], [ -111.655216959848701, 40.654008071212708 ], [ -111.655293394003436, 40.653840976673173 ], [ -111.655369438288119, 40.653754962522434 ], [ -111.655437202836495, 40.653668995318711 ], [ -111.655521438109645, 40.653573925879513 ], [ -111.655612461257562, 40.65344728741406 ], [ -111.655698973390159, 40.653343196222615 ], [ -111.655773525119216, 40.653225659850875 ], [ -111.655819601625169, 40.653099276465142 ], [ -111.65585034593262, 40.65297748448986 ], [ -111.655850029201304, 40.652824338500714 ], [ -111.655811210137983, 40.652725463347871 ], [ -111.655773485768975, 40.652617573269332 ], [ -111.655697648292701, 40.652482873523446 ], [ -111.65562091051261, 40.652377006657552 ], [ -111.6555143922197, 40.652249687934827 ], [ -111.655414158366284, 40.652160169957824 ], [ -111.655300870317745, 40.652066221627742 ], [ -111.655170891754011, 40.65195885484269 ], [ -111.655094446148382, 40.651882714650924 ], [ -111.655056289483198, 40.651851400681799 ] ] ] ] } },
{ "type": "Feature", "properties": { "xid": 53, "name": "ROAD BANK SLIDES", "size_of_sl": null, "return_int": null, "starting_z": null, "vertical_f": null, "distance_t": null, "starting_1": null, "Shape__Are": 16709.99, "Shape__Len": 744.49867606700002 }, "geometry": { "type": "MultiPolygon", "coordinates": [ [ [ [ -111.657578749891613, 40.651197446183964 ], [ -111.657556708776127, 40.651120997786457 ], [ -111.657533750248447, 40.651071580695074 ], [ -111.657510482271675, 40.65099063492508 ], [ -111.657495581971205, 40.650918650200161 ], [ -111.657525404812304, 40.650823889076989 ], [ -111.657571133768201, 40.650783089544113 ], [ -111.657632503600112, 40.650769227005583 ], [ -111.657701208655979, 40.650779646134851 ], [ -111.657770055265559, 40.650804478330649 ], [ -111.657822847804312, 40.650880751510563 ], [ -111.657937691694414, 40.651012525039498 ], [ -111.657998967335317, 40.651109469799962 ], [ -111.658067578588856, 40.651230696198581 ], [ -111.658181444400967, 40.65138319504775 ], [ -111.658257999141654, 40.651470143007906 ], [ -111.658342057876183, 40.651598488129139 ], [ -111.658441643309416, 40.651742059431264 ], [ -111.658509946060903, 40.651831756879936 ], [ -111.658609487918298, 40.651970823931521 ], [ -111.658723267647474, 40.652114314019009 ], [ -111.658800072017797, 40.652226484523901 ], [ -111.658912581209847, 40.652360972972204 ], [ -111.659013130208919, 40.652482016526434 ], [ -111.659112363834836, 40.65258955445853 ], [ -111.659204279496706, 40.652674612347859 ], [ -111.659264677201563, 40.652802190969034 ], [ -111.659295470228471, 40.652926335113591 ], [ -111.659325970747247, 40.653020752232862 ], [ -111.65934937466784, 40.653115209864779 ], [ -111.659341464263477, 40.653272907143631 ], [ -111.659325925054603, 40.653376595827616 ], [ -111.65924981184061, 40.653575221616045 ], [ -111.659151565710275, 40.65368839112746 ], [ -111.659036897013067, 40.653695351728686 ], [ -111.658975241195279, 40.653680388831489 ], [ -111.658914520056967, 40.653640196231741 ], [ -111.658829965979407, 40.653582122200426 ], [ -111.658785024351317, 40.653462563012027 ], [ -111.658738124858687, 40.653384454955393 ], [ -111.658693050646619, 40.653251383444754 ], [ -111.658639528842286, 40.653101243582633 ], [ -111.658593343105622, 40.652975385319955 ], [ -111.658532919944108, 40.65284510388642 ], [ -111.658471358525659, 40.652719333255227 ], [ -111.658387368946549, 40.652598194816484 ], [ -111.658265663829312, 40.652490784364147 ], [ -111.658128140558887, 40.652338420469178 ], [ -111.658021369803762, 40.652185881164094 ], [ -111.657968354769565, 40.652087087627244 ], [ -111.657915030209054, 40.651956765397614 ], [ -111.657846418469063, 40.651835538927173 ], [ -111.65776207730454, 40.651678367234567 ], [ -111.657670595796972, 40.651516731795816 ], [ -111.657624457228366, 40.651395377184336 ], [ -111.657579678446496, 40.651292032198832 ], [ -111.657578749891613, 40.651197446183964 ] ] ] ] } },
{ "type": "Feature", "properties": { "xid": 54, "name": "REYNOLDS ROCK", "size_of_sl": null, "return_int": null, "starting_z": null, "vertical_f": null, "distance_t": null, "starting_1": null, "Shape__Are": 45721.8, "Shape__Len": 776.52510101099995 }, "geometry": { "type": "MultiPolygon", "coordinates": [ [ [ [ -111.652075297600831, 40.652066464294627 ], [ -111.652144203633441, 40.651975988199595 ], [ -111.652182796246507, 40.651930726755992 ], [ -111.652274306022008, 40.651853635958027 ], [ -111.652409402189306, 40.651758281442262 ], [ -111.652548002363261, 40.651658402617905 ], [ -111.65267013132717, 40.651567625422388 ], [ -111.652777059740572, 40.651494951421384 ], [ -111.652930246987339, 40.6514355288069 ], [ -111.653105206571098, 40.651425530678409 ], [ -111.653266104851681, 40.651429124880131 ], [ -111.653448468452467, 40.651450614781446 ], [ -111.653577915904108, 40.651503934351688 ], [ -111.653707759174267, 40.651597790667324 ], [ -111.653806983013908, 40.651705333251172 ], [ -111.653906295114979, 40.651821883942944 ], [ -111.654013143914199, 40.651983435336696 ], [ -111.654104573301836, 40.652140569624919 ], [ -111.65419622307779, 40.652320224323987 ], [ -111.654234780623085, 40.652513692806387 ], [ -111.654234350818115, 40.652711886516357 ], [ -111.654203779651581, 40.652851694479629 ], [ -111.654188452526569, 40.652977903028692 ], [ -111.65413558424008, 40.653135854674836 ], [ -111.654074348242347, 40.653284844998154 ], [ -111.65399033115375, 40.653402433886995 ], [ -111.653914461375933, 40.653506463535223 ], [ -111.653762061657261, 40.653646961219714 ], [ -111.653599803367442, 40.653746975386852 ], [ -111.653433556784506, 40.653801968431289 ], [ -111.65327287245259, 40.653820894997445 ], [ -111.653059269659138, 40.653871651064193 ], [ -111.652860998991514, 40.653917815704055 ], [ -111.652662420813016, 40.653932451317374 ], [ -111.65248692806675, 40.653888399640159 ], [ -111.652327863082022, 40.653830741851827 ], [ -111.652212781057614, 40.653795357155218 ], [ -111.65201402663574, 40.653670357904446 ], [ -111.651914890380837, 40.653571822015032 ], [ -111.651815359923489, 40.653432749141942 ], [ -111.651739310291404, 40.653275526263215 ], [ -111.651708995126029, 40.653077506092757 ], [ -111.651709388567198, 40.652874808247283 ], [ -111.651724369742709, 40.652712567188885 ], [ -111.651745527674905, 40.652577317346598 ], [ -111.651777330463176, 40.652442007413157 ], [ -111.651869278980556, 40.652288340553248 ], [ -111.651930957402385, 40.652184392346172 ], [ -111.652029520557548, 40.652102757574184 ], [ -111.652075297600831, 40.652066464294627 ] ] ] ] } },
{ "type": "Feature", "properties": { "xid": 55, "name": "ROAD BANK SLIDES", "size_of_sl": null, "return_int": null, "starting_z": null, "vertical_f": null, "distance_t": null, "starting_1": null, "Shape__Are": 5548.0150000100002, "Shape__Len": 273.21234457999998 }, "geometry": { "type": "MultiPolygon", "coordinates": [ [ [ [ -111.656368190222267, 40.651625039694061 ], [ -111.656315469345003, 40.651555972405568 ], [ -111.656299828752665, 40.651529035215823 ], [ -111.65626131870367, 40.651461688870299 ], [ -111.656246375504509, 40.651385199883421 ], [ -111.656284806124205, 40.651323722338809 ], [ -111.656375418863902, 40.651276362088232 ], [ -111.656475643546941, 40.651244261904402 ], [ -111.656581693573585, 40.651203119814646 ], [ -111.656704257770784, 40.651157379362537 ], [ -111.6568411030878, 40.651120566241708 ], [ -111.657017243932799, 40.651110555468094 ], [ -111.657154663422958, 40.651132295231882 ], [ -111.657230889517464, 40.651185913576548 ], [ -111.65726125372116, 40.651266819009606 ], [ -111.657307258945465, 40.651374661486415 ], [ -111.657322468551584, 40.651478174902799 ], [ -111.657306617199197, 40.651550334696587 ], [ -111.657276837935285, 40.651649599852206 ], [ -111.657215820768101, 40.651699494973897 ], [ -111.657131059987179, 40.651740516491735 ], [ -111.657016641792495, 40.651772698002453 ], [ -111.656879795247178, 40.651809511336737 ], [ -111.656719160885558, 40.651832946756976 ], [ -111.656582004993723, 40.651838231065952 ], [ -111.656490711819444, 40.651816228393372 ], [ -111.656436869703185, 40.651753473624197 ], [ -111.656398447661346, 40.651695135522381 ], [ -111.656368190222267, 40.651625039694061 ] ] ] ] } },
{ "type": "Feature", "properties": { "xid": 56, "name": "MILL A GULCH", "size_of_sl": "SIGNIFICANT TO MAJOR", "return_int": "OCCASIONAL", "starting_z": "8800 FT.", "vertical_f": "1880 FT.", "distance_t": "4300 FT.", "starting_1": "SE", "Shape__Are": 599992.67, "Shape__Len": 5715.1295958000001 }, "geometry": { "type": "MultiPolygon", "coordinates": [ [ [ [ -111.692187918044525, 40.651432091738947 ], [ -111.692196662695949, 40.651477082745878 ], [ -111.69214245075834, 40.651725146549424 ], [ -111.69198274077165, 40.651951320872143 ], [ -111.691654845738441, 40.652155980784123 ], [ -111.691280495668977, 40.652329387485459 ], [ -111.69092156602332, 40.65250720504671 ], [ -111.690517550061031, 40.652671778091133 ], [ -111.69012058230291, 40.652831803255488 ], [ -111.689487592003303, 40.652930175827287 ], [ -111.688931294682817, 40.653010070015533 ], [ -111.68828974373811, 40.653081461047769 ], [ -111.687870533125263, 40.653034411331298 ], [ -111.687381797838341, 40.652897687139443 ], [ -111.68693126439382, 40.652679655451792 ], [ -111.686465894457442, 40.652398649395977 ], [ -111.686107790199458, 40.652080969394888 ], [ -111.685848226598836, 40.651798737759457 ], [ -111.685658154607424, 40.651371953912552 ], [ -111.685551429780404, 40.650998727045646 ], [ -111.685535239040377, 40.650688023424912 ], [ -111.685429698764693, 40.650314789365503 ], [ -111.685367474895884, 40.650013367610676 ], [ -111.685352314528956, 40.649918866350589 ], [ -111.685307186919331, 40.649901116803939 ], [ -111.685146460425003, 40.649798470640434 ], [ -111.68499387524993, 40.649682262920329 ], [ -111.684817498224675, 40.64955268306101 ], [ -111.684711270056724, 40.649458721754414 ], [ -111.68452907267843, 40.649338184650347 ], [ -111.684375352931838, 40.649226487170424 ], [ -111.684116911747338, 40.649052349110818 ], [ -111.683902664053562, 40.64892028958289 ], [ -111.683620369075683, 40.648726472549455 ], [ -111.683322627194656, 40.648525539271276 ], [ -111.683064329221196, 40.648364911014724 ], [ -111.682842833561892, 40.648217577591254 ], [ -111.682605826270475, 40.648056822392924 ], [ -111.682422591444677, 40.647949801092672 ], [ -111.682224660460861, 40.647793318508917 ], [ -111.682079089276357, 40.64766805674293 ], [ -111.681934838859803, 40.647556300031226 ], [ -111.681820155810186, 40.647444368558318 ], [ -111.681705473144859, 40.647332436966259 ], [ -111.681613637052806, 40.647373518214046 ], [ -111.681462034222847, 40.647469004281497 ], [ -111.681346690044151, 40.647640850115522 ], [ -111.681269740755781, 40.647866521479941 ], [ -111.681324756341098, 40.648158979435173 ], [ -111.681438823997212, 40.648559193197698 ], [ -111.681515221181428, 40.648860533536407 ], [ -111.681523076664462, 40.649283895702361 ], [ -111.681568522544126, 40.649681811633251 ], [ -111.681628941059785, 40.650040000897647 ], [ -111.681774397443476, 40.650385976758145 ], [ -111.681911310528136, 40.650822089757447 ], [ -111.681896329992981, 40.65120955184981 ], [ -111.681751008579397, 40.651458148861757 ], [ -111.681515201289471, 40.651648723295509 ], [ -111.681210235073735, 40.651668540187444 ], [ -111.680881972285761, 40.651607415450904 ], [ -111.680523043139544, 40.651438366249401 ], [ -111.680164880539635, 40.651111659346689 ], [ -111.680042954481166, 40.650869142846751 ], [ -111.68001196251106, 40.650612577698169 ], [ -111.680088044002588, 40.650184216833978 ], [ -111.680210799341509, 40.649809633107814 ], [ -111.680302338857032, 40.64927307668448 ], [ -111.680462068558526, 40.648812692219771 ], [ -111.68072881876401, 40.648176007129344 ], [ -111.680805564877872, 40.647580980863317 ], [ -111.680980799297586, 40.647134017193586 ], [ -111.68122530469239, 40.646637096767456 ], [ -111.681301719631705, 40.646591602463161 ], [ -111.681331277838012, 40.646474315016349 ], [ -111.681347597688074, 40.64633458393147 ], [ -111.68140012162732, 40.646149595728396 ], [ -111.681454011187398, 40.645982616831056 ], [ -111.681522550425967, 40.645860594929694 ], [ -111.681576714386708, 40.64572064044031 ], [ -111.681667998318943, 40.645625510290522 ], [ -111.681728349984184, 40.64551254529092 ], [ -111.681834732704928, 40.645390299774562 ], [ -111.681973275474618, 40.64529038597685 ], [ -111.682049413260486, 40.645217866714745 ], [ -111.682140879275252, 40.645140752506357 ], [ -111.682269822408259, 40.64502738201039 ], [ -111.682384527663643, 40.644909591157429 ], [ -111.682559775996921, 40.644813964089188 ], [ -111.682650012354102, 40.644732352393653 ], [ -111.682788919757726, 40.644668470250124 ], [ -111.682911196689588, 40.644597479332603 ], [ -111.68304830563001, 40.644473249231247 ], [ -111.683163375978893, 40.644391490234291 ], [ -111.683270029909323, 40.644296267873926 ], [ -111.683369679709656, 40.64421009556284 ], [ -111.683445171535951, 40.644074518300989 ], [ -111.683505886418089, 40.643997584999553 ], [ -111.683567324250092, 40.643875603888432 ], [ -111.683644135788683, 40.64375353172786 ], [ -111.683704390542687, 40.643631557543799 ], [ -111.68373498801661, 40.643500750230679 ], [ -111.683772129409064, 40.643315851956586 ], [ -111.68375778782422, 40.643185310720291 ], [ -111.68372016204016, 40.643090942146848 ], [ -111.68364337281254, 40.642983292369756 ], [ -111.683505674215709, 40.642817446519842 ], [ -111.683376621937754, 40.642687584137903 ], [ -111.683231829085585, 40.642521779932942 ], [ -111.683109012275452, 40.642423410806735 ], [ -111.682995518770028, 40.642311473351455 ], [ -111.682888259885956, 40.64223102937062 ], [ -111.682751023663513, 40.642110223370366 ], [ -111.682658863600864, 40.642002663792624 ], [ -111.682590584798703, 40.641917484735316 ], [ -111.682544362196012, 40.641791636108394 ], [ -111.682545350939634, 40.641656499717072 ], [ -111.682643861116802, 40.64157483908744 ], [ -111.682849536770618, 40.641564614351608 ], [ -111.683056486756271, 40.641563390415001 ], [ -111.683247202221722, 40.641593792624775 ], [ -111.683422682233314, 40.641637797741538 ], [ -111.683612537158737, 40.641699734899674 ], [ -111.683756455867609, 40.641779961153169 ], [ -111.683842244808474, 40.641842514072209 ], [ -111.683949871996688, 40.641958989799299 ], [ -111.684025294016294, 40.642048630087118 ], [ -111.684078799003387, 40.642192452373159 ], [ -111.684116838649615, 40.642327357550499 ], [ -111.684101708027598, 40.642467082063106 ], [ -111.684109184506568, 40.642620185695478 ], [ -111.684131712806206, 40.64274166969723 ], [ -111.684162013450802, 40.642813559788245 ], [ -111.684192498132617, 40.6429034661816 ], [ -111.684231077089393, 40.642975307203344 ], [ -111.684284293906202, 40.642974991866609 ], [ -111.684322320982133, 40.642992783923191 ], [ -111.684413748953062, 40.64302827688099 ], [ -111.684536154634188, 40.643086107887854 ], [ -111.684658652574612, 40.643152946917247 ], [ -111.684764548325063, 40.643215379915922 ], [ -111.68488004320028, 40.643291268935343 ], [ -111.685001451350018, 40.643367122760502 ], [ -111.685124088434392, 40.643447473515032 ], [ -111.685229985081989, 40.643509906076432 ], [ -111.685345480990236, 40.643585794618119 ], [ -111.685413212088548, 40.643616923065622 ], [ -111.685513306830529, 40.643690200240606 ], [ -111.685627602323578, 40.643764293882704 ], [ -111.68574901217336, 40.64384014690193 ], [ -111.68584890474996, 40.643893605844795 ], [ -111.685963311632264, 40.643978508927283 ], [ -111.686100419098281, 40.644085798767463 ], [ -111.686214918889135, 40.644179709742765 ], [ -111.686344977598509, 40.644291545523203 ], [ -111.686428591520468, 40.64437212680496 ], [ -111.686558327880363, 40.644452433813811 ], [ -111.686641896100141, 40.644528510860788 ], [ -111.686749347828936, 40.644626967553499 ], [ -111.686855681892723, 40.644731736879898 ], [ -111.686954698849462, 40.644814928761924 ], [ -111.687022801422899, 40.64488208883256 ], [ -111.687092040572267, 40.644944737750741 ], [ -111.687153047629025, 40.645011939961442 ], [ -111.687198495794632, 40.645061217338281 ], [ -111.687274831092964, 40.645123823914453 ], [ -111.687328927521207, 40.64520908455205 ], [ -111.68735946378564, 40.645303494101974 ], [ -111.687351111714065, 40.645411648170757 ], [ -111.687351989691294, 40.645497225556717 ], [ -111.687359058138611, 40.645609792180494 ], [ -111.687358799699183, 40.645699880675757 ], [ -111.687405218971477, 40.645843743485948 ], [ -111.687427384682394, 40.645929194139967 ], [ -111.687450548232562, 40.645996621457748 ], [ -111.687489104763529, 40.646065758866484 ], [ -111.68751920717618, 40.646117830075944 ], [ -111.687542232216401, 40.646171745155222 ], [ -111.6875583000528, 40.646239214696223 ], [ -111.687587515795229, 40.6463201189882 ], [ -111.687609681904277, 40.646405569597071 ], [ -111.687618931300676, 40.646500105810865 ], [ -111.68764114374315, 40.646590060482005 ], [ -111.687665601363506, 40.646668290474793 ], [ -111.687694845170228, 40.646751897174077 ], [ -111.687747853287163, 40.646846172762707 ], [ -111.687793673081586, 40.646931482447265 ], [ -111.687863100075219, 40.647012147143073 ], [ -111.687969771307095, 40.64703403340171 ], [ -111.688274549554933, 40.647113295435474 ], [ -111.688487892668363, 40.647157067087775 ], [ -111.688663436934334, 40.647205568122288 ], [ -111.688716749669751, 40.647214258856522 ], [ -111.688847121205114, 40.647240507291734 ], [ -111.68911382426208, 40.647297472498579 ], [ -111.689304744071038, 40.647345880797424 ], [ -111.689525370043597, 40.647407624438451 ], [ -111.689693726915607, 40.647447158126788 ], [ -111.689860043303938, 40.647518234181597 ], [ -111.690044192969651, 40.647598212120933 ], [ -111.690204550308749, 40.647664818939894 ], [ -111.690357904724635, 40.647740476093404 ], [ -111.6904875594646, 40.647811770413149 ], [ -111.690617075181123, 40.647869552380328 ], [ -111.690670713742051, 40.647909770680435 ], [ -111.690760018601523, 40.647967792987963 ], [ -111.69093721382599, 40.648061324129429 ], [ -111.69110499452411, 40.6481594156878 ], [ -111.691272915144793, 40.648271019197821 ], [ -111.691395661689342, 40.648360371222985 ], [ -111.691523139324232, 40.648449694783018 ], [ -111.691663487401371, 40.648525428074301 ], [ -111.691776726871126, 40.648610332288712 ], [ -111.691929460786895, 40.648740043189264 ], [ -111.692013086997022, 40.648820620265333 ], [ -111.692157449878962, 40.648941372334534 ], [ -111.692295946322631, 40.649066663735397 ], [ -111.692393858926181, 40.649156163565792 ], [ -111.692470529669237, 40.649250295041433 ], [ -111.69255538644191, 40.649335368679658 ], [ -111.692623871805225, 40.649438557830102 ], [ -111.6926997796688, 40.649573232820011 ], [ -111.6927678280761, 40.649748494003966 ], [ -111.69285945663529, 40.649916406708002 ], [ -111.692934723276593, 40.650103335763738 ], [ -111.692982526781762, 40.650265205257945 ], [ -111.693028104869953, 40.650440601113694 ], [ -111.693073683203053, 40.650615996944175 ], [ -111.693095997606704, 40.65071495855797 ], [ -111.693097069504759, 40.650818552014712 ], [ -111.69308267265896, 40.650913229631044 ], [ -111.693074142848886, 40.651003367686741 ], [ -111.693020389411274, 40.651066751108914 ], [ -111.69296668246858, 40.651134638569339 ], [ -111.692883127398474, 40.651175679054219 ], [ -111.692729883767186, 40.651226146256725 ], [ -111.692608713610326, 40.651289933908849 ], [ -111.692470891710357, 40.651344812608286 ], [ -111.692348259017251, 40.651381582701305 ], [ -111.692226902024601, 40.651427353701955 ], [ -111.692187918044525, 40.651432091738947 ] ], [ [ -111.686344443591054, 40.64874184385733 ], [ -111.686145809173439, 40.648517807035653 ], [ -111.686047721282847, 40.648410285534702 ], [ -111.685947360568434, 40.648311786141065 ], [ -111.685810920076989, 40.648154944446226 ], [ -111.685657646050473, 40.64797117646205 ], [ -111.685573890214258, 40.647877082482715 ], [ -111.685513020349362, 40.647823391697713 ], [ -111.685397916172249, 40.647670927178389 ], [ -111.685260572041329, 40.647541116254253 ], [ -111.685131046529904, 40.647366215305127 ], [ -111.685009800390304, 40.647191265089795 ], [ -111.684863764923975, 40.647020966112983 ], [ -111.684741659704841, 40.646877551129045 ], [ -111.684696258115167, 40.64683277687039 ], [ -111.684597806828904, 40.646689221471618 ], [ -111.684513731955718, 40.64656359815455 ], [ -111.684429749429327, 40.646446982920878 ], [ -111.6843146041046, 40.646290013171374 ], [ -111.68421610844581, 40.646141953345357 ], [ -111.684139130883437, 40.646016287687225 ], [ -111.68408594453264, 40.645903994079504 ], [ -111.684025524529332, 40.645778230249441 ], [ -111.683963968094432, 40.645656977464036 ], [ -111.683895407991884, 40.645544774818788 ], [ -111.683849318269765, 40.645432439061686 ], [ -111.683811507166567, 40.645320054260338 ], [ -111.683788071695631, 40.645225601714422 ], [ -111.683781101232441, 40.645122042969 ], [ -111.683735195864031, 40.64502772346097 ], [ -111.683681471829914, 40.64497849371336 ], [ -111.683621215856718, 40.645100467867238 ], [ -111.683513896081948, 40.645362355383362 ], [ -111.683407390568306, 40.645588203183209 ], [ -111.683331001778413, 40.645867924843039 ], [ -111.683468133042425, 40.646209443733909 ], [ -111.683721028425623, 40.64653676401776 ], [ -111.683979425753733, 40.646823512008197 ], [ -111.684200932565133, 40.647087956253159 ], [ -111.684429675220798, 40.647365870210734 ], [ -111.684780788121458, 40.647697110244522 ], [ -111.685148093568117, 40.647992218338203 ], [ -111.685482194773371, 40.64827851366379 ], [ -111.685909685561867, 40.648559748961155 ], [ -111.686275616440724, 40.648719731200799 ], [ -111.686344443591054, 40.64874184385733 ] ] ] ] } },
{ "type": "Feature", "properties": { "xid": 57, "name": "ROAD BANK SLIDES", "size_of_sl": null, "return_int": null, "starting_z": null, "vertical_f": null, "distance_t": null, "starting_1": null, "Shape__Are": 10733.64, "Shape__Len": 443.64845222899999 }, "geometry": { "type": "MultiPolygon", "coordinates": [ [ [ [ -111.658357863223557, 40.650920043263575 ], [ -111.658311603470551, 40.650906793957738 ], [ -111.658252068003989, 40.650866594224915 ], [ -111.658189813068844, 40.650790375177927 ], [ -111.658136975933502, 40.650709598071423 ], [ -111.658129622832973, 40.650683514761397 ], [ -111.658174248246098, 40.6506508291058 ], [ -111.658274161275742, 40.650587198700379 ], [ -111.65838108198858, 40.650514519556765 ], [ -111.658541269778254, 40.650446040891431 ], [ -111.658701466096559, 40.65037846282474 ], [ -111.658832208979121, 40.65032276389239 ], [ -111.659044480301006, 40.650258491701095 ], [ -111.659265991403231, 40.650171644625907 ], [ -111.659494997386759, 40.650125293455858 ], [ -111.659715590880566, 40.650065476849178 ], [ -111.659937455448471, 40.650014661253664 ], [ -111.66011263206218, 40.65002717301531 ], [ -111.660226617712894, 40.65007156483064 ], [ -111.660287691543587, 40.650147789539098 ], [ -111.660273337191569, 40.650251471626447 ], [ -111.660234795428067, 40.650301239831563 ], [ -111.660165635744448, 40.650364696116831 ], [ -111.660074119392931, 40.650439991464459 ], [ -111.659960121997088, 40.650514514357575 ], [ -111.659861260324234, 40.650564627167455 ], [ -111.659754341156571, 40.650637307669179 ], [ -111.65964746611175, 40.650714492167268 ], [ -111.659487544902234, 40.650809996927627 ], [ -111.65931776230056, 40.650865018642378 ], [ -111.659158340433251, 40.650891153139156 ], [ -111.658953004172503, 40.650939170309279 ], [ -111.658823212578838, 40.650971441338811 ], [ -111.658686058649621, 40.650976728132811 ], [ -111.658594943123433, 40.650972743497761 ], [ -111.658418360179624, 40.650937715719536 ], [ -111.658357863223557, 40.650920043263575 ] ] ] ] } },
{ "type": "Feature", "properties": { "xid": 58, "name": null, "size_of_sl": null, "return_int": null, "starting_z": null, "vertical_f": null, "distance_t": null, "starting_1": null, "Shape__Are": 100740.04, "Shape__Len": 1281.72309533 }, "geometry": { "type": "MultiPolygon", "coordinates": [ [ [ [ -111.64780869475743, 40.649239225967655 ], [ -111.647716174814207, 40.64933433633265 ], [ -111.647640169124585, 40.649424849651822 ], [ -111.647579669218757, 40.649528789015172 ], [ -111.647525917153132, 40.649596655703341 ], [ -111.647464938038851, 40.649651049837523 ], [ -111.647373164483795, 40.649701112234794 ], [ -111.64726715457671, 40.649746750009228 ], [ -111.647160092341394, 40.649805906634882 ], [ -111.647068579392979, 40.64988299343058 ], [ -111.646999494566188, 40.649955450139558 ], [ -111.646938558197505, 40.650014348104584 ], [ -111.646862376712676, 40.65008684448933 ], [ -111.646801570576073, 40.65015925470189 ], [ -111.646754957105088, 40.6502315853906 ], [ -111.646702342894386, 40.650294940967001 ], [ -111.64661814255976, 40.650394508196875 ], [ -111.646543186509334, 40.650471501855613 ], [ -111.646442166568676, 40.650544137029719 ], [ -111.646312717191918, 40.650612426891335 ], [ -111.646198339029013, 40.650649101819901 ], [ -111.646030693945207, 40.650681570308414 ], [ -111.645885390499927, 40.650700400540593 ], [ -111.645748322743174, 40.650714680184706 ], [ -111.645595575406489, 40.6506975168816 ], [ -111.645458073578851, 40.650666755109697 ], [ -111.645344270079008, 40.650640365082623 ], [ -111.645182208586178, 40.650638568075472 ], [ -111.644977447005246, 40.650624397172081 ], [ -111.64479491477428, 40.650584877419611 ], [ -111.644641864540162, 40.650536184094264 ], [ -111.644466255834658, 40.650478607768527 ], [ -111.644344000567941, 40.650434246522444 ], [ -111.644245010319224, 40.650349216196304 ], [ -111.644153246665425, 40.650277658521972 ], [ -111.644085007948007, 40.650192456507185 ], [ -111.644025135133049, 40.650116216492762 ], [ -111.643947521500479, 40.650040075380915 ], [ -111.643879586345676, 40.649986402001673 ], [ -111.643779674344586, 40.6499284025112 ], [ -111.64371300872979, 40.649883730655922 ], [ -111.643604601563737, 40.64980325661508 ], [ -111.643467939059789, 40.649736452978111 ], [ -111.643367984527188, 40.649673949013518 ], [ -111.643269126399247, 40.649602430151674 ], [ -111.643192783437655, 40.649535290146403 ], [ -111.643123277498717, 40.649441085904634 ], [ -111.643063190264741, 40.649342324816196 ], [ -111.642979146255087, 40.649212166633816 ], [ -111.642948411147529, 40.649090720281855 ], [ -111.642932964948301, 40.648960180091521 ], [ -111.642925004118652, 40.64887013738435 ], [ -111.642918096338292, 40.648766575757186 ], [ -111.642902823185466, 40.648654051998918 ], [ -111.642865121931862, 40.648546157451833 ], [ -111.642826194878921, 40.648433765362093 ], [ -111.642804214733104, 40.648361818088603 ], [ -111.642787715955834, 40.64824479677722 ], [ -111.642787904647037, 40.648141195627851 ], [ -111.642826026026825, 40.648046392022295 ], [ -111.642848599396714, 40.647933657550851 ], [ -111.642887298134482, 40.647775789774101 ], [ -111.642940750900422, 40.647676396416635 ], [ -111.643016674563142, 40.647576877906616 ], [ -111.64308664133857, 40.647472888167357 ], [ -111.643152973366369, 40.64735990992309 ], [ -111.643214790672545, 40.647269478550911 ], [ -111.643298905730077, 40.647160905516607 ], [ -111.643376071519015, 40.64706768593804 ], [ -111.643421486519372, 40.646993561507934 ], [ -111.643467005247444, 40.646930246928456 ], [ -111.643536090845799, 40.646857792289786 ], [ -111.644115257718752, 40.647187885280232 ], [ -111.646305797949964, 40.648546770441556 ], [ -111.64780869475743, 40.649239225967655 ] ] ] ] } },
{ "type": "Feature", "properties": { "xid": 59, "name": "BUTLER FORK", "size_of_sl": "MINOR", "return_int": "FREQUENT", "starting_z": "7420 FT.", "vertical_f": "300 FT.", "distance_t": "500 FT.", "starting_1": "EAST", "Shape__Are": 16532.915, "Shape__Len": 482.89202493900001 }, "geometry": { "type": "MultiPolygon", "coordinates": [ [ [ [ -111.661536017611169, 40.649237973281366 ], [ -111.66149036292758, 40.649166165243521 ], [ -111.661442342923692, 40.649094370735398 ], [ -111.661428710506598, 40.649031387937825 ], [ -111.661428781409484, 40.648918778807491 ], [ -111.661458731242277, 40.648837528969025 ], [ -111.661520702954235, 40.648765104378583 ], [ -111.661643036838981, 40.648696838254551 ], [ -111.661748030393795, 40.648669210517298 ], [ -111.661879132295383, 40.648650441736272 ], [ -111.662023243834582, 40.648631598221442 ], [ -111.662143701274019, 40.648612890165651 ], [ -111.662298679608156, 40.648616505740492 ], [ -111.662419359630704, 40.648620317866204 ], [ -111.66254035148998, 40.648655658520049 ], [ -111.662657661706163, 40.648677507127175 ], [ -111.662824841577972, 40.648718888506295 ], [ -111.662924349049405, 40.648734532940722 ], [ -111.663147143038728, 40.64877829717166 ], [ -111.663298059941411, 40.648849499960619 ], [ -111.663382701026379, 40.648916578968915 ], [ -111.66339077855072, 40.64901562823551 ], [ -111.663381606101154, 40.649164324434622 ], [ -111.663382676594651, 40.649272422648913 ], [ -111.663366363207658, 40.649416655515878 ], [ -111.663321530738926, 40.649547539160487 ], [ -111.663230233125446, 40.649644456625488 ], [ -111.663123345862999, 40.649719842673512 ], [ -111.662977624692033, 40.649815270721945 ], [ -111.662878677194342, 40.649856377911263 ], [ -111.662741436808403, 40.649852661318405 ], [ -111.662605022737068, 40.649812905035667 ], [ -111.662483716935611, 40.649746035824627 ], [ -111.662382651220824, 40.649692563429149 ], [ -111.662215041724977, 40.649607942140754 ], [ -111.662070037820584, 40.649536704044266 ], [ -111.66195600737916, 40.649487809953683 ], [ -111.661787438699776, 40.649425715280856 ], [ -111.661680415957946, 40.649367772057083 ], [ -111.661581494461558, 40.649291764924108 ], [ -111.661536017611169, 40.649237973281366 ] ] ] ] } },
{ "type": "Feature", "properties": { "xid": 60, "name": "LAUREL PINES", "size_of_sl": "MINOR TO SIGNIFICANT", "return_int": "FREQUENT", "starting_z": "7500 FT.", "vertical_f": "400 FT.", "distance_t": "700 FT.", "starting_1": "SE", "Shape__Are": 42210.545, "Shape__Len": 783.15298919700001 }, "geometry": { "type": "MultiPolygon", "coordinates": [ [ [ [ -111.663849445044391, 40.648035548570633 ], [ -111.663859196575018, 40.647945405521739 ], [ -111.663880774951252, 40.647855194476648 ], [ -111.663909360109471, 40.647755934442344 ], [ -111.663957046681375, 40.647674581969589 ], [ -111.664017698000549, 40.647588650575337 ], [ -111.66408676187622, 40.647516183817601 ], [ -111.664178207207897, 40.647434579588158 ], [ -111.664308278724349, 40.647312213932246 ], [ -111.664445445817563, 40.647189807300187 ], [ -111.66459807652322, 40.647076320205876 ], [ -111.66475066201923, 40.646958328818833 ], [ -111.664935000218961, 40.646822136991787 ], [ -111.665078570351398, 40.646749240583254 ], [ -111.665261436501908, 40.646703143715442 ], [ -111.665437474832615, 40.646684112005666 ], [ -111.665627928801314, 40.646687518683606 ], [ -111.665772455757192, 40.646711008990472 ], [ -111.665931273310136, 40.646744326274643 ], [ -111.666107938510351, 40.646788350828231 ], [ -111.666306850655147, 40.646809724994604 ], [ -111.666527678314992, 40.646894033220505 ], [ -111.666665585101825, 40.646965306726869 ], [ -111.666841292847693, 40.647031857430697 ], [ -111.666916518578859, 40.647103492587782 ], [ -111.666947161571514, 40.647211419997028 ], [ -111.666924584207635, 40.647319654783757 ], [ -111.666864071382264, 40.647419099949055 ], [ -111.666787225004185, 40.64754116114473 ], [ -111.666695827559124, 40.647627271505485 ], [ -111.666604474697792, 40.647717885884958 ], [ -111.666489512689054, 40.647813140809447 ], [ -111.666375553828715, 40.647890372433231 ], [ -111.666245126655923, 40.647976707659943 ], [ -111.666054650638316, 40.648090415211001 ], [ -111.665947876505228, 40.648176613667097 ], [ -111.665841415471775, 40.648294340660577 ], [ -111.665750060548064, 40.648384954369874 ], [ -111.665628044748829, 40.64848475344705 ], [ -111.665451848118465, 40.648607386384292 ], [ -111.665244873749671, 40.648727493757512 ], [ -111.665101594734722, 40.648830117380406 ], [ -111.664948335012951, 40.648880547855619 ], [ -111.664766421939788, 40.648904116993656 ], [ -111.664544252056103, 40.648923413180007 ], [ -111.664360753986571, 40.6489064516635 ], [ -111.664208831775213, 40.648853273444182 ], [ -111.664086254141679, 40.648777404523678 ], [ -111.663956781158632, 40.648602479443994 ], [ -111.663903760314341, 40.648503688617431 ], [ -111.663887537136631, 40.648418199258394 ], [ -111.663865132714662, 40.648305719337444 ], [ -111.663857009954924, 40.648202166004097 ], [ -111.663849199657264, 40.648130141317054 ], [ -111.663849445044391, 40.648035548570633 ] ] ] ] } },
{ "type": "Feature", "properties": { "xid": 61, "name": "WEST MAXFIELD", "size_of_sl": "SIGNIFICANT", "return_int": "INFREQUENT", "starting_z": "8800 FT.", "vertical_f": "1920 FT.", "distance_t": "4000 FT.", "starting_1": "SE", "Shape__Are": 92061.11, "Shape__Len": 2134.78447203 }, "geometry": { "type": "MultiPolygon", "coordinates": [ [ [ [ -111.694253853046348, 40.643742482875339 ], [ -111.694276835971976, 40.643791892528505 ], [ -111.69433798914514, 40.643872603108903 ], [ -111.694384001925926, 40.6439759264399 ], [ -111.69443829314082, 40.64407919996659 ], [ -111.694482796801125, 40.644151001893654 ], [ -111.694543001393058, 40.644254239803551 ], [ -111.694604575570565, 40.644375486832693 ], [ -111.694657684836599, 40.644478767357349 ], [ -111.694727350971903, 40.644581948246547 ], [ -111.694811255514793, 40.644689547767854 ], [ -111.694892981938793, 40.64481517772245 ], [ -111.694986628394886, 40.644949744570411 ], [ -111.695084865565946, 40.64507077066397 ], [ -111.695184379197158, 40.645200797680275 ], [ -111.695322064743834, 40.645362125193152 ], [ -111.695398735156502, 40.645456254787952 ], [ -111.695488742105894, 40.645581834433642 ], [ -111.695588070235416, 40.645693844818062 ], [ -111.695664741405565, 40.645787974224646 ], [ -111.695764163688935, 40.645908992577972 ], [ -111.695842111563891, 40.646012122862423 ], [ -111.695939309569653, 40.646146667500851 ], [ -111.696016075343508, 40.646249804786748 ], [ -111.696077186087081, 40.646326010312244 ], [ -111.69614595451668, 40.646456221791034 ], [ -111.696253176755803, 40.646644757869574 ], [ -111.696314229010653, 40.646829067912009 ], [ -111.69635238963582, 40.646972976853682 ], [ -111.696389274123888, 40.647107884784027 ], [ -111.696442903413057, 40.647260709090666 ], [ -111.69648078361557, 40.647377593598335 ], [ -111.69651984662562, 40.647494470956438 ], [ -111.696541075992855, 40.647602447183253 ], [ -111.696549717472806, 40.647751038440468 ], [ -111.696549846078653, 40.647877159320245 ], [ -111.696514213262716, 40.647976469840941 ], [ -111.696428767188607, 40.648062567753662 ], [ -111.696352501456232, 40.64812158417363 ], [ -111.69623810880789, 40.648153804365194 ], [ -111.696069406139657, 40.648195360524689 ], [ -111.695870761818355, 40.648201062120634 ], [ -111.695649552891737, 40.648197890624481 ], [ -111.695497748319198, 40.648158265943799 ], [ -111.695367185482397, 40.648114008804718 ], [ -111.695253914312573, 40.648026405696541 ], [ -111.69521548887387, 40.647970783169271 ], [ -111.695131766447048, 40.647881200296261 ], [ -111.695063372330694, 40.647787020751728 ], [ -111.695001981012524, 40.64768379032683 ], [ -111.694924032441449, 40.647580659510297 ], [ -111.694863637332688, 40.647459405630677 ], [ -111.69477400266716, 40.647369858064742 ], [ -111.694695914698897, 40.647253214889197 ], [ -111.694635707112056, 40.647149977136422 ], [ -111.694596507492761, 40.647019586910915 ], [ -111.694528737353764, 40.646871351128787 ], [ -111.694490534007286, 40.646722937484192 ], [ -111.69444442574013, 40.646610606130757 ], [ -111.694384079079072, 40.646493856031185 ], [ -111.694338064513914, 40.646390532759256 ], [ -111.694298865937782, 40.646260142407229 ], [ -111.694268319464925, 40.646165734791552 ], [ -111.694254766011241, 40.645999155457332 ], [ -111.694232358222777, 40.645891185856001 ], [ -111.69420774110985, 40.645684133900851 ], [ -111.694169399183764, 40.645522207909025 ], [ -111.694138666581878, 40.645409783976739 ], [ -111.694086040062203, 40.645238935120609 ], [ -111.694032651106966, 40.645108629943188 ], [ -111.693978452966235, 40.64501436437979 ], [ -111.693926293682296, 40.64488855610476 ], [ -111.69386604280615, 40.644780813814222 ], [ -111.693796069946515, 40.644647905554557 ], [ -111.693718591248185, 40.644475404079678 ], [ -111.693636867438087, 40.644349773265105 ], [ -111.693558831657796, 40.644237633282827 ], [ -111.693522513982259, 40.644156773139478 ], [ -111.693459759349068, 40.644035532612982 ], [ -111.69339899725955, 40.64387824529814 ], [ -111.693330097037403, 40.643734519854348 ], [ -111.693248328272531, 40.64360438466661 ], [ -111.693202224301146, 40.643492052722202 ], [ -111.693140839865805, 40.643388821175691 ], [ -111.693079269258178, 40.643267573316322 ], [ -111.693009793386054, 40.643182407654912 ], [ -111.692934171808176, 40.64307475708339 ], [ -111.692850039445133, 40.642944635778598 ], [ -111.692751809455856, 40.642823607680867 ], [ -111.692659772138541, 40.642729568447237 ], [ -111.692574737495946, 40.642626478440732 ], [ -111.692446850741135, 40.642496619239211 ], [ -111.692384797783532, 40.642442939123107 ], [ -111.692208565468405, 40.64232688256493 ], [ -111.69209528966671, 40.64223747452882 ], [ -111.69191177687685, 40.642103443745917 ], [ -111.691783221350036, 40.642023135650128 ], [ -111.691660393037168, 40.641924775705576 ], [ -111.691537658054727, 40.641835423769365 ], [ -111.691353961591432, 40.641683375784496 ], [ -111.691216804307672, 40.641571588093868 ], [ -111.691103391741692, 40.64146866683452 ], [ -111.691004077418626, 40.6413566523985 ], [ -111.690904716987816, 40.641240133799336 ], [ -111.690820683769857, 40.641119019069905 ], [ -111.690759073055844, 40.640993265801505 ], [ -111.690706412332361, 40.640817911103071 ], [ -111.690660407439296, 40.640714586186441 ], [ -111.690629543765553, 40.640588648940124 ], [ -111.690614517566516, 40.640507660481504 ], [ -111.690637472251083, 40.64043995792855 ], [ -111.690660612584082, 40.640390271665758 ], [ -111.690721687268834, 40.640349367206269 ], [ -111.690858491338645, 40.640312514032551 ], [ -111.691034597984768, 40.640302451620997 ], [ -111.691194288295833, 40.640306000256381 ], [ -111.69137772250626, 40.640318415219198 ], [ -111.691515083910602, 40.640335610147844 ], [ -111.691691608938996, 40.640366083390767 ], [ -111.691833747212115, 40.640387753678397 ], [ -111.691973799548123, 40.640436462397524 ], [ -111.692086932552073, 40.640512358389806 ], [ -111.692155314939257, 40.640606539910273 ], [ -111.692202662800653, 40.640725170971486 ], [ -111.692208304968574, 40.640813422428643 ], [ -111.692217885668768, 40.640939486821736 ], [ -111.69221682336611, 40.641065615009971 ], [ -111.692222856437667, 40.641191700662901 ], [ -111.692263416575088, 40.641340101087735 ], [ -111.692299963838963, 40.641443482048196 ], [ -111.692369855842955, 40.641569184825528 ], [ -111.692430194452342, 40.641685936141855 ], [ -111.692546067661425, 40.641797850031971 ], [ -111.692651158403891, 40.641896315428475 ], [ -111.692758474907592, 40.641981254324776 ], [ -111.692895868468611, 40.642115560499974 ], [ -111.693025934168659, 40.642227388736956 ], [ -111.693170191293319, 40.642339131638671 ], [ -111.693277555768105, 40.642428574104635 ], [ -111.693407529490841, 40.642531393756514 ], [ -111.693514038336389, 40.64265237158105 ], [ -111.693590609822564, 40.642737494328195 ], [ -111.693696449685504, 40.642908023836583 ], [ -111.693772025652223, 40.643011169834708 ], [ -111.693881227630087, 40.643163661569169 ], [ -111.693978604113184, 40.643316224263671 ], [ -111.694032614226316, 40.643392473592989 ], [ -111.69410851788696, 40.643527147830127 ], [ -111.694138736241754, 40.643590027067106 ], [ -111.694194022699605, 40.643675277340989 ], [ -111.694253853046348, 40.643742482875339 ] ] ] ] } },
{ "type": "Feature", "properties": { "xid": 62, "name": "MAXFIELD", "size_of_sl": "SIGNIFICANT", "return_int": "FREQUENT", "starting_z": "8400 FT.", "vertical_f": "1500 FT.", "distance_t": "2500 FT.", "starting_1": "SE - E", "Shape__Are": 206894.975, "Shape__Len": 2126.2033826500001 }, "geometry": { "type": "MultiPolygon", "coordinates": [ [ [ [ -111.692233933430046, 40.647071610548643 ], [ -111.692134709737516, 40.647198327012255 ], [ -111.691951729025959, 40.647460675689757 ], [ -111.691616108629589, 40.647602321054215 ], [ -111.691349474636283, 40.647666978559748 ], [ -111.691136014171306, 40.647726812860704 ], [ -111.690670713742051, 40.647909770680435 ], [ -111.690617075181123, 40.647869552380328 ], [ -111.6904875594646, 40.647811770413149 ], [ -111.690357904724635, 40.647740476093404 ], [ -111.690204550308749, 40.647664818939894 ], [ -111.690044192969651, 40.647598212120933 ], [ -111.689860043303938, 40.647518234181597 ], [ -111.689693726915607, 40.647447158126788 ], [ -111.689525370043597, 40.647407624438451 ], [ -111.689304744071038, 40.647345880797424 ], [ -111.68911382426208, 40.647297472498579 ], [ -111.688847121205114, 40.647240507291734 ], [ -111.688716749669751, 40.647214258856522 ], [ -111.688685166826048, 40.647133368983795 ], [ -111.688518739158752, 40.646936170184752 ], [ -111.688389741108281, 40.646698208887834 ], [ -111.688281383971798, 40.64639706354788 ], [ -111.688205355476555, 40.646019151515041 ], [ -111.688207541348987, 40.645771399373075 ], [ -111.688114957101789, 40.645393585905452 ], [ -111.688059478021174, 40.644943481679498 ], [ -111.687801355252532, 40.644454045426009 ], [ -111.687519418234046, 40.644063846013729 ], [ -111.687176340034654, 40.643592931445717 ], [ -111.68696218792374, 40.643238362003927 ], [ -111.686771523036697, 40.64298274815657 ], [ -111.686596123573992, 40.642600921409219 ], [ -111.686482941528666, 40.64217368100902 ], [ -111.686298685014478, 40.641850462963809 ], [ -111.686023573252939, 40.64166291492274 ], [ -111.685673147327293, 40.641511848246303 ], [ -111.685582134794487, 40.64117005790888 ], [ -111.685795471384736, 40.640984112733015 ], [ -111.68603170883965, 40.640840372018914 ], [ -111.686367276944338, 40.640926663278762 ], [ -111.686893643902792, 40.641166768482805 ], [ -111.687023772050395, 40.641170498721962 ], [ -111.68715308715926, 40.641210268462956 ], [ -111.687237464959736, 40.641250305500961 ], [ -111.687358964419474, 40.641335165034917 ], [ -111.687457949190659, 40.641415654124145 ], [ -111.687511904149858, 40.641487402525193 ], [ -111.687633912829355, 40.641621806593285 ], [ -111.687716527250345, 40.641720410338138 ], [ -111.687817065474206, 40.641836924666435 ], [ -111.687938936678208, 40.6419578161685 ], [ -111.688076413115141, 40.642101136307375 ], [ -111.688213751356088, 40.642230944050283 ], [ -111.688366463723341, 40.642360659980561 ], [ -111.688510778244051, 40.642478714465369 ], [ -111.688647775544112, 40.642575191522823 ], [ -111.688801440616103, 40.64268237943552 ], [ -111.688969389904614, 40.64279849061716 ], [ -111.689152435534638, 40.64288748536022 ], [ -111.68936718000127, 40.64295376883242 ], [ -111.689624405606011, 40.64301078951533 ], [ -111.689792751449218, 40.643050323178706 ], [ -111.689976656770725, 40.643107781026139 ], [ -111.690235205264329, 40.643178305488114 ], [ -111.690448629869195, 40.643231081782744 ], [ -111.690640003251048, 40.643324528710203 ], [ -111.690814820734445, 40.643418074361591 ], [ -111.690945603679538, 40.643484857138503 ], [ -111.691105001682672, 40.643573990257863 ], [ -111.691189617122376, 40.643636544702062 ], [ -111.691273189523343, 40.643712618373456 ], [ -111.691327011005839, 40.643770852703547 ], [ -111.691364043671001, 40.643806665781597 ], [ -111.691433239236673, 40.643864808013966 ], [ -111.69149547871362, 40.64393650490458 ], [ -111.691570773550751, 40.64401262792277 ], [ -111.691647251173279, 40.644088743806137 ], [ -111.691722778860424, 40.644187387069557 ], [ -111.691799303362899, 40.644268006916583 ], [ -111.691898902469504, 40.644407044983105 ], [ -111.691981759211671, 40.644528165896425 ], [ -111.692074123769444, 40.644653734112694 ], [ -111.692142603508074, 40.644756923677008 ], [ -111.692226597221406, 40.644873533242915 ], [ -111.692272421309625, 40.644958841143783 ], [ -111.692341087846927, 40.645080046854076 ], [ -111.692387284604436, 40.645201387251156 ], [ -111.692424923783861, 40.645295752856946 ], [ -111.692462749282328, 40.645408134720533 ], [ -111.692501710993326, 40.645516005408297 ], [ -111.692539955775629, 40.645668923851261 ], [ -111.692578293859881, 40.645830850411535 ], [ -111.692607841405987, 40.645943281864177 ], [ -111.692645807290049, 40.646069175852183 ], [ -111.692646114764287, 40.646213313102372 ], [ -111.69264651537776, 40.646366458483328 ], [ -111.692615449924503, 40.646564836062176 ], [ -111.692562584222927, 40.646713796567724 ], [ -111.692547284124828, 40.646835505677998 ], [ -111.692485813514722, 40.646952987326678 ], [ -111.69239431052705, 40.647025605561566 ], [ -111.692233933430046, 40.647071610548643 ] ] ] ] } },
{ "type": "Feature", "properties": { "xid": 63, "name": null, "size_of_sl": null, "return_int": null, "starting_z": null, "vertical_f": null, "distance_t": null, "starting_1": null, "Shape__Are": 5775.7, "Shape__Len": 298.11039885700001 }, "geometry": { "type": "MultiPolygon", "coordinates": [ [ [ [ -111.666676325881738, 40.646618409773154 ], [ -111.666606996840443, 40.646663853513886 ], [ -111.666569241177569, 40.646673080161982 ], [ -111.666477306922133, 40.646705141259474 ], [ -111.666386420838748, 40.646723683184909 ], [ -111.666286942469569, 40.646710744166349 ], [ -111.666202704427562, 40.646684204087499 ], [ -111.666088810254109, 40.646648826314959 ], [ -111.665958403668128, 40.646618048010325 ], [ -111.665851695249444, 40.646591637261935 ], [ -111.665813312835013, 40.646537806374077 ], [ -111.665836473689865, 40.646488124976329 ], [ -111.665912675201298, 40.646420120313138 ], [ -111.666019312281165, 40.646320409608748 ], [ -111.666142371896925, 40.646207091017729 ], [ -111.666233633774354, 40.646107468807301 ], [ -111.666332170493078, 40.646025821947717 ], [ -111.666409087814088, 40.646029882432344 ], [ -111.666507427347227, 40.646047332272978 ], [ -111.666630602680556, 40.646064638656725 ], [ -111.666706292584294, 40.646064201678541 ], [ -111.666790261069394, 40.646063716847813 ], [ -111.666897748140059, 40.646049583081236 ], [ -111.667019606387584, 40.646053383604972 ], [ -111.667095744758598, 40.646097987285167 ], [ -111.66714890289532, 40.646210288938541 ], [ -111.667126012216272, 40.646286995140343 ], [ -111.667064542178096, 40.646408967706684 ], [ -111.666997713469073, 40.646467910289317 ], [ -111.666896497748098, 40.646518042731728 ], [ -111.66682817229885, 40.646545463409211 ], [ -111.666751702626215, 40.646586444121525 ], [ -111.666676325881738, 40.646618409773154 ] ] ] ] } },
{ "type": "Feature", "properties": { "xid": 64, "name": "ROCK HOUSE", "size_of_sl": "MINOR TO SIGNIFICANT", "return_int": "OCCASIONAL", "starting_z": "8800 FT.", "vertical_f": "1920 FT.", "distance_t": "3800 FT.", "starting_1": "SE- E", "Shape__Are": 272925.38, "Shape__Len": 3875.06620823 }, "geometry": { "type": "MultiPolygon", "coordinates": [ [ [ [ -111.697751542351938, 40.64038367873124 ], [ -111.697875230846222, 40.640450496558145 ], [ -111.69797399222405, 40.640508456218491 ], [ -111.698050426084123, 40.640580063813495 ], [ -111.698149563222131, 40.640674055851207 ], [ -111.698210952790348, 40.640777284740402 ], [ -111.698279860310237, 40.640921007284028 ], [ -111.698348486481578, 40.641037705385088 ], [ -111.698409013365549, 40.641171568956146 ], [ -111.698485786499205, 40.641275605517414 ], [ -111.698539415699685, 40.641428429003142 ], [ -111.698607142043201, 40.641572158477551 ], [ -111.698660489986324, 40.64169795750427 ], [ -111.69875253422039, 40.641791991914118 ], [ -111.698828539415473, 40.641935671152169 ], [ -111.698912588070868, 40.642056779909375 ], [ -111.699003920450352, 40.642195861907886 ], [ -111.699096012850049, 40.642294400090492 ], [ -111.699179592451245, 40.642370467997161 ], [ -111.699240985190031, 40.64247369628265 ], [ -111.699332271818108, 40.642608273937363 ], [ -111.699407997109873, 40.642724928374264 ], [ -111.699515605568394, 40.642836885277738 ], [ -111.699583953726417, 40.642926558192364 ], [ -111.699683049481408, 40.643016044765972 ], [ -111.699742931734008, 40.643087751486298 ], [ -111.699881477026537, 40.643217537961057 ], [ -111.699996276774058, 40.643338459513814 ], [ -111.700125174014119, 40.643450286782141 ], [ -111.700232737771657, 40.643557738921629 ], [ -111.700323698339574, 40.643660787304768 ], [ -111.700476201778912, 40.643767966658736 ], [ -111.700621723096532, 40.643885998604276 ], [ -111.700758881862726, 40.643995973286067 ], [ -111.700903485424007, 40.644139234782465 ], [ -111.701040758278495, 40.644260018862639 ], [ -111.701162940430279, 40.64440792048795 ], [ -111.701262700495434, 40.644560462493509 ], [ -111.701400116322787, 40.644694758305718 ], [ -111.701483273457868, 40.644842896610221 ], [ -111.701567613591735, 40.644991027663004 ], [ -111.701651812591948, 40.645125646468678 ], [ -111.701804129659678, 40.645327416428678 ], [ -111.701872813748111, 40.645448616317466 ], [ -111.701964345731355, 40.645605712039611 ], [ -111.702055500561698, 40.645726775212069 ], [ -111.702216240363398, 40.645942006429955 ], [ -111.702263685426018, 40.646067839571337 ], [ -111.702309237534692, 40.646238727655231 ], [ -111.702353182255194, 40.646369086386585 ], [ -111.702398498694166, 40.646517454134091 ], [ -111.702406149778369, 40.646683167487147 ], [ -111.702391870801733, 40.646787755142128 ], [ -111.702368121054263, 40.64689149953081 ], [ -111.702353358178343, 40.647062754420794 ], [ -111.702346260035483, 40.647175406207076 ], [ -111.702346210656245, 40.647283510773931 ], [ -111.702270187146937, 40.647365051345808 ], [ -111.702178363854244, 40.647406148845405 ], [ -111.702055555011967, 40.647424912940181 ], [ -111.701918554054529, 40.647443763173584 ], [ -111.701766367024788, 40.647480722913016 ], [ -111.701636603414954, 40.647513041861423 ], [ -111.701522308748622, 40.647554275377161 ], [ -111.701362219768811, 40.647627317344018 ], [ -111.701262211126291, 40.64767747251954 ], [ -111.7011552005619, 40.647736678812691 ], [ -111.701018622886977, 40.647796064506942 ], [ -111.700833790771824, 40.647878264637505 ], [ -111.700712775798735, 40.647955572891689 ], [ -111.700614222065951, 40.648031843872261 ], [ -111.700499223588437, 40.648119024954383 ], [ -111.700315907770118, 40.648120136863973 ], [ -111.700087461715327, 40.648103504729136 ], [ -111.699919144328078, 40.648068490322636 ], [ -111.699721071899262, 40.648015638600569 ], [ -111.699569077269658, 40.647958003050526 ], [ -111.699423755749635, 40.64785978778103 ], [ -111.699355449697848, 40.647774618947302 ], [ -111.699293666280056, 40.647634457567847 ], [ -111.699256644014667, 40.647486939260105 ], [ -111.699187492413401, 40.6473206972341 ], [ -111.699111451976677, 40.64717431598622 ], [ -111.699056991216821, 40.647055730986075 ], [ -111.698996730128599, 40.646947991496944 ], [ -111.698919771021522, 40.646826840006078 ], [ -111.698813817634829, 40.646647307438911 ], [ -111.69872134376871, 40.646512736660945 ], [ -111.69861553232397, 40.646346716078078 ], [ -111.698531525672593, 40.646230111295871 ], [ -111.698439006002374, 40.646091036210862 ], [ -111.69836337240173, 40.645983389347741 ], [ -111.698226391517622, 40.645777017775274 ], [ -111.698157619777845, 40.645646807547777 ], [ -111.698080419668884, 40.645502234319743 ], [ -111.698035310582725, 40.645372781831121 ], [ -111.698012943861329, 40.645269317063125 ], [ -111.697951268854027, 40.645139063801487 ], [ -111.69791291822807, 40.644977139109372 ], [ -111.697852191745966, 40.644824358319823 ], [ -111.697783562462647, 40.644707660024835 ], [ -111.697669431001003, 40.644537184440196 ], [ -111.697569960475619, 40.64441166364626 ], [ -111.697470396549789, 40.644277134632397 ], [ -111.697379205081845, 40.644151563661268 ], [ -111.697287779583419, 40.644003472289505 ], [ -111.697172655461017, 40.643851019573184 ], [ -111.69705161883833, 40.643698602426902 ], [ -111.696975182431459, 40.64362699422977 ], [ -111.696799138057898, 40.643416352280234 ], [ -111.696669871725263, 40.643268488726079 ], [ -111.696539517016589, 40.64312964028413 ], [ -111.696387922985693, 40.642995424126177 ], [ -111.696273130296291, 40.642874498920555 ], [ -111.696143057956775, 40.642762674408438 ], [ -111.696052105011105, 40.642659622653234 ], [ -111.695937304150647, 40.642537796283655 ], [ -111.695830894049863, 40.642426729674256 ], [ -111.695730481391621, 40.642323734658945 ], [ -111.695647714216349, 40.642211624557874 ], [ -111.69561712101482, 40.642112713165858 ], [ -111.695608716299787, 40.641986642010529 ], [ -111.695624150126434, 40.641878444651169 ], [ -111.695662380104167, 40.641801640407863 ], [ -111.695701044335237, 40.641652763939867 ], [ -111.69571666500434, 40.641562582835995 ], [ -111.695700449864091, 40.641481602229582 ], [ -111.695668393798286, 40.641355673551715 ], [ -111.695632121956578, 40.641279318108083 ], [ -111.69605129449242, 40.640646183238651 ], [ -111.695837546480774, 40.640561888763564 ], [ -111.695692760940389, 40.640513213253875 ], [ -111.695517089088995, 40.640451210540398 ], [ -111.69539595497109, 40.640402392202986 ], [ -111.695289198529593, 40.640371504574198 ], [ -111.695174024178016, 40.640327154469745 ], [ -111.695105109426805, 40.640296038857919 ], [ -111.694998540145136, 40.640283167236113 ], [ -111.694860851074026, 40.640234447968332 ], [ -111.694716253719704, 40.640203787499914 ], [ -111.694578751758883, 40.640173084172716 ], [ -111.694442292433521, 40.640128861358129 ], [ -111.694396033227477, 40.640115626481112 ], [ -111.694228641388904, 40.640053572008362 ], [ -111.694091046645582, 40.640013859953818 ], [ -111.693991610558612, 40.640004548006722 ], [ -111.693930081107624, 40.640001314283971 ], [ -111.69396138691134, 40.640055178372066 ], [ -111.693976090519001, 40.640104637873428 ], [ -111.693999771668445, 40.640221608686055 ], [ -111.694037643466999, 40.64033849420457 ], [ -111.694090655266891, 40.640432766954291 ], [ -111.694175362774772, 40.640504327394865 ], [ -111.694274121076916, 40.640562290244645 ], [ -111.694365830911238, 40.640624799742206 ], [ -111.694433936533713, 40.640691955464568 ], [ -111.694503411576918, 40.640777120312016 ], [ -111.694533909131607, 40.640867023900931 ], [ -111.694493406622215, 40.640952850152651 ], [ -111.694433983062865, 40.641038790173958 ], [ -111.694359139389121, 40.641120318534604 ], [ -111.694272329909779, 40.641188405736465 ], [ -111.694166599243999, 40.641256606614562 ], [ -111.694029701825869, 40.641284455562648 ], [ -111.69388528913116, 40.641271810354496 ], [ -111.693770533838332, 40.641267995493003 ], [ -111.693663776740138, 40.641237106371243 ], [ -111.693572020086307, 40.641170092253823 ], [ -111.693526476713458, 40.641111809228207 ], [ -111.693450186867395, 40.641053710822469 ], [ -111.69344987784352, 40.640909573460149 ], [ -111.693441477386884, 40.640783502086322 ], [ -111.693442630608999, 40.64066638204141 ], [ -111.693465116357117, 40.640553638241457 ], [ -111.693510693628966, 40.640386703547861 ], [ -111.693550824129261, 40.640264845056095 ], [ -111.693549751928515, 40.640161251419364 ], [ -111.69354200403022, 40.640098237035275 ], [ -111.693526071586163, 40.640044280506629 ], [ -111.693442297549765, 40.640062801001989 ], [ -111.693373989730688, 40.640090237275302 ], [ -111.69329872639689, 40.640131228321096 ], [ -111.693198489760491, 40.640158856177855 ], [ -111.693106335184382, 40.640167517163732 ], [ -111.692977121130326, 40.640137663052762 ], [ -111.692916531953628, 40.640111000520804 ], [ -111.692824777596755, 40.640043985777872 ], [ -111.692709419165453, 40.639981616906375 ], [ -111.692649640324248, 40.639918914560361 ], [ -111.692633941418052, 40.639887478262182 ], [ -111.692626380634195, 40.639842480095723 ], [ -111.692663849410295, 40.639806220543534 ], [ -111.692748805887589, 40.639787693518961 ], [ -111.692862143210249, 40.639768996152398 ], [ -111.693044021022175, 40.63974538299744 ], [ -111.693175096232736, 40.639726578868562 ], [ -111.693328406543614, 40.63968511933647 ], [ -111.693434368659567, 40.639639439579291 ], [ -111.693548794833006, 40.639611726297574 ], [ -111.693648890636339, 40.639570585927316 ], [ -111.693717244441373, 40.639547653565735 ], [ -111.693778503003145, 40.639524763791115 ], [ -111.693885294724524, 40.639559256094877 ], [ -111.694006855384984, 40.639649513500487 ], [ -111.694121031893587, 40.639711888182241 ], [ -111.694227973405518, 40.63976079319103 ], [ -111.694274139002687, 40.639765019996851 ], [ -111.694434388254578, 40.639822613009358 ], [ -111.694632236233062, 40.639856557011733 ], [ -111.694777977978148, 40.639883607222728 ], [ -111.694929623192465, 40.639909720853126 ], [ -111.695059795935862, 40.639917946123539 ], [ -111.695197250856154, 40.639944144811942 ], [ -111.695403564310567, 40.639996053930666 ], [ -111.695471071964448, 40.640005556955792 ], [ -111.695508726272749, 40.639987312771332 ], [ -111.695486599096668, 40.639906367718893 ], [ -111.695349765830798, 40.639826113417705 ], [ -111.695167094331211, 40.639773161010282 ], [ -111.695021035011507, 40.639715483612314 ], [ -111.694799200316012, 40.639649253268296 ], [ -111.694609247770686, 40.639578326376494 ], [ -111.69442648416765, 40.639516364643292 ], [ -111.694365708306151, 40.639471686585274 ], [ -111.694296561477401, 40.639418050120838 ], [ -111.694281764461181, 40.639359582512881 ], [ -111.694289715508646, 40.639328004247318 ], [ -111.694311670222604, 40.639278324378338 ], [ -111.694403767400189, 40.639264257555155 ], [ -111.694586343549474, 40.639308203049325 ], [ -111.69480850381089, 40.639405962311351 ], [ -111.694982896311558, 40.639458965117882 ], [ -111.695135816615803, 40.639494079510406 ], [ -111.695319482919231, 40.639529008576027 ], [ -111.69550215386748, 40.639581960749084 ], [ -111.695722993530751, 40.639666213142057 ], [ -111.695860822356408, 40.63972844359904 ], [ -111.695998744999173, 40.639799682027061 ], [ -111.696112773866943, 40.639847641699554 ], [ -111.696219539198495, 40.639879429387257 ], [ -111.696310678891891, 40.639886987701075 ], [ -111.696403019866835, 40.639896340438824 ], [ -111.696509073810248, 40.639859666013692 ], [ -111.696494415208463, 40.63981471091634 ], [ -111.696395422084095, 40.639734229620643 ], [ -111.696235264991643, 40.639685647478807 ], [ -111.696058505866631, 40.63963266083443 ], [ -111.695937410271981, 40.639587446304674 ], [ -111.695808009051248, 40.639539579081728 ], [ -111.695701020001422, 40.639486171471226 ], [ -111.695601173058833, 40.639437225090916 ], [ -111.695502462043976, 40.63938376743058 ], [ -111.695380194087249, 40.639339460243896 ], [ -111.695251111502742, 40.639322220064969 ], [ -111.695105380143403, 40.639296071254158 ], [ -111.6949525537281, 40.639269964957442 ], [ -111.694823377978167, 40.639243716156862 ], [ -111.694670224949817, 40.639186080988608 ], [ -111.69463229072565, 40.639177300474763 ], [ -111.694632959678884, 40.639127748581053 ], [ -111.694714989357195, 40.63905518549398 ], [ -111.694802029146757, 40.639009618315235 ], [ -111.694877056774331, 40.638946105945173 ], [ -111.694997969017606, 40.638859795623397 ], [ -111.695051897805158, 40.638814427526107 ], [ -111.695120965663733, 40.638746446515256 ], [ -111.695181980038811, 40.638700134834671 ], [ -111.69523492231464, 40.638673690868792 ], [ -111.695289986576896, 40.638623811471369 ], [ -111.695326457648164, 40.638605574467796 ], [ -111.695410276068145, 40.638591556690706 ], [ -111.695532636168807, 40.638644872003283 ], [ -111.695654987111666, 40.638697286370039 ], [ -111.695731191966217, 40.638747276022691 ], [ -111.695814941016522, 40.63884046194535 ], [ -111.695891473561545, 40.638921979978541 ], [ -111.695968137271691, 40.639016109353705 ], [ -111.696050610898268, 40.639100294083164 ], [ -111.696150513806643, 40.639154644962552 ], [ -111.696264962860823, 40.639243141122726 ], [ -111.696364866155022, 40.639297491812144 ], [ -111.696448064411001, 40.639337529238631 ], [ -111.696592979031834, 40.639398815220446 ], [ -111.696653625185732, 40.639430880702498 ], [ -111.696760614893435, 40.639484287425383 ], [ -111.696860415900559, 40.639528728726702 ], [ -111.696981877404468, 40.639609074017962 ], [ -111.69702023381798, 40.639658390369412 ], [ -111.697050781061606, 40.639752797355563 ], [ -111.697051343285665, 40.639806846173407 ], [ -111.697126920820367, 40.639909990017259 ], [ -111.697257787418067, 40.639984873012175 ], [ -111.697356744443866, 40.640061750299431 ], [ -111.69748534964836, 40.640146556260881 ], [ -111.697584579127849, 40.640249556937114 ], [ -111.697676244686122, 40.640307559719851 ], [ -111.697722832940954, 40.640352321745468 ], [ -111.697751542351938, 40.64038367873124 ] ] ] ] } },
{ "type": "Feature", "properties": { "xid": 65, "name": "ARGENTA CHUTES", "size_of_sl": null, "return_int": null, "starting_z": null, "vertical_f": null, "distance_t": null, "starting_1": null, "Shape__Are": 20024.805, "Shape__Len": 880.26495131700005 }, "geometry": { "type": "MultiPolygon", "coordinates": [ [ [ [ -111.68719037729872, 40.638273208775466 ], [ -111.687236097991459, 40.638349510703456 ], [ -111.687305746256087, 40.638452696323824 ], [ -111.687359024290799, 40.638573996753685 ], [ -111.687433449262784, 40.638681658213187 ], [ -111.687532218060412, 40.638856739984391 ], [ -111.687610098770151, 40.638955372042936 ], [ -111.687670167869712, 40.639046903150629 ], [ -111.687762451978642, 40.639166169352862 ], [ -111.68783091938603, 40.639269361671303 ], [ -111.687877057612639, 40.639386200016048 ], [ -111.687868725474857, 40.639496155850729 ], [ -111.687807492614667, 40.639521744952845 ], [ -111.687630879062468, 40.63948225758071 ], [ -111.687502564720731, 40.639424464987904 ], [ -111.687380745170415, 40.639308077006461 ], [ -111.687212345538143, 40.639146922571101 ], [ -111.68709861995076, 40.639012468704991 ], [ -111.686907153623821, 40.638792894466135 ], [ -111.68674698790592, 40.638627186001024 ], [ -111.68661775298537, 40.638479310816834 ], [ -111.686548965253422, 40.638344589188527 ], [ -111.686502830077643, 40.638227750267575 ], [ -111.68646550921261, 40.638047797975887 ], [ -111.686419143721423, 40.637908438614176 ], [ -111.686365452753023, 40.637746600999613 ], [ -111.686335504311387, 40.637593630956097 ], [ -111.686304864122746, 40.637373099696205 ], [ -111.686289336547134, 40.637242565697818 ], [ -111.686276081772604, 40.637103009478295 ], [ -111.686273591121633, 40.636859789126262 ], [ -111.686282342450426, 40.636675058569601 ], [ -111.686282187364753, 40.636544433196853 ], [ -111.686273109216359, 40.636350799876986 ], [ -111.686304973264271, 40.636228992921275 ], [ -111.686358121735253, 40.63610705945274 ], [ -111.686419870239078, 40.636016605327228 ], [ -111.686518690418694, 40.635966469986329 ], [ -111.686602599764399, 40.635961466770048 ], [ -111.686709252958948, 40.635983354380713 ], [ -111.686823508798895, 40.636054744584882 ], [ -111.686885061323906, 40.63617599607624 ], [ -111.686899314976955, 40.636297528883688 ], [ -111.68690770245162, 40.636423600935437 ], [ -111.686907766422948, 40.636545218139517 ], [ -111.686937715666843, 40.63669818805549 ], [ -111.686945567139873, 40.63688732424967 ], [ -111.686930443491448, 40.637027049206317 ], [ -111.686938156491095, 40.637202673150789 ], [ -111.686960964972599, 40.637351181165336 ], [ -111.686975726924885, 40.637522258810456 ], [ -111.686991625288186, 40.637688825333896 ], [ -111.687028393247544, 40.637814728506392 ], [ -111.687074898470328, 40.637967599853184 ], [ -111.687105615658211, 40.638080025933668 ], [ -111.687137099814919, 40.638151908257051 ], [ -111.68719037729872, 40.638273208775466 ] ] ] ] } },
{ "type": "Feature", "properties": { "xid": 66, "name": "ARGENTA CHUTES", "size_of_sl": null, "return_int": null, "starting_z": null, "vertical_f": null, "distance_t": null, "starting_1": null, "Shape__Are": 52223.069999899999, "Shape__Len": 1599.7859181199999 }, "geometry": { "type": "MultiPolygon", "coordinates": [ [ [ [ -111.692337031258049, 40.637934369826588 ], [ -111.692397133766576, 40.638028600890642 ], [ -111.692445364823186, 40.638118398753612 ], [ -111.692512655799746, 40.638221595355319 ], [ -111.692581259834824, 40.638337396228188 ], [ -111.692671354206041, 40.638472887306953 ], [ -111.692763525294183, 40.63858043886767 ], [ -111.692847558755702, 40.638701552233556 ], [ -111.692916750261901, 40.63875969366071 ], [ -111.692991230900816, 40.638871855532855 ], [ -111.693077434540143, 40.638974037421349 ], [ -111.693099893902669, 40.639087412296682 ], [ -111.69301577684611, 40.639187012878843 ], [ -111.692901677173026, 40.639246254138151 ], [ -111.692787670426682, 40.639314503430924 ], [ -111.692687714138543, 40.63936915527561 ], [ -111.692557915110456, 40.639396959901397 ], [ -111.692467046416908, 40.639415522238494 ], [ -111.692367388049362, 40.639384589332849 ], [ -111.69229824289414, 40.639330951657229 ], [ -111.692229861634246, 40.639236770191687 ], [ -111.692183753168081, 40.639123536902837 ], [ -111.692138706430683, 40.638998585913527 ], [ -111.692056471425744, 40.638822508158484 ], [ -111.691986396905122, 40.638678788808392 ], [ -111.691917607515336, 40.638544971287324 ], [ -111.691840531509072, 40.638410302496766 ], [ -111.691748893736801, 40.638239686057098 ], [ -111.691650533281077, 40.638105144628106 ], [ -111.691588830902646, 40.637970383577638 ], [ -111.691528218323882, 40.637826607257928 ], [ -111.691436535691267, 40.637651486465046 ], [ -111.691360969459055, 40.637548338764361 ], [ -111.691223634898364, 40.637418534631188 ], [ -111.691116674119513, 40.637252513725514 ], [ -111.691100976571818, 40.63722107719348 ], [ -111.691047692897953, 40.637099778508208 ], [ -111.690924989248217, 40.636897816787538 ], [ -111.690856380283975, 40.636781114051267 ], [ -111.6907576059767, 40.636606035106482 ], [ -111.690665973481202, 40.636435417711752 ], [ -111.690559108499855, 40.636278404391476 ], [ -111.690445056378252, 40.636112425228788 ], [ -111.690339096540114, 40.635928380152819 ], [ -111.690215864147092, 40.635789481760469 ], [ -111.69011651346753, 40.635672962292823 ], [ -111.689972220244471, 40.635555810395566 ], [ -111.689781403589748, 40.635399297886181 ], [ -111.689606098815716, 40.635256205492482 ], [ -111.689445271527603, 40.635140953400168 ], [ -111.68927752608856, 40.635042858925054 ], [ -111.689070519388991, 40.634921575829296 ], [ -111.688919431211716, 40.634833291017046 ], [ -111.688736315465533, 40.634735287439646 ], [ -111.688560063574712, 40.634614720862558 ], [ -111.688392948049255, 40.634462569056318 ], [ -111.68832362614873, 40.634390912565486 ], [ -111.688201721959999, 40.634265517124625 ], [ -111.688095374900598, 40.634158046282209 ], [ -111.688041564042749, 40.634099810263841 ], [ -111.687988565847903, 40.634005534524277 ], [ -111.687973313261551, 40.633902025185186 ], [ -111.687988037649845, 40.63383887646927 ], [ -111.688050151792496, 40.633784454123074 ], [ -111.688164616549244, 40.633761250293155 ], [ -111.688325242326442, 40.633742275575592 ], [ -111.68849895803875, 40.633731330436305 ], [ -111.688621847644569, 40.633722489866564 ], [ -111.688789706638445, 40.633716984441811 ], [ -111.688956707256537, 40.633743014391747 ], [ -111.689117842148718, 40.633773583459302 ], [ -111.689301906623541, 40.633849059006081 ], [ -111.689460096938092, 40.633938201806252 ], [ -111.689613696953387, 40.63404088486849 ], [ -111.689780860514787, 40.634197538984608 ], [ -111.689878747783979, 40.634287041381405 ], [ -111.690009929192684, 40.63439436218826 ], [ -111.690102127439232, 40.634505519292567 ], [ -111.690216046049898, 40.63465888744885 ], [ -111.690338418630304, 40.634829321502721 ], [ -111.690460272144151, 40.634949309740954 ], [ -111.690582283887892, 40.635084611709793 ], [ -111.690689193397375, 40.635246129133783 ], [ -111.690787733353091, 40.635398687808184 ], [ -111.690879943572128, 40.635510745065936 ], [ -111.690933179205587, 40.635627539797404 ], [ -111.691008928332963, 40.635748704143566 ], [ -111.691077629367598, 40.635874414970267 ], [ -111.691177539422839, 40.636044982511351 ], [ -111.691245383801061, 40.636202228839863 ], [ -111.691352157330698, 40.636350233362428 ], [ -111.691444276879309, 40.636453281980494 ], [ -111.691528258773033, 40.636569892316146 ], [ -111.69161256633096, 40.636718031116281 ], [ -111.691695691779074, 40.636866176930845 ], [ -111.691795232960061, 40.637000711280429 ], [ -111.691879532360772, 40.63714794905038 ], [ -111.69197198867505, 40.637283426557744 ], [ -111.692039603648851, 40.637418151986566 ], [ -111.692130961898911, 40.637561743775386 ], [ -111.692192525409595, 40.637682992316556 ], [ -111.692237348007083, 40.637786323762974 ], [ -111.69227451738557, 40.63783564883181 ], [ -111.692337031258049, 40.637934369826588 ] ] ] ] } },
{ "type": "Feature", "properties": { "xid": 67, "name": "ARGENTA CHUTES", "size_of_sl": null, "return_int": null, "starting_z": null, "vertical_f": null, "distance_t": null, "starting_1": null, "Shape__Are": 49272.730000099997, "Shape__Len": 1788.7668569 }, "geometry": { "type": "MultiPolygon", "coordinates": [ [ [ [ -111.690007003705858, 40.637211403322631 ], [ -111.690083518075454, 40.637292024485383 ], [ -111.690175405072594, 40.637372553721164 ], [ -111.690258968420252, 40.63744862828181 ], [ -111.690357904435032, 40.637524610881158 ], [ -111.690464260511717, 40.637632079504435 ], [ -111.690541100792231, 40.637744228881786 ], [ -111.690602290287131, 40.637829445682279 ], [ -111.690694503599914, 40.637941503016371 ], [ -111.690754696669231, 40.63804474310502 ], [ -111.690862422457101, 40.638170220568171 ], [ -111.690968641053345, 40.638264176474436 ], [ -111.691113789967517, 40.638348890593626 ], [ -111.691243520105559, 40.638429192471243 ], [ -111.691373343490426, 40.638518502348568 ], [ -111.691456098908603, 40.638630615680391 ], [ -111.691479682157521, 40.638738578931147 ], [ -111.691448544188646, 40.638815339372158 ], [ -111.691357218338496, 40.638904171472944 ], [ -111.691266879630618, 40.638974079311353 ], [ -111.691159316437748, 40.638979227496414 ], [ -111.691014723428665, 40.638948562350301 ], [ -111.690892412733987, 40.638899746303146 ], [ -111.690770913310772, 40.638814890451826 ], [ -111.69065741330769, 40.638702960511822 ], [ -111.690503429646697, 40.638564246417857 ], [ -111.690405349609932, 40.638456728372248 ], [ -111.690311999940349, 40.638349181963541 ], [ -111.690198547886126, 40.638241755626701 ], [ -111.690100607960687, 40.638147749536522 ], [ -111.689970397441712, 40.638020603962268 ], [ -111.68985478549088, 40.637933009339356 ], [ -111.68972577690333, 40.637807658043947 ], [ -111.689618378264484, 40.63771370802862 ], [ -111.689525308956618, 40.637633185413378 ], [ -111.68936641478831, 40.637476481672159 ], [ -111.689281623587448, 40.63739590943878 ], [ -111.689190642198866, 40.637288347960954 ], [ -111.689122267405338, 40.637194164569479 ], [ -111.689083871891242, 40.637140341437039 ], [ -111.689008541381043, 40.637059712543326 ], [ -111.688924748425151, 40.636961116666754 ], [ -111.688870008619077, 40.636812799522424 ], [ -111.688825238161826, 40.636713970782473 ], [ -111.688763820502615, 40.63660623260467 ], [ -111.68873342526247, 40.636525335504253 ], [ -111.688702613528093, 40.63640390168554 ], [ -111.688657565905302, 40.636278048396207 ], [ -111.688641592055035, 40.636219587039747 ], [ -111.688595686145817, 40.636125269325163 ], [ -111.688571296249023, 40.63605334507546 ], [ -111.688542592985371, 40.636021985733819 ], [ -111.688534870962329, 40.636076084036382 ], [ -111.688542891284186, 40.636166123316791 ], [ -111.688550800569473, 40.636245352805446 ], [ -111.688564798111088, 40.636341662539223 ], [ -111.688572957340085, 40.636445214049367 ], [ -111.688610724912238, 40.636553093360753 ], [ -111.688649536244995, 40.63664745336942 ], [ -111.688674111586622, 40.636737393906863 ], [ -111.688719113274004, 40.636858743098635 ], [ -111.688769796118137, 40.63695753661375 ], [ -111.68881688534826, 40.637051847185646 ], [ -111.688855512081545, 40.637128190800063 ], [ -111.688886139247472, 40.637231608246189 ], [ -111.688924139292311, 40.6373620078218 ], [ -111.688954047218616, 40.637510473075217 ], [ -111.688970438412028, 40.637609471068814 ], [ -111.688993924666818, 40.637708426726824 ], [ -111.689007765731787, 40.637789422511872 ], [ -111.689060999980327, 40.637906218072366 ], [ -111.689129745962475, 40.638036434099945 ], [ -111.689222049765334, 40.638157500777474 ], [ -111.689281870156975, 40.638224709032613 ], [ -111.689366986752859, 40.638336809782132 ], [ -111.689428082640191, 40.638413019050851 ], [ -111.689511739147392, 40.638498102287691 ], [ -111.689564835810572, 40.638601385361206 ], [ -111.689557160692146, 40.63865998777996 ], [ -111.689496364868077, 40.638727916085834 ], [ -111.689404823377984, 40.638796027913564 ], [ -111.689321235039884, 40.638832561724712 ], [ -111.689251512592861, 40.638837482246018 ], [ -111.689145039321588, 40.638833613343586 ], [ -111.689046408375503, 40.638787356632129 ], [ -111.688947583081131, 40.638722182712819 ], [ -111.688886394847103, 40.638636965038138 ], [ -111.688824743799017, 40.638506706558836 ], [ -111.688749319455624, 40.638417069370753 ], [ -111.688679761592098, 40.638322892792736 ], [ -111.68861815752426, 40.638197138267849 ], [ -111.688573155086445, 40.638075789070555 ], [ -111.688549854426242, 40.637994849639874 ], [ -111.688481618612201, 40.637914178112361 ], [ -111.688412688940232, 40.63776594537309 ], [ -111.688344849550973, 40.637608697381523 ], [ -111.688291246713632, 40.637455868846445 ], [ -111.688260019013171, 40.637293898220108 ], [ -111.688244950212237, 40.63720840529929 ], [ -111.688206859070831, 40.637068997327894 ], [ -111.688184676956269, 40.636981745045659 ], [ -111.688160933165264, 40.636857566357065 ], [ -111.688107655092267, 40.636736266261963 ], [ -111.688069657004263, 40.636605866387818 ], [ -111.688031474105969, 40.636457450179705 ], [ -111.688000571197662, 40.636327008002723 ], [ -111.687917223405151, 40.636156339044256 ], [ -111.687849386856684, 40.635999090695307 ], [ -111.687810577035052, 40.635904730395012 ], [ -111.687764468342081, 40.635675282886673 ], [ -111.687749261905324, 40.635576277628374 ], [ -111.687757658550311, 40.635472627442851 ], [ -111.687756456824474, 40.635355521351968 ], [ -111.687787273930155, 40.635247233275862 ], [ -111.687818414505941, 40.635170473754265 ], [ -111.687870885446202, 40.635098091525805 ], [ -111.687955282551954, 40.635025519083982 ], [ -111.688047190346666, 40.634993441034837 ], [ -111.688169029368964, 40.634997219399949 ], [ -111.68834431013785, 40.635023200880681 ], [ -111.688473660364338, 40.635067473355029 ], [ -111.688627168942489, 40.635161149541034 ], [ -111.688748983000153, 40.635277536334478 ], [ -111.688877892248016, 40.635393880671572 ], [ -111.68897724036843, 40.635510401231386 ], [ -111.689069169884434, 40.635595435481903 ], [ -111.689143872096963, 40.63573012037228 ], [ -111.689221449064604, 40.635914335959448 ], [ -111.689298516891142, 40.636049006622315 ], [ -111.689374541546201, 40.636197196521849 ], [ -111.689434777321651, 40.636304941437047 ], [ -111.689489008222182, 40.636403713462002 ], [ -111.689535008262865, 40.636507038960929 ], [ -111.68960252485968, 40.636632757725572 ], [ -111.689656709928329, 40.636727025584392 ], [ -111.689732597096267, 40.636861702985847 ], [ -111.68980087967654, 40.636946877862556 ], [ -111.689862113857686, 40.637036599157753 ], [ -111.689893414988504, 40.637090464414136 ], [ -111.689954371202205, 40.637153161194185 ], [ -111.690007003705858, 40.637211403322631 ] ] ] ] } },
{ "type": "Feature", "properties": { "xid": 68, "name": null, "size_of_sl": null, "return_int": null, "starting_z": null, "vertical_f": null, "distance_t": null, "starting_1": null, "Shape__Are": 274964.345, "Shape__Len": 2549.61650272 }, "geometry": { "type": "MultiPolygon", "coordinates": [ [ [ [ -111.625775870748001, 40.639108810930104 ], [ -111.626972723817119, 40.639368076390049 ], [ -111.628566332178465, 40.63981435366324 ], [ -111.631763637375059, 40.64101758759783 ], [ -111.633106788143465, 40.641609311355353 ], [ -111.634609581900008, 40.642321759833749 ], [ -111.63565499556222, 40.64268987169077 ], [ -111.636936856720936, 40.643047661394334 ], [ -111.63695186155708, 40.643133161411782 ], [ -111.636944439631463, 40.643223289485441 ], [ -111.636937146138379, 40.643326929918928 ], [ -111.636906328764837, 40.643444213166795 ], [ -111.636868073079043, 40.643525502575436 ], [ -111.636806293359498, 40.64362043476725 ], [ -111.636738600364595, 40.643715399530677 ], [ -111.636654179275965, 40.643792439055424 ], [ -111.636532128007531, 40.643892207730808 ], [ -111.636409990810805, 40.643982968037257 ], [ -111.63631834491953, 40.644046534062518 ], [ -111.636219560319802, 40.644105634989465 ], [ -111.636119806733589, 40.644187262950183 ], [ -111.635960793132568, 40.644255704131815 ], [ -111.635768751008513, 40.644333335653258 ], [ -111.635646398311437, 40.644401574555168 ], [ -111.635509853757242, 40.644469891431037 ], [ -111.635372040861043, 40.644529206411896 ], [ -111.63518945835358, 40.644606784920235 ], [ -111.635029132085577, 40.644661718970539 ], [ -111.634861624362642, 40.644707683568591 ], [ -111.634685795265483, 40.644749189304441 ], [ -111.634563056760001, 40.644776889974935 ], [ -111.634403698957783, 40.64480929605579 ], [ -111.6342808749406, 40.644827988184538 ], [ -111.634128527461456, 40.644851346668005 ], [ -111.633983318342885, 40.644879170115935 ], [ -111.633829745386379, 40.6448980305776 ], [ -111.633647788927064, 40.644917046586144 ], [ -111.633479896311286, 40.644922472089782 ], [ -111.633274116531382, 40.644923600773581 ], [ -111.633089454062087, 40.644906595894724 ], [ -111.632923645874371, 40.644882280412205 ], [ -111.632778921158533, 40.644836228252373 ], [ -111.63264916266597, 40.644746852098336 ], [ -111.632564344759984, 40.644657229626723 ], [ -111.63251167086969, 40.644589952811117 ], [ -111.632427150956858, 40.644531859097874 ], [ -111.632297478536714, 40.644451490783354 ], [ -111.632168103912988, 40.644402651186724 ], [ -111.63207670119715, 40.64436711667588 ], [ -111.63193195267803, 40.644318360963325 ], [ -111.631832314255618, 40.64428737568327 ], [ -111.631680173044373, 40.644207129605874 ], [ -111.631527061840032, 40.644149410414819 ], [ -111.631375006193068, 40.644078172177821 ], [ -111.631268230179131, 40.644042721076509 ], [ -111.631106926167703, 40.643994054825811 ], [ -111.630970203027331, 40.643918227898673 ], [ -111.630863300250184, 40.643869264042422 ], [ -111.630756355226268, 40.643815795960116 ], [ -111.630635134113632, 40.643753397028064 ], [ -111.630519928059371, 40.643701775582151 ], [ -111.630373685886738, 40.643619693816838 ], [ -111.630245030828718, 40.643521300193058 ], [ -111.630123387130425, 40.643413859449872 ], [ -111.630009178320876, 40.643342412874382 ], [ -111.629886776142015, 40.643280019592027 ], [ -111.629757193843034, 40.643208656620452 ], [ -111.629613505127026, 40.643146379130442 ], [ -111.629443883863686, 40.6430932515321 ], [ -111.629268434418265, 40.643049164158917 ], [ -111.629076513243362, 40.64301417496705 ], [ -111.628933332909682, 40.643005946153231 ], [ -111.628795896579391, 40.642979668452654 ], [ -111.628582224083772, 40.642895248936483 ], [ -111.628421600429647, 40.642792522913631 ], [ -111.628338606822126, 40.642770452738276 ], [ -111.628262582200804, 40.64273483151328 ], [ -111.628185079461559, 40.642667687770214 ], [ -111.628109815415499, 40.642587018722026 ], [ -111.628010646237527, 40.642479453479559 ], [ -111.627895892557845, 40.642349451095875 ], [ -111.627796850680312, 40.642255398048064 ], [ -111.627704820261911, 40.642152298083531 ], [ -111.627605694569766, 40.642049236605231 ], [ -111.627506569183524, 40.641946175037738 ], [ -111.627438486661731, 40.641874475232406 ], [ -111.627376401573727, 40.641811751521004 ], [ -111.627262959356003, 40.641695254441458 ], [ -111.627147278833206, 40.64159228248127 ], [ -111.627056643665199, 40.641511696204283 ], [ -111.626933952569672, 40.641417770812609 ], [ -111.626850329106503, 40.641328137584303 ], [ -111.62675124808392, 40.6412295794701 ], [ -111.626659304938499, 40.641135486894029 ], [ -111.626567572634798, 40.641063914897799 ], [ -111.626422498349214, 40.640979119117397 ], [ -111.626323839473287, 40.640925601938008 ], [ -111.626240512103109, 40.640867497171925 ], [ -111.626118202105204, 40.640814108072526 ], [ -111.625988754800076, 40.640756253172796 ], [ -111.625828392643228, 40.640680548230655 ], [ -111.625765379975761, 40.640644854823499 ], [ -111.625698735556171, 40.640600172338956 ], [ -111.6255689526336, 40.640506283900507 ], [ -111.625446307502443, 40.64041686101563 ], [ -111.625393728178935, 40.640358589092116 ], [ -111.625370586908531, 40.640286644645954 ], [ -111.625362608811955, 40.640192096277794 ], [ -111.625400834616499, 40.640106306411845 ], [ -111.625461486879843, 40.640015890706962 ], [ -111.625469134165712, 40.639948283875412 ], [ -111.625469475900715, 40.639858194807395 ], [ -111.625438945135798, 40.639754759865163 ], [ -111.625393293514989, 40.639678432968914 ], [ -111.625355115597401, 40.639642604831202 ], [ -111.62528589721191, 40.639575414231324 ], [ -111.625209625696357, 40.639512766136129 ], [ -111.625133354323495, 40.639450117988822 ], [ -111.625066459439836, 40.639378410315068 ], [ -111.625034957033634, 40.639297502322087 ], [ -111.625018911790974, 40.639225519383352 ], [ -111.625012326923681, 40.639153485239369 ], [ -111.625004139444982, 40.639036416152152 ], [ -111.624996540107034, 40.638982404941956 ], [ -111.625775870748001, 40.639108810930104 ] ] ] ] } },
{ "type": "Feature", "properties": { "xid": 69, "name": "ROAD BANK SLIDES", "size_of_sl": null, "return_int": null, "starting_z": null, "vertical_f": null, "distance_t": null, "starting_1": null, "Shape__Are": 16067.75, "Shape__Len": 517.99233884900002 }, "geometry": { "type": "MultiPolygon", "coordinates": [ [ [ [ -111.698319468207885, 40.637685742782189 ], [ -111.698221743128087, 40.637726872868171 ], [ -111.698121699846993, 40.637772521238304 ], [ -111.698023167329097, 40.637849690855987 ], [ -111.697946107282462, 40.637944748022633 ], [ -111.697892744032785, 40.638044166281198 ], [ -111.697832097975706, 40.638125611114909 ], [ -111.697709539291239, 40.638166890831187 ], [ -111.697572462161389, 40.638176727654702 ], [ -111.697442151908376, 40.638154992981931 ], [ -111.697244063927243, 40.638097632594118 ], [ -111.697092140853229, 40.638044497551881 ], [ -111.696916427401462, 40.637977992828652 ], [ -111.696771225234897, 40.637888781981587 ], [ -111.696634254143916, 40.637795016943201 ], [ -111.696564873187938, 40.637718861471299 ], [ -111.696542605083948, 40.637624404382912 ], [ -111.696550180351778, 40.63755679339981 ], [ -111.696634439931103, 40.637471603300156 ], [ -111.696763849488477, 40.637406860751248 ], [ -111.696915782375328, 40.637347387355405 ], [ -111.697068944331889, 40.637292410693483 ], [ -111.697250438968254, 40.637232758410477 ], [ -111.697411924687671, 40.6371822353887 ], [ -111.697610067334992, 40.637131490703759 ], [ -111.697748090339815, 40.637099126358812 ], [ -111.69793109466967, 40.637070994355106 ], [ -111.698114005004129, 40.637033853923953 ], [ -111.698282772219045, 40.63700130307749 ], [ -111.698411569423072, 40.636991515490664 ], [ -111.698541455179026, 40.636972712469792 ], [ -111.698672898996918, 40.636989934699471 ], [ -111.698747583504641, 40.637007500233203 ], [ -111.698823732337786, 40.63705208297403 ], [ -111.698892026593995, 40.637137252375446 ], [ -111.698930852704351, 40.637231608797109 ], [ -111.698892798119303, 40.637324628776597 ], [ -111.698839455548395, 40.637425849094939 ], [ -111.698747024697468, 40.637520999816694 ], [ -111.698678909502021, 40.637566455474072 ], [ -111.698556634067344, 40.637634760490741 ], [ -111.698472911419998, 40.637657788675583 ], [ -111.698389188714287, 40.637680816800099 ], [ -111.698319468207885, 40.637685742782189 ] ] ] ] } },
{ "type": "Feature", "properties": { "xid": 70, "name": "ARGENTA CHUTES", "size_of_sl": null, "return_int": null, "starting_z": null, "vertical_f": null, "distance_t": null, "starting_1": null, "Shape__Are": 12360.235, "Shape__Len": 808.28030016100001 }, "geometry": { "type": "MultiPolygon", "coordinates": [ [ [ [ -111.693230563205702, 40.637429026157918 ], [ -111.693276523125746, 40.637527846021655 ], [ -111.69329964292605, 40.637590768165992 ], [ -111.693314578466925, 40.637662748148017 ], [ -111.693323741329294, 40.637748275844892 ], [ -111.693337587629202, 40.637829271067531 ], [ -111.693352849470116, 40.637932779552955 ], [ -111.693337291631778, 40.638029266114955 ], [ -111.693314787816149, 40.63814020830474 ], [ -111.6932989316565, 40.638207868792072 ], [ -111.693260374787684, 40.638253143795176 ], [ -111.693222534455941, 40.638253370956946 ], [ -111.69314634133373, 40.638204280439254 ], [ -111.693093705329787, 40.638146039780331 ], [ -111.693032419232338, 40.638051816186255 ], [ -111.692986179845931, 40.6379259717934 ], [ -111.692948870176323, 40.637863134738389 ], [ -111.692887305132771, 40.637741886616773 ], [ -111.692842248739325, 40.637616035060496 ], [ -111.692811382482347, 40.637490098351869 ], [ -111.692772425122911, 40.637382227585235 ], [ -111.692712294748162, 40.637285294261027 ], [ -111.692673132836163, 40.637157605527591 ], [ -111.692605470315499, 40.637018376397378 ], [ -111.692543953232629, 40.636901632138319 ], [ -111.692459922619548, 40.636780518490937 ], [ -111.692398610763789, 40.636683592075791 ], [ -111.692291815784458, 40.636533786922477 ], [ -111.692200551664769, 40.636399203377714 ], [ -111.692103468564028, 40.63627366334044 ], [ -111.69201025880065, 40.636179630488805 ], [ -111.691965856199033, 40.636116835597008 ], [ -111.691896156777332, 40.636009148708482 ], [ -111.691819083802159, 40.635874479820558 ], [ -111.691772987719204, 40.635762147092784 ], [ -111.691697023369315, 40.635620264507502 ], [ -111.691636719530706, 40.63550621507698 ], [ -111.691542879444825, 40.635350926376873 ], [ -111.691513598847692, 40.635263717224731 ], [ -111.691452382708391, 40.635175798413506 ], [ -111.691430382904528, 40.635106563064312 ], [ -111.691453520861302, 40.635056876616723 ], [ -111.69152901205085, 40.635038407160771 ], [ -111.691613012767817, 40.635042408469651 ], [ -111.691719712552839, 40.635068795531694 ], [ -111.691879901875922, 40.635121888168676 ], [ -111.691964414242648, 40.635175434064188 ], [ -111.692041021605576, 40.635265062110989 ], [ -111.692086745693786, 40.635341362129715 ], [ -111.69214021585816, 40.635480676673261 ], [ -111.692162477014151, 40.635575134702073 ], [ -111.692200621992342, 40.635719045420288 ], [ -111.692239344819029, 40.635804396046943 ], [ -111.692276838752051, 40.635885249671382 ], [ -111.692324257819436, 40.636011087325862 ], [ -111.692383455268029, 40.636132349984628 ], [ -111.692467531452635, 40.636257967784232 ], [ -111.692550425477322, 40.636383592608823 ], [ -111.692628357149431, 40.636486725363099 ], [ -111.69275041332709, 40.636625628206424 ], [ -111.692834258009597, 40.636728725344668 ], [ -111.692902916915145, 40.636849930953566 ], [ -111.692978717572117, 40.636975598015908 ], [ -111.693025952445481, 40.637083419045027 ], [ -111.693076595206193, 40.637177706538736 ], [ -111.693123616097452, 40.637264808781779 ], [ -111.69317774139671, 40.637352769230212 ], [ -111.693230563205702, 40.637429026157918 ] ] ] ] } },
{ "type": "Feature", "properties": { "xid": 71, "name": "MOSS LEDGE", "size_of_sl": null, "return_int": null, "starting_z": null, "vertical_f": null, "distance_t": null, "starting_1": null, "Shape__Are": 30646.12, "Shape__Len": 1071.1746268 }, "geometry": { "type": "MultiPolygon", "coordinates": [ [ [ [ -111.712300864288935, 40.634109476489357 ], [ -111.712399853492741, 40.634077335400647 ], [ -111.712545005302232, 40.634049413756571 ], [ -111.712689606750402, 40.63408095278691 ], [ -111.7129573058631, 40.634123443041034 ], [ -111.713117078013553, 40.634135969591036 ], [ -111.713194127846748, 40.634153511181509 ], [ -111.713338528477479, 40.634166132355681 ], [ -111.713523275742332, 40.634192017125493 ], [ -111.713735027271255, 40.634199717291018 ], [ -111.713940866674591, 40.634207453618764 ], [ -111.714069847921365, 40.634215664851219 ], [ -111.714223564317024, 40.634214714256032 ], [ -111.71441374411252, 40.634195520474236 ], [ -111.714627812574136, 40.634198700316091 ], [ -111.714856214368865, 40.63421530409309 ], [ -111.715176990293102, 40.634244848438883 ], [ -111.715398441987134, 40.634275007241783 ], [ -111.715588958209125, 40.63428733990785 ], [ -111.715765140976586, 40.634286248043331 ], [ -111.715917588443318, 40.634277195223291 ], [ -111.716061883939261, 40.634279904066247 ], [ -111.716305850523369, 40.634314425870109 ], [ -111.716443590734912, 40.634367623641943 ], [ -111.716588185004142, 40.634398256956722 ], [ -111.716740815630104, 40.634406318451354 ], [ -111.716908673433252, 40.634400772158251 ], [ -111.71703164681368, 40.634400008672785 ], [ -111.717205513146666, 40.634403433344893 ], [ -111.717328293701115, 40.63438465333271 ], [ -111.717534230433216, 40.634401391351695 ], [ -111.717702763374277, 40.63445890063749 ], [ -111.717777594568759, 40.634489966009369 ], [ -111.717855224880836, 40.634561553099537 ], [ -111.717885509506914, 40.634628930117564 ], [ -111.717914852981693, 40.634718834736425 ], [ -111.717939273773766, 40.634790752543672 ], [ -111.717955658752956, 40.634885242062531 ], [ -111.717946729925174, 40.634934845441094 ], [ -111.717915633729362, 40.635012513609148 ], [ -111.717884421676473, 40.635079372044643 ], [ -111.717817890451215, 40.635160863941799 ], [ -111.717755702982231, 40.635206293990827 ], [ -111.717649475362364, 40.635224971591718 ], [ -111.717543006574118, 40.635221128836456 ], [ -111.717435258917376, 40.635208285225239 ], [ -111.717343834205579, 40.635173719232462 ], [ -111.717252438508382, 40.635141855597574 ], [ -111.717114696068677, 40.635088658816542 ], [ -111.716985327346194, 40.635044418583931 ], [ -111.716840789313068, 40.635019190646382 ], [ -111.716756681414907, 40.635005298785224 ], [ -111.716650020370352, 40.634983438991888 ], [ -111.716581207308707, 40.634962245122324 ], [ -111.716450839690381, 40.634935127023766 ], [ -111.716336142434287, 40.634935838555734 ], [ -111.716245190361676, 40.634945411405582 ], [ -111.716085367634562, 40.634928385153152 ], [ -111.71595377933798, 40.634897670580415 ], [ -111.715871901953193, 40.634871152059667 ], [ -111.715719077962135, 40.634845073209739 ], [ -111.715597189994071, 40.634836819869172 ], [ -111.715504863161328, 40.634828383246784 ], [ -111.715451653168287, 40.634828712916551 ], [ -111.715322699436726, 40.63482320567234 ], [ -111.715177229955316, 40.634821404049426 ], [ -111.715047161086176, 40.634822209496441 ], [ -111.714956112874617, 40.63482277322219 ], [ -111.714849644843937, 40.634818927976688 ], [ -111.714704060103685, 40.63480631602588 ], [ -111.714545324474429, 40.634780272207351 ], [ -111.714429252945635, 40.634762972939065 ], [ -111.714276477736746, 40.634741396227973 ], [ -111.7141323924495, 40.634758503006331 ], [ -111.71394080782558, 40.634756984991107 ], [ -111.713743004010041, 40.634726677241446 ], [ -111.713506112638285, 40.634690304570093 ], [ -111.713330746838807, 40.634657154864861 ], [ -111.713178115985912, 40.634649088864663 ], [ -111.713003114607048, 40.634650169489852 ], [ -111.712871624033468, 40.634628459500533 ], [ -111.712712745814315, 40.634588900981704 ], [ -111.712614124336184, 40.634544466072946 ], [ -111.712461862311301, 40.634459822852477 ], [ -111.712354753488228, 40.63439562093037 ], [ -111.712302218839454, 40.634348198841806 ], [ -111.712248195498717, 40.634271958051784 ], [ -111.712224963427317, 40.634200031688948 ], [ -111.712246855307328, 40.634145844433739 ], [ -111.712300864288935, 40.634109476489357 ] ] ] ] } },
{ "type": "Feature", "properties": { "xid": 72, "name": "S TURN", "size_of_sl": null, "return_int": null, "starting_z": null, "vertical_f": null, "distance_t": null, "starting_1": null, "Shape__Are": 17154.95, "Shape__Len": 682.76585656600002 }, "geometry": { "type": "MultiPolygon", "coordinates": [ [ [ [ -111.721312120386102, 40.63393913205325 ], [ -111.721167544423153, 40.633910306280733 ], [ -111.721068152747222, 40.633904620834166 ], [ -111.720907245842895, 40.633896616723568 ], [ -111.720694263783216, 40.633884433037892 ], [ -111.720479304275628, 40.633908296112274 ], [ -111.720358841969542, 40.633922560659734 ], [ -111.720182757128939, 40.633932667624563 ], [ -111.719908482369789, 40.633938882124149 ], [ -111.719649434026636, 40.633931488030129 ], [ -111.719449935304766, 40.633853454482299 ], [ -111.719282391512962, 40.633777924170673 ], [ -111.719099263967678, 40.633682671504204 ], [ -111.719045668366959, 40.633646970410226 ], [ -111.719000156509722, 40.633593201551385 ], [ -111.718954451471788, 40.633521416466607 ], [ -111.718938790132839, 40.633494487853163 ], [ -111.718978026107948, 40.633404156529267 ], [ -111.719061397957475, 40.633349585203213 ], [ -111.71920649696763, 40.633317151167454 ], [ -111.719412285803998, 40.633320373709594 ], [ -111.719633687865567, 40.633346020353763 ], [ -111.71987770114788, 40.63338503868124 ], [ -111.720022246412341, 40.633411163655104 ], [ -111.720213943333931, 40.633423481333921 ], [ -111.720442004813066, 40.633408545722716 ], [ -111.720671151744369, 40.633384594182722 ], [ -111.720816685966753, 40.633392694580422 ], [ -111.720998846099079, 40.633397863518866 ], [ -111.72121274736493, 40.633385717404238 ], [ -111.721480216089645, 40.633406568446077 ], [ -111.721624713503118, 40.633428187359073 ], [ -111.72186882520117, 40.633476209564101 ], [ -111.722075439478587, 40.63355599618324 ], [ -111.722212339908282, 40.63364072278803 ], [ -111.722318449144055, 40.633721137474687 ], [ -111.722425741058842, 40.633801544663605 ], [ -111.722479484214588, 40.633850756315383 ], [ -111.722532482014714, 40.63394051176995 ], [ -111.722532222126716, 40.634026096076575 ], [ -111.72247269509576, 40.634098538128917 ], [ -111.722372722564856, 40.63414871139922 ], [ -111.722258220949954, 40.634167444993039 ], [ -111.722097264770582, 40.634154938499563 ], [ -111.72193029946645, 40.634133460644499 ], [ -111.721777280905144, 40.634089373620924 ], [ -111.721632539544686, 40.634045234670602 ], [ -111.721494989911562, 40.634010059309929 ], [ -111.721411880574067, 40.633979048061185 ], [ -111.721312120386102, 40.63393913205325 ] ] ] ] } },
{ "type": "Feature", "properties": { "xid": 73, "name": "ARGENTA CHUTES", "size_of_sl": null, "return_int": null, "starting_z": null, "vertical_f": null, "distance_t": null, "starting_1": null, "Shape__Are": 39237.04, "Shape__Len": 1401.9570326800001 }, "geometry": { "type": "MultiPolygon", "coordinates": [ [ [ [ -111.694975110763437, 40.636427582617692 ], [ -111.694898638258138, 40.636351468797088 ], [ -111.694823301705668, 40.636270843735716 ], [ -111.694731317324454, 40.636181310070121 ], [ -111.694616912906213, 40.636096415542418 ], [ -111.694517927569734, 40.636015932522049 ], [ -111.69444150272605, 40.635944322458833 ], [ -111.694380655461984, 40.635892437836752 ], [ -111.694304165581201, 40.635814521975384 ], [ -111.694197852975734, 40.635711560955933 ], [ -111.694136940803247, 40.63565337049625 ], [ -111.69405195967974, 40.635554785471165 ], [ -111.693953925101496, 40.635451774468777 ], [ -111.693808499213048, 40.635340039406948 ], [ -111.693685726963778, 40.63524618550229 ], [ -111.693571372079006, 40.635165793976171 ], [ -111.693479763727908, 40.635112291872034 ], [ -111.693350102656154, 40.635038298135726 ], [ -111.693197798251802, 40.634947323625347 ], [ -111.693052533072503, 40.634850901440139 ], [ -111.69293078689789, 40.634741725754246 ], [ -111.692771174895796, 40.634630074486239 ], [ -111.692663777182375, 40.634536127245077 ], [ -111.692518867355233, 40.634473935350258 ], [ -111.692375279824915, 40.63442524841178 ], [ -111.692223368886943, 40.634372106830739 ], [ -111.692045397973502, 40.634314616865041 ], [ -111.691801881758863, 40.634207971380278 ], [ -111.691610505110432, 40.634111823585563 ], [ -111.691466528678447, 40.634025301247867 ], [ -111.691306456247517, 40.633868607125898 ], [ -111.691198783110465, 40.633747634012757 ], [ -111.691090971039756, 40.633613148557515 ], [ -111.691007132986243, 40.633510050044436 ], [ -111.690962593825688, 40.633433742479127 ], [ -111.690939589135766, 40.633381629581777 ], [ -111.690924685017933, 40.633312351658276 ], [ -111.690932079812242, 40.633226724634696 ], [ -111.690962172742942, 40.633163483587481 ], [ -111.691062139850331, 40.633110634873596 ], [ -111.691145655107249, 40.633067794121494 ], [ -111.691276764300042, 40.633053496306928 ], [ -111.69141260311018, 40.633039170026656 ], [ -111.691618483408547, 40.633051450274998 ], [ -111.691748642465186, 40.633059679399814 ], [ -111.691901332609774, 40.633074079486995 ], [ -111.692015244785395, 40.633112134406709 ], [ -111.692091617279232, 40.633179242080161 ], [ -111.692152664948338, 40.633250945910277 ], [ -111.692205900941119, 40.633367740097057 ], [ -111.692236577982555, 40.633475660771168 ], [ -111.692259071167101, 40.633592639206299 ], [ -111.692274376808285, 40.633700652008834 ], [ -111.69229758734491, 40.633772582568611 ], [ -111.692381892989559, 40.6339207208934 ], [ -111.692458359847578, 40.633996836458621 ], [ -111.692541409565791, 40.634023364578312 ], [ -111.692572869919843, 40.633978132346485 ], [ -111.692474812469243, 40.633758006925639 ], [ -111.692450857223605, 40.633614011165307 ], [ -111.692472764959376, 40.633559827523733 ], [ -111.692534642480283, 40.633482882407563 ], [ -111.692618129315278, 40.633437338150777 ], [ -111.692672101965144, 40.633396475222334 ], [ -111.692726353853999, 40.63338263673274 ], [ -111.692847054275404, 40.633390921354952 ], [ -111.69292324165923, 40.633440012157443 ], [ -111.693015452683795, 40.633552067740631 ], [ -111.693068690421057, 40.633668861509342 ], [ -111.693106463581756, 40.633776739355667 ], [ -111.693205909733749, 40.63390226442236 ], [ -111.693265432971671, 40.634055055209295 ], [ -111.693365690595272, 40.634258951050136 ], [ -111.693487865337374, 40.634409563785177 ], [ -111.693640569779177, 40.634539272977797 ], [ -111.69375515677639, 40.634642184828799 ], [ -111.693923187467405, 40.634767297211376 ], [ -111.694082755051809, 40.634874442791187 ], [ -111.694227417808094, 40.635026721300868 ], [ -111.694373030357781, 40.635156472138362 ], [ -111.694479342337502, 40.635259433011399 ], [ -111.694609210463938, 40.635353243388636 ], [ -111.694731956177421, 40.63544439385327 ], [ -111.694882188386302, 40.635563305792481 ], [ -111.695006238760058, 40.635666159431665 ], [ -111.695127877866668, 40.635764523094984 ], [ -111.695242188904601, 40.635840408974758 ], [ -111.6953565469328, 40.635920798811021 ], [ -111.695486716708174, 40.636043434234978 ], [ -111.695585778033447, 40.636131122930486 ], [ -111.695677810230606, 40.636225159979695 ], [ -111.695746006140283, 40.63630132314934 ], [ -111.695800059248413, 40.636382075846136 ], [ -111.69585274294576, 40.63644481935313 ], [ -111.695898472176253, 40.636521117804833 ], [ -111.695959667304834, 40.636606331737745 ], [ -111.69599816154917, 40.636669160689351 ], [ -111.695996545002231, 40.636741240088071 ], [ -111.695974779445521, 40.636808936568094 ], [ -111.695913851514987, 40.636863355992773 ], [ -111.695837457634312, 40.63690885987107 ], [ -111.695731220927243, 40.636927517376179 ], [ -111.695586443351942, 40.636878841637539 ], [ -111.695455781017458, 40.636822873745665 ], [ -111.695349960402254, 40.636767656996874 ], [ -111.69525806808484, 40.636687131914407 ], [ -111.695197219512082, 40.636635247739946 ], [ -111.695105402305742, 40.636561929047161 ], [ -111.695051676867394, 40.636512704530489 ], [ -111.694975110763437, 40.636427582617692 ] ] ] ] } },
{ "type": "Feature", "properties": { "xid": 74, "name": "ROAD BANK SLIDES", "size_of_sl": null, "return_int": null, "starting_z": null, "vertical_f": null, "distance_t": null, "starting_1": null, "Shape__Are": 30048.11, "Shape__Len": 897.09204908200002 }, "geometry": { "type": "MultiPolygon", "coordinates": [ [ [ [ -111.703831525310704, 40.635328934101821 ], [ -111.703701776719868, 40.635360354422076 ], [ -111.703549523492015, 40.635388308222183 ], [ -111.703419784104426, 40.635420629040411 ], [ -111.70321365738134, 40.635498458428039 ], [ -111.703092478338846, 40.635557752870668 ], [ -111.70289439185089, 40.635613010969358 ], [ -111.702755333693318, 40.63565890082134 ], [ -111.702565618295651, 40.635723116120495 ], [ -111.702360105672057, 40.635746888009308 ], [ -111.702108552285154, 40.635778146429367 ], [ -111.701956014365763, 40.635779073740864 ], [ -111.701764341918974, 40.635769428226027 ], [ -111.701612505523272, 40.635724406415953 ], [ -111.701490051755727, 40.635662089380595 ], [ -111.701451647262331, 40.635608270420967 ], [ -111.701429561584405, 40.635531830560808 ], [ -111.701444132185216, 40.63545516804669 ], [ -111.70149048767918, 40.635364799395234 ], [ -111.701619614949109, 40.635273927863089 ], [ -111.701733794397796, 40.635223686203176 ], [ -111.702000985017634, 40.635104949080493 ], [ -111.702275646949161, 40.635022200735129 ], [ -111.702466779146732, 40.634980499059516 ], [ -111.70266514746325, 40.634952266100136 ], [ -111.702909187092843, 40.634881413891442 ], [ -111.703138270212733, 40.634850290549032 ], [ -111.703458382638928, 40.634816810538176 ], [ -111.703603492647716, 40.634784396026824 ], [ -111.703793488162589, 40.634747203436156 ], [ -111.703930982816232, 40.634665287032071 ], [ -111.704121649207565, 40.634579442790205 ], [ -111.704237045872333, 40.634532794717188 ], [ -111.704419377601127, 40.6344415955854 ], [ -111.704535020017815, 40.634418368356215 ], [ -111.704717021034355, 40.634408249143817 ], [ -111.704885173779857, 40.634430645522094 ], [ -111.705044653626302, 40.634527866879822 ], [ -111.705198183804839, 40.634621520864037 ], [ -111.705289281818096, 40.634738077724464 ], [ -111.705364773939166, 40.634944816902461 ], [ -111.705388520386421, 40.635066289397471 ], [ -111.705395617767522, 40.635178854877495 ], [ -111.705380722573082, 40.635336598223766 ], [ -111.70535844814296, 40.63546736051849 ], [ -111.705312287418792, 40.63557574693219 ], [ -111.70527445117942, 40.635688586838867 ], [ -111.70519054610817, 40.635806212415922 ], [ -111.705091031753255, 40.635901411473384 ], [ -111.704953488646154, 40.635978825187046 ], [ -111.704823606714839, 40.635997635392407 ], [ -111.704724893561462, 40.635944185602959 ], [ -111.704655600140271, 40.635877043156022 ], [ -111.704610721900067, 40.635770113392873 ], [ -111.704571784524745, 40.635665849975467 ], [ -111.704519376212744, 40.635517526065811 ], [ -111.704434474782687, 40.635427956933242 ], [ -111.704304763310446, 40.635350372354999 ], [ -111.704182563317502, 40.635312380135531 ], [ -111.704062000147601, 40.635317619599284 ], [ -111.703969796976281, 40.635320884317224 ], [ -111.703922498738976, 40.635321172636871 ], [ -111.703831525310704, 40.635328934101821 ] ] ] ] } },
{ "type": "Feature", "properties": { "xid": 75, "name": "ARGENTA CHUTES", "size_of_sl": null, "return_int": null, "starting_z": null, "vertical_f": null, "distance_t": null, "starting_1": null, "Shape__Are": 23619.495, "Shape__Len": 1120.2159503400001 }, "geometry": { "type": "MultiPolygon", "coordinates": [ [ [ [ -111.697356625089185, 40.635277227747963 ], [ -111.697295766830834, 40.635224443855243 ], [ -111.697242031512729, 40.635174319536311 ], [ -111.697188258792394, 40.63512059193404 ], [ -111.69712020302272, 40.635057941819596 ], [ -111.697028592027053, 40.635004442551818 ], [ -111.696929792798429, 40.634941977882391 ], [ -111.696762938562884, 40.634816862793876 ], [ -111.69660128287093, 40.634736759651247 ], [ -111.696471600413034, 40.634660967808365 ], [ -111.696319545383403, 40.634594319430569 ], [ -111.696204520706758, 40.634563482452826 ], [ -111.696128703912095, 40.634550426440057 ], [ -111.696060505711131, 40.634587773234379 ], [ -111.696052393310978, 40.634717547557081 ], [ -111.696128818443327, 40.634789156566647 ], [ -111.696196826231585, 40.634847303205312 ], [ -111.696266297335896, 40.634932467109337 ], [ -111.696328315052853, 40.635096952555507 ], [ -111.696356840546628, 40.635224704220306 ], [ -111.696418456266628, 40.635350454584469 ], [ -111.696479217405539, 40.635507740547091 ], [ -111.69654064637858, 40.635615474548217 ], [ -111.696579187396082, 40.635682807388918 ], [ -111.69663224579655, 40.635781583120107 ], [ -111.696723471084255, 40.635911659039031 ], [ -111.696761672863431, 40.636060072231565 ], [ -111.696723681453165, 40.636159397234159 ], [ -111.696640006811535, 40.636186928157272 ], [ -111.696525166490872, 40.636174107816814 ], [ -111.69639524730421, 40.636075795571031 ], [ -111.696325306861851, 40.63594559105416 ], [ -111.696281193784444, 40.635797213353854 ], [ -111.696204920446164, 40.635626507751724 ], [ -111.696143304864094, 40.635500757278393 ], [ -111.696088905897554, 40.635386674591047 ], [ -111.696021256858941, 40.635249249092389 ], [ -111.695953202038098, 40.635186598283674 ], [ -111.695853655306806, 40.635052067522579 ], [ -111.695755338185506, 40.634922033618388 ], [ -111.695640280170593, 40.6347740830522 ], [ -111.695511267017153, 40.634648738190862 ], [ -111.695396256747429, 40.634505291440128 ], [ -111.695228939235918, 40.634335133352529 ], [ -111.695136863582206, 40.634236591814158 ], [ -111.695006623269137, 40.634106749404324 ], [ -111.694892081992236, 40.634008342868576 ], [ -111.694824866401589, 40.633912354093646 ], [ -111.694815954355462, 40.633851148475372 ], [ -111.69480904299563, 40.633754796842226 ], [ -111.694854625472516, 40.633703172923887 ], [ -111.694939097268602, 40.633638702771819 ], [ -111.695037238834999, 40.633638112141398 ], [ -111.695205190394603, 40.633641605546593 ], [ -111.695404212228524, 40.633676442105639 ], [ -111.695564120602228, 40.633702505201647 ], [ -111.695729039336044, 40.633755564025535 ], [ -111.695869220796652, 40.633817780388412 ], [ -111.696006042306522, 40.633898034252844 ], [ -111.696142864143155, 40.6339782879514 ], [ -111.696327217699732, 40.634080776668377 ], [ -111.696471181719616, 40.634165491263197 ], [ -111.696617370539073, 40.634236679190025 ], [ -111.696761241611256, 40.634312385269688 ], [ -111.696899013469363, 40.634370110554961 ], [ -111.697029145517121, 40.634489141016694 ], [ -111.697181735113915, 40.634607134879374 ], [ -111.697286914901255, 40.634714604359658 ], [ -111.697363369456525, 40.634788914984483 ], [ -111.697508865623959, 40.634906951241291 ], [ -111.697646967531654, 40.634996204112717 ], [ -111.697753059161741, 40.63507754239366 ], [ -111.697853173118745, 40.63515261060251 ], [ -111.697943752606406, 40.635220529380959 ], [ -111.698035683613185, 40.635304655593167 ], [ -111.698066089473087, 40.635385550174298 ], [ -111.69808949447706, 40.635475495775246 ], [ -111.698097246051105, 40.635538509873633 ], [ -111.698088443167507, 40.635601624044668 ], [ -111.698042890076294, 40.635655951655011 ], [ -111.697913907763876, 40.635647722529946 ], [ -111.697776179300547, 40.635594502567763 ], [ -111.69766905439127, 40.635527584492856 ], [ -111.69757025379532, 40.635465120388332 ], [ -111.697501108608378, 40.635411485792851 ], [ -111.697440100127153, 40.635344288951416 ], [ -111.697356625089185, 40.635277227747963 ] ] ] ] } },
{ "type": "Feature", "properties": { "xid": 76, "name": "ROAD BANK SLIDES", "size_of_sl": null, "return_int": null, "starting_z": null, "vertical_f": null, "distance_t": null, "starting_1": null, "Shape__Are": 23321.015, "Shape__Len": 832.77913886 }, "geometry": { "type": "MultiPolygon", "coordinates": [ [ [ [ -111.706329658406148, 40.633593018378647 ], [ -111.706436993219057, 40.633567137445347 ], [ -111.706558782925597, 40.633566392357579 ], [ -111.70668090504951, 40.633597175587312 ], [ -111.706781838619293, 40.633637097077909 ], [ -111.706887597018948, 40.63368599765446 ], [ -111.70697916644589, 40.63373498499913 ], [ -111.707016106758218, 40.6337617849696 ], [ -111.707131610068842, 40.633837651783317 ], [ -111.707252835680464, 40.633895466018629 ], [ -111.707375339003391, 40.633962281006966 ], [ -111.707535851570398, 40.634045078668066 ], [ -111.707642812613415, 40.634095772919984 ], [ -111.707787497558883, 40.634135425419082 ], [ -111.707985487389436, 40.634183759658292 ], [ -111.708214363606729, 40.634245417204589 ], [ -111.708435955186019, 40.634289101570417 ], [ -111.708611431993518, 40.634333068486463 ], [ -111.708755784601721, 40.634341191333689 ], [ -111.708901462597936, 40.634362818924401 ], [ -111.709091978029008, 40.634375162317106 ], [ -111.709289540488868, 40.634382957759193 ], [ -111.709426750971048, 40.634386619280697 ], [ -111.709640867629219, 40.634394312424305 ], [ -111.709793449843886, 40.634397879048628 ], [ -111.70990819404993, 40.634401678082206 ], [ -111.709998154777594, 40.634410133730427 ], [ -111.710121128360342, 40.634409377603319 ], [ -111.710244178305956, 40.634415827840634 ], [ -111.710296415619382, 40.634435325707706 ], [ -111.71033577024717, 40.634466614112334 ], [ -111.710381228066794, 40.634515882371943 ], [ -111.710404267316207, 40.634569792880249 ], [ -111.710403800986057, 40.634637361043495 ], [ -111.710365400989744, 40.634696153849724 ], [ -111.710328087899128, 40.634745931251445 ], [ -111.710258991931113, 40.634809417182183 ], [ -111.710205076724705, 40.63485479229977 ], [ -111.710136876635644, 40.634891246530472 ], [ -111.710060447058268, 40.63493225567472 ], [ -111.709983826534469, 40.634955248531242 ], [ -111.709908197573526, 40.63496021783034 ], [ -111.709855082819985, 40.634969553041401 ], [ -111.709786453122391, 40.634965470530965 ], [ -111.709747480029819, 40.634970214419361 ], [ -111.709671803340086, 40.634970679504264 ], [ -111.709510990368585, 40.634971667645019 ], [ -111.709358359185657, 40.634963596598631 ], [ -111.709214195819271, 40.634973490758036 ], [ -111.709067619858786, 40.634978895198259 ], [ -111.708955287240741, 40.634979584879666 ], [ -111.708870293853167, 40.6349936196942 ], [ -111.708755643938417, 40.634998827758849 ], [ -111.708657453044054, 40.63499492600306 ], [ -111.708527145577378, 40.63497320380575 ], [ -111.708382553602831, 40.634942560379876 ], [ -111.708260285471155, 40.634898266800455 ], [ -111.7081461994471, 40.634844914211108 ], [ -111.708039189244147, 40.634789716383743 ], [ -111.707902703733453, 40.634742806980306 ], [ -111.707779348963058, 40.63470752825625 ], [ -111.707626385678012, 40.634667926480454 ], [ -111.707489032052308, 40.63465075063764 ], [ -111.707365867809969, 40.63463348771684 ], [ -111.707260155092058, 40.634589091663997 ], [ -111.707192233113574, 40.634539959740977 ], [ -111.707108891989265, 40.634486417838488 ], [ -111.707024273531658, 40.634423874988201 ], [ -111.70686388417883, 40.63435278718736 ], [ -111.706734713459937, 40.634326551648996 ], [ -111.706612637463735, 40.634300272554526 ], [ -111.706505600892541, 40.634242370845037 ], [ -111.706420983302976, 40.634179827542788 ], [ -111.706359967084794, 40.634112635464739 ], [ -111.706322836973897, 40.634067819030761 ], [ -111.706307038161199, 40.634027376474236 ], [ -111.706269433514905, 40.63393751938375 ], [ -111.706253255081094, 40.63386104430738 ], [ -111.70625386798342, 40.63380698830882 ], [ -111.706230879790539, 40.633757580999365 ], [ -111.706245729292732, 40.633707942289156 ], [ -111.706277132737512, 40.633658202335404 ], [ -111.706329658406148, 40.633593018378647 ] ] ] ] } },
{ "type": "Feature", "properties": { "xid": 78, "name": "MINERAL SLAB", "size_of_sl": "SIGNIFICANT", "return_int": "INFREQUENT", "starting_z": "7800 FT.", "vertical_f": "1060 FT.", "distance_t": "2000 FT.", "starting_1": "NE", "Shape__Are": 113580.36, "Shape__Len": 2275.5389072299999 }, "geometry": { "type": "MultiPolygon", "coordinates": [ [ [ [ -111.71200570834506, 40.6337086074806 ], [ -111.711936635619125, 40.633551380957606 ], [ -111.711897745628463, 40.633452524925843 ], [ -111.711875744486193, 40.633385095246716 ], [ -111.711837989268176, 40.633281727842657 ], [ -111.711791013997612, 40.633200939022913 ], [ -111.711760640482396, 40.633124552214817 ], [ -111.71169219067076, 40.63302587829012 ], [ -111.711608130615289, 40.63290477874461 ], [ -111.711517119847983, 40.632797235022679 ], [ -111.711433203819752, 40.632689647519221 ], [ -111.711357469299813, 40.632573000846619 ], [ -111.71127261038616, 40.632487940801575 ], [ -111.711196924167453, 40.632375798075579 ], [ -111.711081884521803, 40.632232367139125 ], [ -111.710952561059045, 40.632080015310883 ], [ -111.710875693448259, 40.631967879637337 ], [ -111.710769266270205, 40.631855925845692 ], [ -111.710668799158299, 40.631748439630726 ], [ -111.710569514759143, 40.631640946048428 ], [ -111.710463841346524, 40.631488448130646 ], [ -111.710396577523497, 40.63138976610599 ], [ -111.710280406646234, 40.631250845653554 ], [ -111.710135477395994, 40.63107606708008 ], [ -111.709975655069655, 40.630946423437869 ], [ -111.709831538108219, 40.630848213528303 ], [ -111.709671345185612, 40.630795145787914 ], [ -111.709448868066119, 40.630778495319369 ], [ -111.709281428422997, 40.630822765646315 ], [ -111.709075055907206, 40.630875382627984 ], [ -111.708893827362061, 40.630957573647564 ], [ -111.708762448793479, 40.631057475870229 ], [ -111.70864941652934, 40.63110321309329 ], [ -111.708563864544388, 40.631175807735353 ], [ -111.708434802219529, 40.63127119101604 ], [ -111.708342631448076, 40.631388869653712 ], [ -111.708259308165324, 40.63156054622263 ], [ -111.708182650530603, 40.631691642651617 ], [ -111.708192354885995, 40.631826713805438 ], [ -111.708182665084607, 40.631916860335274 ], [ -111.708158413059877, 40.632083670201311 ], [ -111.708106537462555, 40.632210110244628 ], [ -111.708061565767849, 40.632318490512191 ], [ -111.707984431153619, 40.632404546169816 ], [ -111.707886250892457, 40.632513252557715 ], [ -111.707785657937976, 40.632617469293209 ], [ -111.707733543445485, 40.632721388850008 ], [ -111.707680103718218, 40.632811803438628 ], [ -111.707664263273401, 40.632879465829362 ], [ -111.707649510104901, 40.632938112845288 ], [ -111.707626099602308, 40.632960778070512 ], [ -111.707534584537413, 40.633028904119101 ], [ -111.707382053052726, 40.633029838545689 ], [ -111.707228903739292, 40.632972219943674 ], [ -111.707084976413995, 40.632892022898645 ], [ -111.706955238362781, 40.632811738809949 ], [ -111.706878756550196, 40.632735632954443 ], [ -111.706833207516524, 40.632677355140871 ], [ -111.706802018436434, 40.632635205098516 ], [ -111.706779001759088, 40.632583095449547 ], [ -111.706795080507419, 40.632537953492047 ], [ -111.706832395032791, 40.632488177201324 ], [ -111.70689335758972, 40.632438256146081 ], [ -111.706970446147224, 40.63234769714132 ], [ -111.707038122799318, 40.6322617000638 ], [ -111.707145620724575, 40.632139424268807 ], [ -111.707207289913356, 40.632044455165087 ], [ -111.707283147676137, 40.631949399129191 ], [ -111.707321121090672, 40.631850070730792 ], [ -111.707367181011563, 40.63173267536402 ], [ -111.707397774640498, 40.631606366006046 ], [ -111.70743428009385, 40.631480020422615 ], [ -111.707465865721232, 40.631335687541174 ], [ -111.707458717827549, 40.631218618074641 ], [ -111.7074416830947, 40.631061069966506 ], [ -111.707427631150935, 40.630962060210649 ], [ -111.707420388305366, 40.630835982603053 ], [ -111.707374127157777, 40.630710143998343 ], [ -111.707313630202535, 40.630579888207706 ], [ -111.707237762686475, 40.630449726514293 ], [ -111.707137915531504, 40.630288181106131 ], [ -111.70703859144065, 40.630176180329656 ], [ -111.706916612801507, 40.630046300715172 ], [ -111.706801823777766, 40.629925385679506 ], [ -111.706672467018905, 40.629768524812377 ], [ -111.706611074808478, 40.629665300250103 ], [ -111.706542303829949, 40.629535094652411 ], [ -111.706465351599903, 40.62941394777372 ], [ -111.706391661923945, 40.62926575473837 ], [ -111.706336937570498, 40.629121950013541 ], [ -111.706298766264226, 40.628978044022283 ], [ -111.706282114533195, 40.628856528197154 ], [ -111.706267969903081, 40.628748510108693 ], [ -111.706260824441287, 40.628631440496022 ], [ -111.706276333190488, 40.628532249768533 ], [ -111.706351903630349, 40.628410169900384 ], [ -111.706405341734211, 40.628319755872127 ], [ -111.706542207396964, 40.628291892453561 ], [ -111.706680350234379, 40.628273029774377 ], [ -111.706863753997965, 40.628285420413583 ], [ -111.707068819836508, 40.628333713001666 ], [ -111.707267124606588, 40.62841357713917 ], [ -111.707519912310332, 40.628502115872791 ], [ -111.707702990385911, 40.628595585616715 ], [ -111.707953604930452, 40.628702154144186 ], [ -111.708175606200527, 40.628786375800992 ], [ -111.708403614922361, 40.628879568893261 ], [ -111.708617388549172, 40.628968344522676 ], [ -111.708877655192609, 40.629092869235244 ], [ -111.70913683574409, 40.629226408740195 ], [ -111.709334487494672, 40.629355821242683 ], [ -111.709487868622674, 40.629435957463357 ], [ -111.709670808917721, 40.629515911836002 ], [ -111.709776992052682, 40.629605346412717 ], [ -111.709953077532276, 40.629707864248289 ], [ -111.710136543980198, 40.629837362565574 ], [ -111.71027366048061, 40.629944623884327 ], [ -111.710379654173551, 40.630016041636097 ], [ -111.710524952483752, 40.630114243609412 ], [ -111.710671338080545, 40.630203429993642 ], [ -111.710761257067702, 40.630319989872788 ], [ -111.710891472414474, 40.630445310342964 ], [ -111.71099789752121, 40.630557264066276 ], [ -111.711142780079385, 40.63072753750199 ], [ -111.71123477860607, 40.630817058058305 ], [ -111.711325977375012, 40.630942618310833 ], [ -111.711394663485507, 40.631063812815874 ], [ -111.711448265724357, 40.631212126336528 ], [ -111.711494439240127, 40.631328955109574 ], [ -111.711524298574304, 40.631468406155037 ], [ -111.711554957921024, 40.631571817418944 ], [ -111.711601179695293, 40.631693150198821 ], [ -111.711654400352273, 40.631805431117591 ], [ -111.711715337270363, 40.631976221067198 ], [ -111.71174717955148, 40.63207962497949 ], [ -111.711791645678019, 40.632146916235932 ], [ -111.711859951215004, 40.632232077943797 ], [ -111.711905628660759, 40.632302064299964 ], [ -111.711989564085513, 40.632411453088807 ], [ -111.712096089883019, 40.632532413839037 ], [ -111.712180949890083, 40.632617473269057 ], [ -111.712303086996556, 40.632760859316924 ], [ -111.712378584017642, 40.63285498505639 ], [ -111.712455311539728, 40.632953607507012 ], [ -111.71254632401768, 40.633061150472173 ], [ -111.71260758484992, 40.633150859540919 ], [ -111.712661655565071, 40.633231604239874 ], [ -111.712707162123721, 40.633285375645116 ], [ -111.712753851174469, 40.633339139733422 ], [ -111.712791080943205, 40.633392962188275 ], [ -111.71283673142328, 40.633460245712627 ], [ -111.712851399506349, 40.63350519870442 ], [ -111.712890386743041, 40.633613062517291 ], [ -111.71288292417546, 40.633689682591445 ], [ -111.712836537332166, 40.633775551645982 ], [ -111.712768339786678, 40.633812007416317 ], [ -111.712668456076514, 40.633871180460588 ], [ -111.71256818910922, 40.633894320957687 ], [ -111.712440247440398, 40.633872588572444 ], [ -111.712318122255667, 40.633841811461366 ], [ -111.712218511159236, 40.633815399723439 ], [ -111.712143491821948, 40.633766314484618 ], [ -111.71200570834506, 40.6337086074806 ] ] ] ] } },
{ "type": "Feature", "properties": { "xid": 79, "name": "ARGENTA", "size_of_sl": "MAJOR", "return_int": "INFREQUENT", "starting_z": "10150 FT.", "vertical_f": "3120 FT.", "distance_t": "7900 FT.", "starting_1": "NW", "Shape__Are": 622294.665, "Shape__Len": 4336.78766808 }, "geometry": { "type": "MultiPolygon", "coordinates": [ [ [ [ -111.675990822280227, 40.639163608459498 ], [ -111.676074371927811, 40.639239693372275 ], [ -111.676226917763373, 40.639355913401694 ], [ -111.676372368911828, 40.639472174780707 ], [ -111.676493896983885, 40.639561549996372 ], [ -111.676646307838666, 40.639664257190923 ], [ -111.676738063862203, 40.639733086562238 ], [ -111.676874947743727, 40.639820569638793 ], [ -111.677020036977638, 40.639900797479463 ], [ -111.677134471419407, 40.639990213598693 ], [ -111.677256910860052, 40.64005255653349 ], [ -111.677385581978911, 40.64014639325783 ], [ -111.67752344061104, 40.640213149812112 ], [ -111.677676672666337, 40.640279815983568 ], [ -111.677820717978207, 40.640373561993748 ], [ -111.677958759786577, 40.640458334361426 ], [ -111.67812622906267, 40.640529420698627 ], [ -111.678332042014503, 40.640649829445742 ], [ -111.678485412681113, 40.640730006779698 ], [ -111.67864597030119, 40.640819150377368 ], [ -111.678813532455706, 40.640899243869498 ], [ -111.678981049369369, 40.640974833029851 ], [ -111.679133074647538, 40.641038801737039 ], [ -111.679286383230547, 40.641112672269365 ], [ -111.679438482182036, 40.641183847102198 ], [ -111.679590672816602, 40.641264029898238 ], [ -111.679766560871855, 40.641348577350165 ], [ -111.679926893146771, 40.641415198716004 ], [ -111.680195479767718, 40.641544243188967 ], [ -111.680369095635172, 40.641637811803513 ], [ -111.680529383449013, 40.641699928236754 ], [ -111.68066715687111, 40.641757672804857 ], [ -111.680781416288085, 40.641829068888825 ], [ -111.680873069665779, 40.64188708509441 ], [ -111.680957691813859, 40.641951448781214 ], [ -111.681010118960728, 40.641989877035591 ], [ -111.681124653849437, 40.642088297259939 ], [ -111.681177511615104, 40.642169063800587 ], [ -111.681193434667875, 40.642223022089311 ], [ -111.68121577437789, 40.642326490387198 ], [ -111.681209411528997, 40.642398597542744 ], [ -111.681171118797266, 40.642470893048284 ], [ -111.681109944726145, 40.642502784341694 ], [ -111.680987340058252, 40.642541343977449 ], [ -111.680871611095, 40.642558242057362 ], [ -111.680697907719974, 40.642572779165008 ], [ -111.680552449183125, 40.642573636503002 ], [ -111.680423546897273, 40.642574396104685 ], [ -111.680178796522071, 40.642580342336913 ], [ -111.679973025861713, 40.642581554177987 ], [ -111.679797956834662, 40.642578080568519 ], [ -111.679645357032015, 40.642574474451997 ], [ -111.679453594752687, 40.642557585513963 ], [ -111.679310501390816, 40.642558427370886 ], [ -111.679156627753045, 40.642545819398954 ], [ -111.678972869945198, 40.642501856476066 ], [ -111.678812718507189, 40.642453250144563 ], [ -111.678645289299013, 40.642386668954437 ], [ -111.678553910813903, 40.642355675477511 ], [ -111.67843160276108, 40.642306846237446 ], [ -111.678285506406297, 40.642244643541012 ], [ -111.678057401849145, 40.642142383055379 ], [ -111.677829343547941, 40.642044626196267 ], [ -111.67765359271246, 40.641973588053162 ], [ -111.677462149952802, 40.641871111235282 ], [ -111.677286081269088, 40.641768543927569 ], [ -111.677180149178369, 40.641701599895626 ], [ -111.677020637397348, 40.641598935084573 ], [ -111.676875680954012, 40.64153221955511 ], [ -111.676676781331665, 40.641393750309241 ], [ -111.676562526981186, 40.641322350117527 ], [ -111.676448136464899, 40.6412374375506 ], [ -111.676348846816097, 40.641125410306827 ], [ -111.676181014281369, 40.641018288701055 ], [ -111.675967972323221, 40.640884405378415 ], [ -111.67578358516964, 40.640777380091684 ], [ -111.675608341176954, 40.640638770541592 ], [ -111.675464116737913, 40.640527005404103 ], [ -111.675334219595584, 40.640428669356822 ], [ -111.675187540196831, 40.640307909517389 ], [ -111.675036040385294, 40.640178168958428 ], [ -111.674899003901473, 40.640075369792186 ], [ -111.674777340926553, 40.639972480629417 ], [ -111.67464003318527, 40.639842656610597 ], [ -111.674472709114909, 40.639667964200768 ], [ -111.674304792578852, 40.639551831608799 ], [ -111.674167550057277, 40.639428312730509 ], [ -111.674067202179614, 40.639328000976249 ], [ -111.673938174862997, 40.639198127768502 ], [ -111.673807965518407, 40.639068261309639 ], [ -111.673740017924843, 40.639014605497451 ], [ -111.673670842633214, 40.638956452451602 ], [ -111.673594182945791, 40.638859605567035 ], [ -111.673549093039583, 40.638844553761814 ], [ -111.673342835741295, 40.63879620869573 ], [ -111.673220628440234, 40.638756382007131 ], [ -111.673121954123971, 40.638704706695101 ], [ -111.673016193871774, 40.638653973466226 ], [ -111.672930509507978, 40.638600420540477 ], [ -111.672823268580544, 40.63851996701581 ], [ -111.672686419730297, 40.638435181508953 ], [ -111.672618473674618, 40.638381525018758 ], [ -111.672488765661541, 40.638301202037646 ], [ -111.672374475843995, 40.63822529349418 ], [ -111.672267100632709, 40.638131327159549 ], [ -111.672160682353265, 40.638014833373454 ], [ -111.6720613595012, 40.637898298192937 ], [ -111.672008832266144, 40.637849055958597 ], [ -111.671832105162224, 40.637678918712083 ], [ -111.671718367612741, 40.637539945305811 ], [ -111.671640692381843, 40.637459318681678 ], [ -111.671511899036332, 40.637351963125418 ], [ -111.671397115584426, 40.637226508544146 ], [ -111.671305756886028, 40.637078395891933 ], [ -111.671228037578373, 40.636993264881042 ], [ -111.671138042490568, 40.636863161590632 ], [ -111.671055142688772, 40.636733016996118 ], [ -111.670961510644133, 40.636593925980712 ], [ -111.670863194141049, 40.636459366456101 ], [ -111.670779130930839, 40.636331030153791 ], [ -111.670672132167439, 40.636155981672076 ], [ -111.670573663670623, 40.636006107954842 ], [ -111.67048899778176, 40.635817416533691 ], [ -111.670413285489843, 40.635696238434363 ], [ -111.670359968298115, 40.635567723309755 ], [ -111.670290376072955, 40.635467229644462 ], [ -111.670214349254195, 40.635314522723576 ], [ -111.670131273052291, 40.635166361013582 ], [ -111.670061564513858, 40.635054156544712 ], [ -111.670008500671656, 40.634950864179352 ], [ -111.669909828367125, 40.634780270990532 ], [ -111.669848262731477, 40.634654506070092 ], [ -111.669789107241854, 40.634533231493918 ], [ -111.669719147910286, 40.634395803847468 ], [ -111.669672621767759, 40.634236619345742 ], [ -111.669627521292441, 40.634101750093933 ], [ -111.669589560642592, 40.633971343782505 ], [ -111.669543413062726, 40.633849993640844 ], [ -111.669490081054491, 40.633719676409378 ], [ -111.669459080538502, 40.633575716615951 ], [ -111.669428305086626, 40.633454277304892 ], [ -111.669405986689981, 40.633350806400756 ], [ -111.66935997482544, 40.633242968464586 ], [ -111.669284222561274, 40.633117285432633 ], [ -111.669222479781808, 40.632973503722823 ], [ -111.669139768455224, 40.632861373997549 ], [ -111.66907825103138, 40.632740112699565 ], [ -111.669001272501902, 40.632609932212944 ], [ -111.668961951727624, 40.632461516094189 ], [ -111.668947956238853, 40.632362501229885 ], [ -111.668927001178844, 40.632277039757483 ], [ -111.668902184309317, 40.632160070122083 ], [ -111.668871365603636, 40.632034126519187 ], [ -111.668864374885587, 40.631926062343588 ], [ -111.668856606289211, 40.63185854192124 ], [ -111.668887901933473, 40.631795299602985 ], [ -111.668917835324663, 40.631714047721374 ], [ -111.668933804596392, 40.631655398524785 ], [ -111.668947633793863, 40.631619283528622 ], [ -111.668887480067824, 40.63151603164637 ], [ -111.66880322921358, 40.631367875671998 ], [ -111.668719023669553, 40.631224223730868 ], [ -111.668642690859542, 40.63103998688581 ], [ -111.668582133812322, 40.630896197910211 ], [ -111.668589017847395, 40.630756522834488 ], [ -111.668520707558244, 40.63042809985447 ], [ -111.668520991544753, 40.63033801096401 ], [ -111.668520799387451, 40.630200178586513 ], [ -111.668498510491688, 40.630099409890789 ], [ -111.668612151071329, 40.629756420448579 ], [ -111.668650868934492, 40.62960755230683 ], [ -111.668696815587282, 40.629472155380817 ], [ -111.668756833539277, 40.629324965605797 ], [ -111.668811262997963, 40.629210239576324 ], [ -111.668864213310101, 40.629065793288582 ], [ -111.668902017539722, 40.628943956518903 ], [ -111.66897051778659, 40.62881743756293 ], [ -111.669047653829253, 40.628726903442605 ], [ -111.669146026945384, 40.628631741856388 ], [ -111.669238038410668, 40.628491573414614 ], [ -111.669314948871857, 40.628378518600712 ], [ -111.669382625225722, 40.628288039076544 ], [ -111.669473858214332, 40.628188414227978 ], [ -111.669566498200595, 40.628111302968357 ], [ -111.66966495966804, 40.628025149149188 ], [ -111.669749187874189, 40.627934573426522 ], [ -111.669871160480938, 40.627834769984858 ], [ -111.670016092179281, 40.627784381219335 ], [ -111.67016716044003, 40.627756478482219 ], [ -111.67034582751225, 40.627768954628856 ], [ -111.670535405933066, 40.627808393330078 ], [ -111.670710886710097, 40.627856922323375 ], [ -111.670861673956651, 40.627919107588916 ], [ -111.671053707935457, 40.627967539899885 ], [ -111.671282800491156, 40.628056295760437 ], [ -111.671511848531949, 40.628140547059061 ], [ -111.671710020944715, 40.628211464399051 ], [ -111.671908419492283, 40.628304901898815 ], [ -111.671967897681213, 40.628340590740301 ], [ -111.67211395779826, 40.62840280186596 ], [ -111.672343459784969, 40.628532092495682 ], [ -111.67257155436306, 40.628638869045638 ], [ -111.672785416288207, 40.628741223694838 ], [ -111.672938707761475, 40.628816904730243 ], [ -111.673136108354981, 40.628928363369859 ], [ -111.67332750735838, 40.629030847935077 ], [ -111.67356403553805, 40.62915288816945 ], [ -111.673754479822364, 40.629277899400869 ], [ -111.673922215478001, 40.629378719277732 ], [ -111.674082966175405, 40.629490390148767 ], [ -111.674242670953745, 40.629615579985519 ], [ -111.674379884209273, 40.629738198322919 ], [ -111.674509876866907, 40.629848246453847 ], [ -111.674684999424784, 40.629977849977948 ], [ -111.674845888861071, 40.630103032044062 ], [ -111.675036746444889, 40.630268577967882 ], [ -111.675165667713799, 40.630389442075924 ], [ -111.675287858175025, 40.630546380284777 ], [ -111.675410276126584, 40.630725838833868 ], [ -111.675434239078484, 40.630874342597529 ], [ -111.675456018912811, 40.631040876564491 ], [ -111.675463519400878, 40.631198485321512 ], [ -111.675454620741917, 40.631371504818027 ], [ -111.675433453297714, 40.63150045333385 ], [ -111.675471287660415, 40.631617345415712 ], [ -111.675495069531777, 40.631747832761214 ], [ -111.675509528455422, 40.631891887713223 ], [ -111.675494790445242, 40.632072148324937 ], [ -111.675434621566808, 40.632203126693732 ], [ -111.675380364508058, 40.632334070454796 ], [ -111.675326107240451, 40.632465014189094 ], [ -111.675264891402719, 40.632609511663503 ], [ -111.675219612075765, 40.632692656633907 ], [ -111.675166110154123, 40.632781254890382 ], [ -111.675113079903682, 40.632916695701923 ], [ -111.675066644981214, 40.633002549980041 ], [ -111.675013251478916, 40.633101957990483 ], [ -111.674973865498401, 40.633183266667537 ], [ -111.674990873042105, 40.633228210852778 ], [ -111.675021204832703, 40.633304607666886 ], [ -111.675044396757485, 40.633376541848556 ], [ -111.675059130267371, 40.633430508032802 ], [ -111.675043619593538, 40.633534198957406 ], [ -111.675036249820366, 40.63362432921528 ], [ -111.675034928290614, 40.633727937193846 ], [ -111.675044021873944, 40.633808962496452 ], [ -111.675036851673326, 40.633918910761778 ], [ -111.675051128688608, 40.634044949347789 ], [ -111.675066433961248, 40.634155667099584 ], [ -111.675096947742219, 40.634250080250382 ], [ -111.675127552350475, 40.634353501577074 ], [ -111.675158066311212, 40.63444791470711 ], [ -111.67515920061463, 40.634560517030529 ], [ -111.675189714718087, 40.634654930147711 ], [ -111.675220047402675, 40.634731326883845 ], [ -111.675287580807662, 40.634861558378098 ], [ -111.67532046014766, 40.634955957624257 ], [ -111.675364208640588, 40.63507281508312 ], [ -111.67538726540495, 40.635131236889443 ], [ -111.675425192606383, 40.635257137081759 ], [ -111.675479492870664, 40.635364924059637 ], [ -111.675517102598704, 40.635459295571238 ], [ -111.675547526831778, 40.635544700388415 ], [ -111.675578132752335, 40.635648121562326 ], [ -111.675600597686909, 40.635765103425229 ], [ -111.67563111298233, 40.635859516396806 ], [ -111.675654488112855, 40.635949466777411 ], [ -111.675669903840912, 40.636070994220397 ], [ -111.675685365038149, 40.636197025749468 ], [ -111.675692458110404, 40.636314097523424 ], [ -111.675723291687547, 40.636440039095142 ], [ -111.675715967976004, 40.636534673437282 ], [ -111.675730246892115, 40.636660711867862 ], [ -111.675737113029754, 40.636755263175523 ], [ -111.675770084800888, 40.636858670431444 ], [ -111.675776086450028, 40.636984757285731 ], [ -111.675799870962237, 40.637115244427669 ], [ -111.675822382231345, 40.637236730300991 ], [ -111.675837571480145, 40.637335737239376 ], [ -111.675853033316869, 40.637461768713649 ], [ -111.675875453956806, 40.637574246387928 ], [ -111.675944355796261, 40.637722486839166 ], [ -111.675975054233234, 40.637834916035402 ], [ -111.676013302182142, 40.637992344580887 ], [ -111.67602116964953, 40.638068872565917 ], [ -111.676074199816654, 40.638167657930012 ], [ -111.676111902891137, 40.638271037361264 ], [ -111.676127092822668, 40.638370044238627 ], [ -111.676157746431514, 40.638477969280004 ], [ -111.676188445589247, 40.638590398399252 ], [ -111.676181258684394, 40.638698544998547 ], [ -111.676158562603476, 40.638793269342187 ], [ -111.676133546853237, 40.638892511616369 ], [ -111.676112624933765, 40.638928668950136 ], [ -111.676081514660595, 40.639009929475002 ], [ -111.676036168521946, 40.639086768976249 ], [ -111.676028208882116, 40.639118346054893 ], [ -111.675990822280227, 40.639163608459498 ] ] ] ] } },
{ "type": "Feature", "properties": { "xid": 80, "name": null, "size_of_sl": null, "return_int": null, "starting_z": null, "vertical_f": null, "distance_t": null, "starting_1": null, "Shape__Are": 637857.99, "Shape__Len": 4780.6181403000001 }, "geometry": { "type": "MultiPolygon", "coordinates": [ [ [ [ -111.628757178993737, 40.638349397363704 ], [ -111.628406475073248, 40.638279236526401 ], [ -111.6279714327287, 40.638168994020127 ], [ -111.627392377042113, 40.638086558539811 ], [ -111.626690551076564, 40.638027308278204 ], [ -111.625889315034968, 40.637833461709484 ], [ -111.62576726322817, 40.63780709697447 ], [ -111.624935539029039, 40.637640435151049 ], [ -111.62442364298046, 40.637530595122058 ], [ -111.623775256600396, 40.637367437801146 ], [ -111.623173493761584, 40.637258077600983 ], [ -111.622608725344463, 40.637184549718619 ], [ -111.622081062519271, 40.637031542396393 ], [ -111.621944430642685, 40.636962911133402 ], [ -111.62144838952986, 40.636776398307362 ], [ -111.621167106601476, 40.636539180364977 ], [ -111.620846302693892, 40.636248121829922 ], [ -111.620434393398213, 40.636079169731602 ], [ -111.61975449451522, 40.635830576115232 ], [ -111.619327134990598, 40.635652694230004 ], [ -111.618832251654311, 40.635461659516118 ], [ -111.618589053636455, 40.635377379541218 ], [ -111.618190846463207, 40.635154293610206 ], [ -111.617786895654561, 40.634949254481434 ], [ -111.617031839057105, 40.634498350311141 ], [ -111.616490048663351, 40.634091346520172 ], [ -111.615993529034185, 40.633720133613558 ], [ -111.615574559692234, 40.633294452781946 ], [ -111.615138396553277, 40.63292741875398 ], [ -111.614818307067196, 40.632451660315809 ], [ -111.614513278330719, 40.632070412538781 ], [ -111.614536411999239, 40.631498234630094 ], [ -111.614681198058975, 40.631168645150041 ], [ -111.615084225277982, 40.630761106067439 ], [ -111.615406258437929, 40.630547685082092 ], [ -111.615833025609831, 40.63027965230701 ], [ -111.616108048481578, 40.630098010619164 ], [ -111.616459841813281, 40.62990694976029 ], [ -111.616787237084708, 40.629891688557656 ], [ -111.617191507184231, 40.630006642329079 ], [ -111.617557755836131, 40.630229902871889 ], [ -111.617786891122677, 40.630458400176522 ], [ -111.617931393807879, 40.630741402320375 ], [ -111.618114606754375, 40.631118788824921 ], [ -111.618168709332835, 40.631343717662673 ], [ -111.618502257972622, 40.631738316160558 ], [ -111.618862923045796, 40.632123759615332 ], [ -111.619268025129685, 40.632454911221927 ], [ -111.619868773890701, 40.632843568168916 ], [ -111.620693511102502, 40.633285070688821 ], [ -111.621357362764073, 40.6337184242878 ], [ -111.622127476706353, 40.634133184153093 ], [ -111.622829069728169, 40.634426690540458 ], [ -111.623623212473547, 40.634498978998536 ], [ -111.624248768239553, 40.634626225802634 ], [ -111.62497399585348, 40.634662842545737 ], [ -111.625599051118726, 40.634736032354027 ], [ -111.625767213382233, 40.634762147441549 ], [ -111.626308231120689, 40.634826780022102 ], [ -111.627079196281002, 40.634948718398775 ], [ -111.627994483814419, 40.635202295190503 ], [ -111.628666745241276, 40.635390523369615 ], [ -111.62923834749617, 40.635563080427701 ], [ -111.630017013871424, 40.635748018272821 ], [ -111.630657503346725, 40.635951722986377 ], [ -111.631466079747383, 40.636172522588687 ], [ -111.632274958865082, 40.636424845391176 ], [ -111.633006913641296, 40.63667037720856 ], [ -111.63383115992977, 40.63692080308396 ], [ -111.634655429376309, 40.637173024670084 ], [ -111.635426406617682, 40.637416524875654 ], [ -111.635891104221443, 40.637535584724525 ], [ -111.636264708975105, 40.638024502231744 ], [ -111.636615536115698, 40.638355891430578 ], [ -111.636966452357484, 40.638696287766756 ], [ -111.637165338726689, 40.639091574261307 ], [ -111.637234473377347, 40.639397489252808 ], [ -111.637241104886272, 40.639721766546664 ], [ -111.637089402512515, 40.640060430523718 ], [ -111.636951958776464, 40.640281902305105 ], [ -111.636462950479739, 40.640469277231389 ], [ -111.635990224451731, 40.640503412210315 ], [ -111.635403331076546, 40.640470608111897 ], [ -111.634807934768446, 40.640289203915998 ], [ -111.634257979270558, 40.64003547731474 ], [ -111.633709721604447, 40.639835791075704 ], [ -111.633259107988508, 40.639581514486366 ], [ -111.632785612481555, 40.639408439992522 ], [ -111.632183222290791, 40.639236069241207 ], [ -111.631656178041453, 40.63902724834476 ], [ -111.631092478463302, 40.638818625354055 ], [ -111.630435701350024, 40.638646542658208 ], [ -111.629795062384446, 40.638555446707713 ], [ -111.629428814230238, 40.638467356309143 ], [ -111.629031736743414, 40.638370423956886 ], [ -111.628757178993737, 40.638349397363704 ] ] ] ] } },
{ "type": "Feature", "properties": { "xid": 81, "name": "MINERAL GULLY", "size_of_sl": "MINOR", "return_int": "INFREQUENT", "starting_z": "7800 FT.", "vertical_f": "1000 FT.", "distance_t": "2200 FT.", "starting_1": "NORTH", "Shape__Are": 84399.32, "Shape__Len": 2254.3930489499999 }, "geometry": { "type": "MultiPolygon", "coordinates": [ [ [ [ -111.705010254820266, 40.632156984550392 ], [ -111.705077698989527, 40.632161077146861 ], [ -111.705177352277943, 40.632191999162217 ], [ -111.705267688624659, 40.632236491058009 ], [ -111.705345113463153, 40.632290070455149 ], [ -111.705429822454434, 40.632361622726137 ], [ -111.705520822921741, 40.632469171340048 ], [ -111.705565662393241, 40.632572497564247 ], [ -111.705534590786513, 40.632653765792917 ], [ -111.705512362069413, 40.632676423372011 ], [ -111.705427655257296, 40.632717480033406 ], [ -111.705353400441112, 40.632740455372897 ], [ -111.705276780752499, 40.632763445107486 ], [ -111.705147094673165, 40.632800271897516 ], [ -111.705001989720742, 40.632832688317713 ], [ -111.704878054368649, 40.63285416489088 ], [ -111.704765791512429, 40.632861156160324 ], [ -111.70462834758105, 40.632834968740163 ], [ -111.704528551550069, 40.63279053406108 ], [ -111.704460586054381, 40.632736896417804 ], [ -111.704414093374766, 40.632701145178324 ], [ -111.704391154257308, 40.632656241545391 ], [ -111.704360978728744, 40.632597868978436 ], [ -111.704315384637198, 40.632535086084523 ], [ -111.704299682060565, 40.632503651363329 ], [ -111.704338464814739, 40.632480893052914 ], [ -111.704253785218853, 40.632412042414607 ], [ -111.704177515112377, 40.632355752630609 ], [ -111.704093800603303, 40.632266175951735 ], [ -111.704025599448883, 40.632190017703586 ], [ -111.703948932443325, 40.632095893595981 ], [ -111.703872407546783, 40.632015281637173 ], [ -111.703781694080178, 40.631934756095653 ], [ -111.703712453085018, 40.63187211706196 ], [ -111.70364415820444, 40.631786950440372 ], [ -111.70353684455614, 40.631702021490327 ], [ -111.703437902450347, 40.63162605015841 ], [ -111.703330636581512, 40.631545625078594 ], [ -111.703215141505851, 40.631469754364559 ], [ -111.703102011464949, 40.631393869134286 ], [ -111.70301016461984, 40.631317854231163 ], [ -111.702888408874472, 40.631208689058056 ], [ -111.702751273119347, 40.631098716475243 ], [ -111.70263677299755, 40.631004821691548 ], [ -111.702530455435237, 40.630901868300811 ], [ -111.702416097552856, 40.630821485499659 ], [ -111.702376607163217, 40.630776682117698 ], [ -111.702270479114659, 40.630691744758067 ], [ -111.702157304275772, 40.630611354502015 ], [ -111.702026016761479, 40.630495039382687 ], [ -111.701858170574965, 40.630387955018321 ], [ -111.701790398276771, 40.630352332027137 ], [ -111.701637970737593, 40.630249657996742 ], [ -111.701499967723265, 40.630169417931043 ], [ -111.701316328356526, 40.630021889482322 ], [ -111.701171783077157, 40.629881330352596 ], [ -111.700965369569758, 40.629704210844054 ], [ -111.700851632875427, 40.629569770398874 ], [ -111.700790014340072, 40.629444022299602 ], [ -111.700668854795211, 40.629278096200586 ], [ -111.700531519538274, 40.629148302960807 ], [ -111.7004165834974, 40.62901206760209 ], [ -111.700371302646573, 40.628865500124242 ], [ -111.700386584881542, 40.62874378975124 ], [ -111.700430760859362, 40.628671452082848 ], [ -111.700523412610252, 40.628598820356714 ], [ -111.700616252452249, 40.628544204851067 ], [ -111.700706821627989, 40.628498611766176 ], [ -111.700783155568871, 40.628448600633696 ], [ -111.700844166133734, 40.628403186803673 ], [ -111.700935917296619, 40.62835758636561 ], [ -111.701050273966999, 40.6283253617082 ], [ -111.701239871315366, 40.628364749838546 ], [ -111.701385816752236, 40.628413411498109 ], [ -111.701530438660498, 40.628448567935266 ], [ -111.701698660290589, 40.628479076439916 ], [ -111.701819682925247, 40.628518880261751 ], [ -111.701912565410709, 40.62858137678851 ], [ -111.701995278679448, 40.628688978643247 ], [ -111.702026774193087, 40.628760856928018 ], [ -111.702080117992423, 40.628886654684123 ], [ -111.702102532327544, 40.628994623021626 ], [ -111.7021259403827, 40.629084567877207 ], [ -111.702132984334469, 40.629192629652998 ], [ -111.702147785814631, 40.629251096319322 ], [ -111.702140735961777, 40.629368252497592 ], [ -111.702194599460682, 40.629543594965682 ], [ -111.702247897033288, 40.629664888548426 ], [ -111.702339077471066, 40.629790456076094 ], [ -111.702431063036428, 40.629879983768845 ], [ -111.70253699891768, 40.630059513675398 ], [ -111.702636504212236, 40.630189534671018 ], [ -111.702697796392457, 40.630283753243496 ], [ -111.702805767816429, 40.630431740001022 ], [ -111.702872830634092, 40.630512410285178 ], [ -111.70298742470365, 40.630615312986222 ], [ -111.703086884464255, 40.630740829497761 ], [ -111.703216661151671, 40.630825622102194 ], [ -111.703369092401658, 40.630928294007653 ], [ -111.703514193476764, 40.631008488580171 ], [ -111.70361287944246, 40.631060137890991 ], [ -111.703757574412833, 40.631101597161752 ], [ -111.703880731277806, 40.631118864003241 ], [ -111.70394886479194, 40.631076107751632 ], [ -111.703971963702401, 40.631023716408706 ], [ -111.703972181110856, 40.630931826206279 ], [ -111.703956545148799, 40.630794088201405 ], [ -111.703933748794029, 40.630650087737855 ], [ -111.703895156049725, 40.63046564433499 ], [ -111.703872549127368, 40.630339660125017 ], [ -111.703841807609678, 40.630227238558021 ], [ -111.703805201666839, 40.630119357078122 ], [ -111.703765521814944, 40.62994392895407 ], [ -111.703758238705433, 40.629813346966984 ], [ -111.703727403065173, 40.629691917216512 ], [ -111.703750719422573, 40.629547635681469 ], [ -111.703727214454375, 40.629448683042256 ], [ -111.70373563302536, 40.629349535866282 ], [ -111.703712033588772, 40.629241575079924 ], [ -111.703620879721441, 40.629118711081716 ], [ -111.703506306186981, 40.629017610597643 ], [ -111.703407320860123, 40.628937135100699 ], [ -111.703301005449404, 40.628834182365281 ], [ -111.703186508478879, 40.628740288064286 ], [ -111.703071065681328, 40.628668921198958 ], [ -111.702956805466613, 40.628597547018423 ], [ -111.702827743578965, 40.628467706141059 ], [ -111.70277416263815, 40.62831938837207 ], [ -111.702773786793927, 40.628170746811968 ], [ -111.702767924268784, 40.628062677869067 ], [ -111.702804294978648, 40.627922821399927 ], [ -111.702881289546113, 40.627823256907789 ], [ -111.702979707376514, 40.627737075036244 ], [ -111.703071408920707, 40.627686968844067 ], [ -111.703247291329447, 40.627658871788718 ], [ -111.703391818031122, 40.627685017761614 ], [ -111.703529298179504, 40.627715710839844 ], [ -111.703613573943443, 40.627746727922293 ], [ -111.70372906298951, 40.627822598336117 ], [ -111.703833958659345, 40.62790303755456 ], [ -111.703948549672603, 40.62800593937294 ], [ -111.704040392979508, 40.628081953602006 ], [ -111.70411667698086, 40.628140045187614 ], [ -111.704194521947244, 40.628234162074179 ], [ -111.704245504700921, 40.628359973230154 ], [ -111.704284475018937, 40.628467840184392 ], [ -111.704314601248996, 40.628521708759003 ], [ -111.704384217905655, 40.62862038005057 ], [ -111.704459604471111, 40.628705503026488 ], [ -111.704520850477408, 40.628795216575888 ], [ -111.704559726823234, 40.628894075284485 ], [ -111.704590118577542, 40.628973166568237 ], [ -111.70464920863364, 40.629082712373865 ], [ -111.704718779024716, 40.629176879376203 ], [ -111.704750135629183, 40.629235244678995 ], [ -111.704779743191722, 40.62935217729904 ], [ -111.704795020564717, 40.629455684292864 ], [ -111.704802967083026, 40.62953671423476 ], [ -111.704803772135122, 40.629613283402094 ], [ -111.704825982735215, 40.629701433257367 ], [ -111.70482590855076, 40.629806835676519 ], [ -111.704803208510427, 40.629897061367025 ], [ -111.704779089273757, 40.629964773926034 ], [ -111.704751707021828, 40.63005953253618 ], [ -111.704735108032807, 40.630167738406371 ], [ -111.704717516031621, 40.630293967760544 ], [ -111.704696092758496, 40.63039319434607 ], [ -111.704682756620215, 40.630474354150628 ], [ -111.704673393706472, 40.630596028920671 ], [ -111.704674198640689, 40.630672598076032 ], [ -111.704658734416086, 40.630776292643475 ], [ -111.704650364410455, 40.630879943920291 ], [ -111.704642750632473, 40.630943051370735 ], [ -111.704620712829012, 40.631096333960279 ], [ -111.704642847951618, 40.631177277318045 ], [ -111.704644079000531, 40.63129438307358 ], [ -111.70465841101003, 40.631420417600324 ], [ -111.704688870360741, 40.631505814507342 ], [ -111.704712282804138, 40.631595758763559 ], [ -111.704734323500873, 40.631667693960296 ], [ -111.704751729388093, 40.631748666148546 ], [ -111.704796216721405, 40.631818662603003 ], [ -111.704818276529039, 40.631892399406347 ], [ -111.7048640127352, 40.631968694308561 ], [ -111.704908424546957, 40.632031484208269 ], [ -111.704941012454981, 40.632094346267216 ], [ -111.705010254820266, 40.632156984550392 ] ] ] ] } },
{ "type": "Feature", "properties": { "xid": 82, "name": null, "size_of_sl": null, "return_int": null, "starting_z": null, "vertical_f": null, "distance_t": null, "starting_1": null, "Shape__Are": 75116.5150001, "Shape__Len": 1758.2336777099999 }, "geometry": { "type": "MultiPolygon", "coordinates": [ [ [ [ -111.614254247499531, 40.638256285100823 ], [ -111.614201198816403, 40.638274584714928 ], [ -111.614047882701499, 40.6383204436844 ], [ -111.613911163071734, 40.638370718585769 ], [ -111.613735543427197, 40.638434713161374 ], [ -111.613612848757086, 40.638466895717137 ], [ -111.613438411105193, 40.638530883560179 ], [ -111.613285135091616, 40.638581245667453 ], [ -111.613133082591602, 40.638636105438607 ], [ -111.612986942525751, 40.638690933625554 ], [ -111.612857357751167, 40.638745673769272 ], [ -111.612736009353071, 40.638795865702328 ], [ -111.612606465343134, 40.638855109711308 ], [ -111.612514638910412, 40.638900640434521 ], [ -111.612407480472683, 40.638950756756643 ], [ -111.61223202245057, 40.639032765640749 ], [ -111.612087145597286, 40.639096594717614 ], [ -111.611926730855728, 40.63914248849575 ], [ -111.611782789296726, 40.639179286055295 ], [ -111.61163758281036, 40.639207081408749 ], [ -111.611485157619313, 40.639221401714501 ], [ -111.611309122509027, 40.639240351167061 ], [ -111.61114120081983, 40.639241239961045 ], [ -111.611027553085151, 40.639228328259684 ], [ -111.610866357172384, 40.639188641796672 ], [ -111.610851673927399, 40.639134667107086 ], [ -111.610814029705992, 40.639026761504795 ], [ -111.610790658212153, 40.638927789125553 ], [ -111.610751913769846, 40.638828898045162 ], [ -111.610736573913059, 40.638702856991173 ], [ -111.610752267389472, 40.638608182354083 ], [ -111.610767755568773, 40.63849098697991 ], [ -111.61078303843793, 40.638351270867496 ], [ -111.610745879479239, 40.638166788471302 ], [ -111.610693109419373, 40.638085988990866 ], [ -111.610599969467287, 40.637987385489062 ], [ -111.610515640883804, 40.637947292063444 ], [ -111.610455085962712, 40.637920585998891 ], [ -111.610339888879807, 40.637867142523902 ], [ -111.610241042217424, 40.637791090710692 ], [ -111.610164868713511, 40.637737440838563 ], [ -111.610133877129343, 40.637710578396884 ], [ -111.610171389703183, 40.637674345279848 ], [ -111.61022655799583, 40.637629010125991 ], [ -111.610318015100319, 40.637542943882934 ], [ -111.610401153334976, 40.637452417173414 ], [ -111.610507818532824, 40.63734825293249 ], [ -111.610607470404361, 40.637253134404666 ], [ -111.610684695337952, 40.637162638754383 ], [ -111.610759735658377, 40.637091973811295 ], [ -111.610874907193008, 40.637012988682258 ], [ -111.610973621915321, 40.636944900982556 ], [ -111.611112459477823, 40.636867592150153 ], [ -111.611187729046392, 40.636822150158331 ], [ -111.611339409292668, 40.636726755620991 ], [ -111.611439511088392, 40.636681182004381 ], [ -111.611592619777028, 40.636612805761608 ], [ -111.611705687615569, 40.636562658879669 ], [ -111.611828091916948, 40.636498949326409 ], [ -111.611965909579865, 40.636439662330325 ], [ -111.612110492871992, 40.636344304385887 ], [ -111.612263312062609, 40.636244398229323 ], [ -111.612324225619972, 40.63618101414486 ], [ -111.612339145343313, 40.636131387014274 ], [ -111.612362383637304, 40.636086220136612 ], [ -111.612392428747299, 40.636009486599136 ], [ -111.612408366242605, 40.635941836598676 ], [ -111.612422997744204, 40.635860680424216 ], [ -111.61244598893137, 40.635788488643954 ], [ -111.612469185875852, 40.635738817596007 ], [ -111.61251464416442, 40.635666506642444 ], [ -111.612544730083485, 40.635594277209968 ], [ -111.612576039587836, 40.635526545644289 ], [ -111.612613113216298, 40.63544256777444 ], [ -111.614078375651985, 40.636614929242178 ], [ -111.613987678015022, 40.636654149033248 ], [ -111.613934713042454, 40.636681456812319 ], [ -111.613849861732078, 40.636713438430284 ], [ -111.61378870164171, 40.636749798433385 ], [ -111.613705156414781, 40.63679528609746 ], [ -111.613620428569831, 40.636840779984887 ], [ -111.613490806648798, 40.636891016681631 ], [ -111.613386058383838, 40.636945625482319 ], [ -111.613308342733376, 40.636982073165065 ], [ -111.613232015577182, 40.63704103524563 ], [ -111.613132079316259, 40.637104626991729 ], [ -111.613033036967309, 40.637136683353404 ], [ -111.612995526249591, 40.63717291739006 ], [ -111.612866150352389, 40.637250178266306 ], [ -111.612781503727845, 40.63730467983482 ], [ -111.612674512739403, 40.637372812982626 ], [ -111.612544971409477, 40.63743205691771 ], [ -111.612430720234613, 40.637482210891193 ], [ -111.612278792956687, 40.637550581973414 ], [ -111.612140932160997, 40.637605365199747 ], [ -111.612018402752213, 40.63765556264584 ], [ -111.611873487529152, 40.637714887303424 ], [ -111.611743862591553, 40.63776512205331 ], [ -111.611644941917916, 40.637810689672214 ], [ -111.611561476109472, 40.637865184090188 ], [ -111.611522822764627, 40.637905928061535 ], [ -111.611530205614386, 40.637937419515261 ], [ -111.611568210798936, 40.63795523570878 ], [ -111.611652252245648, 40.637963799336227 ], [ -111.611744530269647, 40.637967814906425 ], [ -111.611850875230047, 40.637958242780556 ], [ -111.611958114772648, 40.637917135267237 ], [ -111.612103318332544, 40.637889339525657 ], [ -111.612270948547192, 40.63785692033516 ], [ -111.612385612065054, 40.63785180797661 ], [ -111.612476583954717, 40.637842316795933 ], [ -111.612598301388672, 40.637832662450016 ], [ -111.612705746164593, 40.637814074974713 ], [ -111.612842836289559, 40.637804338807364 ], [ -111.612995381547364, 40.63780352916767 ], [ -111.613094935853709, 40.637827324236859 ], [ -111.61322389666644, 40.637833846486529 ], [ -111.613316298253494, 40.637851373236828 ], [ -111.613468967299298, 40.637864075405894 ], [ -111.613628690293268, 40.637872235526736 ], [ -111.613765821640797, 40.63786700240864 ], [ -111.613888597659937, 40.637843827984781 ], [ -111.613994694492291, 40.637807229020503 ], [ -111.614049007926255, 40.637797931503265 ], [ -111.61412456544457, 40.637784016622923 ], [ -111.614208070326299, 40.637734024511886 ], [ -111.614345723214029, 40.637656718107344 ], [ -111.614459849334779, 40.637593049815941 ], [ -111.614551466127025, 40.637524996836653 ], [ -111.614627833966111, 40.637470538037633 ], [ -111.614704284308743, 40.637425087477034 ], [ -111.614773474192731, 40.637361658060712 ], [ -111.615337434809959, 40.637863143154611 ], [ -111.61525511314403, 40.637913129776067 ], [ -111.615155028692712, 40.637960508342445 ], [ -111.61504899840638, 40.638004314998632 ], [ -111.61491819281126, 40.63805455959416 ], [ -111.614780308388987, 40.638106643472426 ], [ -111.614689567847805, 40.638141359672659 ], [ -111.614582247041795, 40.638173461423897 ], [ -111.614490175095668, 40.638191968844048 ], [ -111.614376900175714, 40.63821959772352 ], [ -111.614254247499531, 40.638256285100823 ] ] ] ] } },
{ "type": "Feature", "properties": { "xid": 83, "name": "KESSLER PEAK", "size_of_sl": "MAJOR", "return_int": "INFREQUENT", "starting_z": "9950 FT.", "vertical_f": "2890 FT.", "distance_t": "6300 FT.", "starting_1": "NORTH", "Shape__Are": 418994.43, "Shape__Len": 4335.62909468 }, "geometry": { "type": "MultiPolygon", "coordinates": [ [ [ [ -111.66749943017868, 40.630582651304614 ], [ -111.667568725992282, 40.630654320550669 ], [ -111.667598868712346, 40.630712703012684 ], [ -111.667637467621446, 40.630789054028099 ], [ -111.66766901716467, 40.630869950147428 ], [ -111.667691062818051, 40.630946396843598 ], [ -111.667712884191459, 40.631000323021425 ], [ -111.667736112329649, 40.631076762870094 ], [ -111.66775929565236, 40.631148698610289 ], [ -111.667758741435307, 40.63121176288039 ], [ -111.667781835088249, 40.631274690409271 ], [ -111.667774186525236, 40.631337795700595 ], [ -111.667797325110229, 40.631405227326717 ], [ -111.667810914819555, 40.631463705443025 ], [ -111.667842554651727, 40.631553609705428 ], [ -111.667881423605976, 40.631656985233668 ], [ -111.667912015867842, 40.631760408616195 ], [ -111.667926743274435, 40.631814375773629 ], [ -111.667949747532887, 40.631868295056179 ], [ -111.667995801049202, 40.631980637706697 ], [ -111.668017937233742, 40.632066092522855 ], [ -111.66804107632467, 40.63213352408777 ], [ -111.668056252833154, 40.632232532236742 ], [ -111.66807225266065, 40.63229550073185 ], [ -111.668080110310356, 40.63237202941 ], [ -111.668125251365154, 40.632511403441143 ], [ -111.668140293398466, 40.632596899268236 ], [ -111.668171889327041, 40.632682299314276 ], [ -111.668178519821851, 40.632754330719969 ], [ -111.668208843649978, 40.632830729392694 ], [ -111.668240484684645, 40.632920633515532 ], [ -111.668247339806783, 40.633015185416028 ], [ -111.66826224739799, 40.633087168916433 ], [ -111.668277289745006, 40.633172664714778 ], [ -111.668308796309333, 40.633249056510842 ], [ -111.668315579710949, 40.633336401840616 ], [ -111.668347068433206, 40.633410991983105 ], [ -111.668369430133552, 40.633518967203564 ], [ -111.668383110625442, 40.633586453423753 ], [ -111.668422894559242, 40.633662797275022 ], [ -111.668460538315216, 40.633761675298352 ], [ -111.66848399291662, 40.633860635444023 ], [ -111.668498945885673, 40.633937122999427 ], [ -111.668514901632093, 40.633995587308704 ], [ -111.668536949324576, 40.634072033786431 ], [ -111.668560404153482, 40.634170993909535 ], [ -111.668591223313157, 40.634296937545869 ], [ -111.668606284344378, 40.634384234917704 ], [ -111.66860602748838, 40.634477026204124 ], [ -111.668598379377656, 40.634540131511955 ], [ -111.668590866046202, 40.63461674911548 ], [ -111.668560706363664, 40.634675480390548 ], [ -111.668537821065357, 40.634752186981103 ], [ -111.668514666158799, 40.634801868973497 ], [ -111.668469224238692, 40.634869697407517 ], [ -111.668446248928589, 40.634937395781108 ], [ -111.668400627173739, 40.634987207792726 ], [ -111.668362100109732, 40.635036978724948 ], [ -111.668323393333907, 40.63506873324917 ], [ -111.668293053571006, 40.635109448058088 ], [ -111.66824029190623, 40.635154796965161 ], [ -111.66815582819163, 40.635222851067951 ], [ -111.6680946095032, 40.635250231404008 ], [ -111.668019246089329, 40.635282197889239 ], [ -111.66791195605532, 40.635314348984103 ], [ -111.667835544659795, 40.635359834486394 ], [ -111.66773675604864, 40.635414458046782 ], [ -111.667646154810996, 40.635460025471104 ], [ -111.667537816426574, 40.635505695354802 ], [ -111.667400874374195, 40.635529008656832 ], [ -111.667286399137183, 40.63555219197869 ], [ -111.66714831926457, 40.635580015914591 ], [ -111.667034981491966, 40.635598688057598 ], [ -111.666920281903344, 40.635599350520003 ], [ -111.666843510982318, 40.63560880257387 ], [ -111.665920672936949, 40.635681693165523 ], [ -111.665897631100918, 40.635862000374942 ], [ -111.665890095617499, 40.636055731237342 ], [ -111.665897484835185, 40.63620433245174 ], [ -111.665913401114423, 40.63649702394838 ], [ -111.665935759997311, 40.636604999605346 ], [ -111.6659891322481, 40.636739822549394 ], [ -111.666034451081686, 40.636897213701864 ], [ -111.666072675157622, 40.637054645753508 ], [ -111.666111813305875, 40.637185046370902 ], [ -111.666149769109268, 40.637315453792191 ], [ -111.666194685756935, 40.637432307969867 ], [ -111.666248506990868, 40.637612171753155 ], [ -111.666326157831833, 40.637809915437174 ], [ -111.666332589672948, 40.637981043884665 ], [ -111.666348302530935, 40.638134101346651 ], [ -111.66635573784248, 40.63828720656678 ], [ -111.666325377328789, 40.638445034229413 ], [ -111.666317036772426, 40.638557691263905 ], [ -111.666286855183998, 40.638733535301952 ], [ -111.666271553714182, 40.638859745558634 ], [ -111.666232780709066, 40.639004108650994 ], [ -111.666219109402206, 40.639175353049154 ], [ -111.666195529966515, 40.6393016110434 ], [ -111.66614930313014, 40.639409982252936 ], [ -111.666127085118532, 40.639554249797456 ], [ -111.66612702190956, 40.639666859050593 ], [ -111.666111809494197, 40.639802077464097 ], [ -111.666064981646286, 40.639969008717223 ], [ -111.666034395899146, 40.640104315784178 ], [ -111.665996759484912, 40.640244167858562 ], [ -111.665927910119777, 40.640456269596207 ], [ -111.665890452330856, 40.64061413801754 ], [ -111.665875149732202, 40.640740348189993 ], [ -111.665843828269288, 40.640920702978264 ], [ -111.665836202747172, 40.641105425481015 ], [ -111.66583649713364, 40.641254067477831 ], [ -111.665835967005663, 40.641438749058381 ], [ -111.665851500616455, 40.641573790115253 ], [ -111.665859938825164, 40.641708872080052 ], [ -111.665898031105428, 40.641852791753223 ], [ -111.665920615683163, 40.641983287777585 ], [ -111.665936060076731, 40.642109320617067 ], [ -111.665972701569459, 40.642226222500121 ], [ -111.665996692861953, 40.642379232155129 ], [ -111.666029007187873, 40.642536698150352 ], [ -111.666050678311919, 40.642694225520508 ], [ -111.666072905294811, 40.642788688732956 ], [ -111.666103697105314, 40.642911930394654 ], [ -111.666157236099238, 40.643062967812611 ], [ -111.666209987131509, 40.643134733138368 ], [ -111.666271553972635, 40.643260499806935 ], [ -111.66632470841715, 40.643372801923292 ], [ -111.666370767386354, 40.643485144958099 ], [ -111.66643202125843, 40.643579382871316 ], [ -111.666500281370162, 40.643664571607481 ], [ -111.666568720894446, 40.643767776675134 ], [ -111.66663807436116, 40.643843950310725 ], [ -111.666737351977247, 40.64395598594799 ], [ -111.666828396417927, 40.644072573392585 ], [ -111.666906163342574, 40.644162211332997 ], [ -111.666988750644023, 40.644260830080569 ], [ -111.667110947810102, 40.644417776517749 ], [ -111.667148595893579, 40.64451665475292 ], [ -111.667194701905203, 40.644633501512246 ], [ -111.667202140072732, 40.644786606485262 ], [ -111.667186614836538, 40.644890296267924 ], [ -111.667148843727873, 40.645016636328307 ], [ -111.667102973401668, 40.645161040567913 ], [ -111.667034229108609, 40.645265037758577 ], [ -111.666933732605273, 40.645387235701541 ], [ -111.666820405959953, 40.645527525048003 ], [ -111.666698576202052, 40.645645341620074 ], [ -111.666561416386031, 40.645767750904071 ], [ -111.666408747190687, 40.645876736477554 ], [ -111.666248668036999, 40.645954234146807 ], [ -111.666081179123083, 40.646000243880771 ], [ -111.66592783706146, 40.646041667439299 ], [ -111.665797968868077, 40.646064938050259 ], [ -111.66569157467373, 40.646070055792066 ], [ -111.665600599727483, 40.646079588910695 ], [ -111.665500854010872, 40.646039624648189 ], [ -111.665386916565495, 40.645999742075013 ], [ -111.665324926537835, 40.645950551397192 ], [ -111.665248700050583, 40.64589693835137 ], [ -111.665134136966685, 40.645793998218906 ], [ -111.665044499275197, 40.645699923124724 ], [ -111.664966733011653, 40.645610283948784 ], [ -111.664882740836603, 40.645489150108126 ], [ -111.664775965911502, 40.645336616903464 ], [ -111.664707304065658, 40.645210890321188 ], [ -111.664600485310601, 40.645053852845976 ], [ -111.664486347895362, 40.644874335622418 ], [ -111.664424827535527, 40.644753072117204 ], [ -111.664396197716883, 40.644609097584059 ], [ -111.664371473210181, 40.644501135387742 ], [ -111.664349158698357, 40.644397663671086 ], [ -111.664333600585167, 40.644259920002135 ], [ -111.664302990002511, 40.644154694257971 ], [ -111.664273044132528, 40.643997214192098 ], [ -111.664257647035413, 40.643875685245767 ], [ -111.664242205343953, 40.64374965219865 ], [ -111.664219400132069, 40.643596635385386 ], [ -111.664234036650839, 40.6434028640249 ], [ -111.664234236915505, 40.64330376710879 ], [ -111.664234079968011, 40.643168637421347 ], [ -111.664235082639337, 40.642911883523894 ], [ -111.664219150086652, 40.642736305388674 ], [ -111.664204355568458, 40.642556216346478 ], [ -111.664203930812761, 40.642394062060042 ], [ -111.664189091776322, 40.642209468907346 ], [ -111.664181616210797, 40.642051859518801 ], [ -111.66416550545307, 40.641858264958245 ], [ -111.664181235102149, 40.641655478551591 ], [ -111.664142834119431, 40.641480029594135 ], [ -111.664112220297767, 40.641254987934694 ], [ -111.66409715861279, 40.641047874240037 ], [ -111.664083502782105, 40.640863274225488 ], [ -111.664059471806709, 40.640705759996202 ], [ -111.664013753210455, 40.640507831269517 ], [ -111.663982805731678, 40.640368374205515 ], [ -111.663936217442256, 40.640201980924125 ], [ -111.663914105917058, 40.639999412054422 ], [ -111.663875706640198, 40.639823962945073 ], [ -111.663822202232581, 40.639675626783877 ], [ -111.6637688765246, 40.639545306990222 ], [ -111.663739246401491, 40.639419355331931 ], [ -111.663708300026286, 40.639279898159764 ], [ -111.663677353783712, 40.639140440974913 ], [ -111.663669879861217, 40.638982831457668 ], [ -111.663639023053719, 40.638852382453976 ], [ -111.663586390291343, 40.638672510650672 ], [ -111.663547725089373, 40.638470036776461 ], [ -111.663532995906863, 40.638296253235104 ], [ -111.66351747300665, 40.638042296690919 ], [ -111.66352456954121, 40.637803524983781 ], [ -111.663524660194057, 40.637573802236062 ], [ -111.66355554049531, 40.637348406922293 ], [ -111.663563305810072, 40.637177196709075 ], [ -111.663601280784462, 40.636951760601441 ], [ -111.663616140899862, 40.636780509603426 ], [ -111.663639501372387, 40.63663173154049 ], [ -111.663669466029077, 40.636433367573595 ], [ -111.663707529468766, 40.636216939612524 ], [ -111.663739077697485, 40.636059105740692 ], [ -111.663791553468357, 40.635865116695676 ], [ -111.663852440089386, 40.63568459234768 ], [ -111.66393661881277, 40.635467899179666 ], [ -111.664005871199834, 40.635296335360898 ], [ -111.664066578235136, 40.635097794480039 ], [ -111.664126191722758, 40.634908268569056 ], [ -111.664189396880744, 40.634723226324155 ], [ -111.664234552450637, 40.634506757341157 ], [ -111.66428807415349, 40.634299248928734 ], [ -111.66435692265992, 40.63408714795235 ], [ -111.664433311884565, 40.633920047144407 ], [ -111.664509522111913, 40.633734929870734 ], [ -111.664577231585824, 40.633527339659835 ], [ -111.664638337363129, 40.633369335375619 ], [ -111.664738105635649, 40.633175073628706 ], [ -111.664822412469874, 40.632971892079446 ], [ -111.664905670421163, 40.63278222958462 ], [ -111.664982747708763, 40.632565576447867 ], [ -111.665059044304385, 40.632389467000138 ], [ -111.665111826370705, 40.632227006012947 ], [ -111.665142499994616, 40.632100707228162 ], [ -111.665164404998947, 40.631924910961168 ], [ -111.665202997625897, 40.631762531648313 ], [ -111.665233914564084, 40.631541639829422 ], [ -111.665248724791198, 40.631365884399059 ], [ -111.665241114187452, 40.631194762480263 ], [ -111.665242918045678, 40.631019081962272 ], [ -111.665226807307178, 40.63082548718446 ], [ -111.665211233040452, 40.63068594165857 ], [ -111.665172809222398, 40.630507790220172 ], [ -111.66514258181067, 40.630321483702474 ], [ -111.665113152612349, 40.630096435051456 ], [ -111.66511982036738, 40.629934239578333 ], [ -111.665127447010192, 40.629749516761315 ], [ -111.6651808729561, 40.629532999604187 ], [ -111.665241193710202, 40.629415538696968 ], [ -111.665317709663725, 40.629261949546859 ], [ -111.665401632361764, 40.629139848213036 ], [ -111.665508108916939, 40.629026625574909 ], [ -111.665645370999513, 40.628917729760708 ], [ -111.665775672731229, 40.62882238700076 ], [ -111.665921210402573, 40.628713443147475 ], [ -111.666050463249888, 40.628631619216016 ], [ -111.666234058925909, 40.628544977285564 ], [ -111.666362710750377, 40.628521713204137 ], [ -111.666509321563638, 40.628520867153377 ], [ -111.666607635369701, 40.628538317163255 ], [ -111.66666806936756, 40.628551481401615 ], [ -111.6668282684779, 40.628609113234731 ], [ -111.666965824005601, 40.628648858165107 ], [ -111.667102735205845, 40.628742659018705 ], [ -111.667179122771259, 40.628814287560296 ], [ -111.667271105235898, 40.628908347762582 ], [ -111.667355035680004, 40.629024976237766 ], [ -111.667446105399279, 40.629146067751265 ], [ -111.667513438586155, 40.629258287664541 ], [ -111.667575997706109, 40.629366030769859 ], [ -111.667575802145066, 40.62946512789086 ], [ -111.66761429450402, 40.629649584261337 ], [ -111.667621596927575, 40.62978917729798 ], [ -111.667606927791127, 40.629978445339077 ], [ -111.667576573726365, 40.630136273504064 ], [ -111.667553672616819, 40.630330093476005 ], [ -111.667523183720448, 40.630474409310267 ], [ -111.66749943017868, 40.630582651304614 ] ] ] ] } },
{ "type": "Feature", "properties": { "xid": 87, "name": "STORM MOUNTAIN - STAIRS GULCH", "size_of_sl": "MAJOR", "return_int": "INFREQUENT", "starting_z": "10450 FT.", "vertical_f": "4710 FT.", "distance_t": "9400 FT.", "starting_1": "NE-N-NW", "Shape__Are": 894699.7, "Shape__Len": 7912.9722250200002 }, "geometry": { "type": "MultiPolygon", "coordinates": [ [ [ [ -111.740049796675493, 40.614843720574171 ], [ -111.740072565209914, 40.614978705583809 ], [ -111.740102625190488, 40.61513166131423 ], [ -111.740148847816698, 40.615356583265083 ], [ -111.740186983998612, 40.615491469752669 ], [ -111.740194474252803, 40.615527456652366 ], [ -111.740270288679184, 40.615648588531535 ], [ -111.740360885252102, 40.615823677952093 ], [ -111.740431485958922, 40.61600790421798 ], [ -111.740492331805768, 40.616165166803874 ], [ -111.740576284630436, 40.616380837895612 ], [ -111.74062117843097, 40.616592255038043 ], [ -111.74068134059371, 40.61679456551115 ], [ -111.740759314575826, 40.617003968680748 ], [ -111.740865650150326, 40.617212288983225 ], [ -111.741034669177168, 40.617422909611996 ], [ -111.741055113790324, 40.617454308960149 ], [ -111.741262746202096, 40.617628646581608 ], [ -111.741460723403947, 40.617785028365077 ], [ -111.741605206397594, 40.617914727153419 ], [ -111.741736002425966, 40.618089557270629 ], [ -111.741819563153797, 40.618269195005205 ], [ -111.741865395236829, 40.618458083754035 ], [ -111.741887634374493, 40.618651628397302 ], [ -111.741910756822719, 40.618818141193579 ], [ -111.741912251734917, 40.618953262397056 ], [ -111.741918574958746, 40.619097361300106 ], [ -111.741910512941104, 40.6192235351714 ], [ -111.741926293512918, 40.619367573312687 ], [ -111.742032666459352, 40.619578594814875 ], [ -111.742163217661727, 40.619730904163667 ], [ -111.742422726120637, 40.619891393150887 ], [ -111.742604945431609, 40.620011839314643 ], [ -111.742771647411942, 40.620118871910336 ], [ -111.742911793074299, 40.620176527145176 ], [ -111.743116725038121, 40.620319348179663 ], [ -111.743322790129653, 40.620457657193022 ], [ -111.743643045211272, 40.620658291632679 ], [ -111.743895167843988, 40.620791798675739 ], [ -111.744093160567573, 40.620948175725211 ], [ -111.744290904244508, 40.621082032243137 ], [ -111.744481505523297, 40.621211430102115 ], [ -111.744656588895978, 40.621327414626734 ], [ -111.744840148403327, 40.621461361647079 ], [ -111.745129174976199, 40.621617149736053 ], [ -111.745390361246649, 40.621714560138543 ], [ -111.745610902482582, 40.621771693147998 ], [ -111.745756414013613, 40.621779762326135 ], [ -111.745977586777826, 40.621787342624664 ], [ -111.746145560300576, 40.621795266220573 ], [ -111.74633576609736, 40.621888628687422 ], [ -111.746518578292154, 40.62195501248808 ], [ -111.746771542544394, 40.622056977257024 ], [ -111.746915292456208, 40.622119108647304 ], [ -111.747022574678581, 40.622197691435197 ], [ -111.747122123663331, 40.622324971203589 ], [ -111.747175144942403, 40.622414715317269 ], [ -111.747242955326399, 40.622558415994675 ], [ -111.747236235822271, 40.622698094523557 ], [ -111.747167789671394, 40.622815650634699 ], [ -111.747067172257729, 40.622910893036064 ], [ -111.746908224026143, 40.6229704777639 ], [ -111.746701484796944, 40.62298532771937 ], [ -111.746542185016025, 40.623013383722601 ], [ -111.746403964649247, 40.623023285845207 ], [ -111.74622155065309, 40.622992934160074 ], [ -111.74612111143945, 40.622998087459209 ], [ -111.746007467253548, 40.622985308545346 ], [ -111.745931604270851, 40.622967781141455 ], [ -111.745801509191068, 40.622964116992286 ], [ -111.745618945354906, 40.622920252251888 ], [ -111.745481486604078, 40.622892311757965 ], [ -111.745306136673662, 40.622859210410944 ], [ -111.745199285868367, 40.6228193607188 ], [ -111.74507674595813, 40.622750784264376 ], [ -111.744940109702924, 40.622690406448349 ], [ -111.744825915886054, 40.62262808198895 ], [ -111.744748421137587, 40.622570025116495 ], [ -111.744649496512409, 40.622498593298808 ], [ -111.744512241011421, 40.622382364936506 ], [ -111.744459673372504, 40.622333155881599 ], [ -111.744351953896697, 40.622214935182086 ], [ -111.744238063781481, 40.622073331485787 ], [ -111.744123121900088, 40.621943445779031 ], [ -111.744054536445759, 40.621835783091818 ], [ -111.74393235218588, 40.621692430774928 ], [ -111.743788006367893, 40.621576247201823 ], [ -111.74365779751146, 40.621455468056531 ], [ -111.743582469745121, 40.621379378998526 ], [ -111.743490541432223, 40.621298892403679 ], [ -111.743398863012445, 40.621240925916432 ], [ -111.743223732092176, 40.621120435425127 ], [ -111.743024658484131, 40.620973072556964 ], [ -111.74298662869279, 40.620955299790332 ], [ -111.742872220088785, 40.620873155573449 ], [ -111.742756669487775, 40.620794622072943 ], [ -111.742559159124596, 40.620681481462093 ], [ -111.74222403727633, 40.620525983145541 ], [ -111.742117776018674, 40.620432074476355 ], [ -111.741963948703884, 40.620313246895194 ], [ -111.741781480581992, 40.620170279527223 ], [ -111.741628966155886, 40.620063154393478 ], [ -111.741529948938989, 40.619982711731964 ], [ -111.741407288475045, 40.619902420768575 ], [ -111.741269794973903, 40.619763668204648 ], [ -111.741155995213106, 40.619629267779935 ], [ -111.741025794886568, 40.619508485551883 ], [ -111.740972535310803, 40.619396218274375 ], [ -111.740873756566899, 40.619230190665093 ], [ -111.74084275948745, 40.619099763063389 ], [ -111.740865158681089, 40.618987010368713 ], [ -111.740904643230508, 40.6188155913758 ], [ -111.74092837367759, 40.618716343205016 ], [ -111.740942049665293, 40.618563107206533 ], [ -111.740926818819261, 40.618468613346764 ], [ -111.740912372066489, 40.618338079566804 ], [ -111.740836603129893, 40.618221452243773 ], [ -111.740690889048935, 40.618087256033057 ], [ -111.740561090493046, 40.618002505552617 ], [ -111.740469269924716, 40.617931024518271 ], [ -111.740339501784334, 40.617848976206886 ], [ -111.740171945348308, 40.617770773425192 ], [ -111.739980677009243, 40.617686416223123 ], [ -111.73979064096811, 40.617606555169829 ], [ -111.739637499871023, 40.61754897933001 ], [ -111.739492435298516, 40.617473334125251 ], [ -111.739295009738527, 40.617366493394876 ], [ -111.73914137319268, 40.617263876445058 ], [ -111.739026945827646, 40.617179025843683 ], [ -111.738883899622493, 40.617071836416081 ], [ -111.738706373855194, 40.616946849902732 ], [ -111.738524150025725, 40.61682459577208 ], [ -111.738371717852488, 40.616723771826571 ], [ -111.738226309430118, 40.616616596673666 ], [ -111.738104692490538, 40.616522782374197 ], [ -111.737936527415329, 40.616388726109015 ], [ -111.737792203427702, 40.616272534745221 ], [ -111.737638472605411, 40.616160907641742 ], [ -111.73750971513887, 40.616062633947223 ], [ -111.73741063945711, 40.61597588193807 ], [ -111.737242744504215, 40.615866146480634 ], [ -111.737035573436657, 40.615732337868074 ], [ -111.736815400098536, 40.615598611831203 ], [ -111.736692901724041, 40.61553182782486 ], [ -111.736532279699119, 40.615438260638079 ], [ -111.736342155189703, 40.615349385691147 ], [ -111.736197296828692, 40.61529175243961 ], [ -111.736028796846824, 40.615234269674588 ], [ -111.735823652285291, 40.615177020137402 ], [ -111.735731350255577, 40.615168599445013 ], [ -111.735571471399624, 40.615142591638509 ], [ -111.735227973478857, 40.615081717764795 ], [ -111.734762622213879, 40.615012609431886 ], [ -111.734395483881855, 40.614951883474681 ], [ -111.734038000079835, 40.614909112445247 ], [ -111.733793898562638, 40.614856611249657 ], [ -111.733756022491988, 40.614852347527844 ], [ -111.733503351237516, 40.614772873973834 ], [ -111.733344163752705, 40.614701815038963 ], [ -111.73313055152758, 40.614626597010435 ], [ -111.732840794379413, 40.614506818124127 ], [ -111.73267220077912, 40.614440322306216 ], [ -111.732512965761089, 40.614364758153989 ], [ -111.732214690436749, 40.614222509885536 ], [ -111.732009109723364, 40.614124717023522 ], [ -111.731788015227863, 40.614013508995214 ], [ -111.731520427697532, 40.613866560104405 ], [ -111.731269488500331, 40.613728513907965 ], [ -111.7310625813206, 40.613617214646794 ], [ -111.730918618729362, 40.613532542870772 ], [ -111.730697086367897, 40.613380796209086 ], [ -111.730483584158861, 40.613206476494923 ], [ -111.730330019587981, 40.613108351606847 ], [ -111.730132474256706, 40.612987982725826 ], [ -111.729948967222541, 40.612854011678166 ], [ -111.729773833285506, 40.612728996161017 ], [ -111.729598680403782, 40.612602178746975 ], [ -111.729422434302506, 40.612483475828171 ], [ -111.729239671397139, 40.612308959630433 ], [ -111.729154620166284, 40.612205896170003 ], [ -111.729064302523881, 40.6120533178469 ], [ -111.728934684410376, 40.61187396129057 ], [ -111.728850277890828, 40.611721345481577 ], [ -111.728781776454838, 40.611618177291561 ], [ -111.728629652483946, 40.611434458019254 ], [ -111.72852313116104, 40.611313512048532 ], [ -111.728346675172006, 40.611174989553106 ], [ -111.728301318136658, 40.611134736264439 ], [ -111.728171353039485, 40.611031955265972 ], [ -111.728080590539918, 40.610946944466583 ], [ -111.727973035610106, 40.610839517595984 ], [ -111.727904536436398, 40.610736348850615 ], [ -111.727835773572707, 40.610608858132608 ], [ -111.727813295136656, 40.610498192312811 ], [ -111.727797723140554, 40.610370366363433 ], [ -111.727804199459953, 40.610313570503173 ], [ -111.72779165555805, 40.610137979154118 ], [ -111.727752541354846, 40.610019310276719 ], [ -111.727767203214043, 40.609845349233865 ], [ -111.727744510167582, 40.609714865511961 ], [ -111.727759689949778, 40.609588647515473 ], [ -111.72779821635794, 40.609435256180078 ], [ -111.727813444850568, 40.609313542233757 ], [ -111.727873637747024, 40.609196049289892 ], [ -111.727950084999136, 40.609051427646271 ], [ -111.727989197218704, 40.608952084983336 ], [ -111.72795793693588, 40.608794629062828 ], [ -111.727873341127022, 40.608623996157235 ], [ -111.727743781801522, 40.608449142136472 ], [ -111.72762180351819, 40.608319283909886 ], [ -111.727484801980737, 40.608221050773864 ], [ -111.727347878978307, 40.608130023971356 ], [ -111.727148995995137, 40.607993442526748 ], [ -111.72701997671146, 40.607868132349452 ], [ -111.726897805679585, 40.60772025706828 ], [ -111.726827934252867, 40.607599078769574 ], [ -111.72668385463929, 40.607392784293751 ], [ -111.726624719114596, 40.60728054705843 ], [ -111.726539434473594, 40.607154961169613 ], [ -111.726424113672266, 40.606984520413242 ], [ -111.726347846496395, 40.60681833831179 ], [ -111.726256165663969, 40.606647748705093 ], [ -111.726226238804543, 40.606503796973961 ], [ -111.726210690371005, 40.606377772315 ], [ -111.72623338330537, 40.606290244804519 ], [ -111.7262642717277, 40.606195458758755 ], [ -111.726295179568424, 40.606102474330271 ], [ -111.726340847804821, 40.605953542848596 ], [ -111.726362926010836, 40.60580926407696 ], [ -111.726393277617717, 40.605664933264997 ], [ -111.726423824167469, 40.605538618707413 ], [ -111.726462644065577, 40.605412252101935 ], [ -111.72647053880462, 40.605268062507513 ], [ -111.726478238433515, 40.605105856643348 ], [ -111.72649332214408, 40.604970630568438 ], [ -111.726522539977353, 40.604830811208267 ], [ -111.72656982777437, 40.604722408781114 ], [ -111.726614800381881, 40.604618525271626 ], [ -111.726676026855571, 40.604487513239228 ], [ -111.726728394336192, 40.604302504428048 ], [ -111.726745450895237, 40.604131230898453 ], [ -111.726807565837802, 40.60397318695231 ], [ -111.726820480036949, 40.603855991959342 ], [ -111.726850976214664, 40.603725173196182 ], [ -111.726904426945353, 40.603531148717792 ], [ -111.726934922820774, 40.60340032992783 ], [ -111.727034016713574, 40.603273583720387 ], [ -111.727094010486027, 40.60313807482575 ], [ -111.727186354112888, 40.603042901600546 ], [ -111.727347734721988, 40.602992337317005 ], [ -111.727552395310141, 40.603009065810006 ], [ -111.727705444045341, 40.603062154127748 ], [ -111.727850464140516, 40.603137814708987 ], [ -111.728071516110049, 40.603249030848602 ], [ -111.728223970522251, 40.603356174713205 ], [ -111.728391838861015, 40.603467725541819 ], [ -111.728529964885411, 40.603561446233996 ], [ -111.728712310450732, 40.603699931516431 ], [ -111.728873186952782, 40.60382053449549 ], [ -111.729056422179625, 40.603931987368483 ], [ -111.729253742880587, 40.604034342266367 ], [ -111.729491346708755, 40.604145451150771 ], [ -111.729673947061613, 40.604198350188717 ], [ -111.729857582613604, 40.604237729275148 ], [ -111.730070569885555, 40.604258905047132 ], [ -111.7302388410981, 40.604298380642838 ], [ -111.730383847083331, 40.604372236353925 ], [ -111.73065762214415, 40.604439872101402 ], [ -111.730877848912243, 40.604474513702961 ], [ -111.731130723578815, 40.604576513815559 ], [ -111.731321894285614, 40.604656382223006 ], [ -111.731473816902138, 40.604713977019252 ], [ -111.731635489753813, 40.6047985360875 ], [ -111.731878220887879, 40.604945642531995 ], [ -111.732129914587873, 40.605155752860931 ], [ -111.732366176067458, 40.605359654364499 ], [ -111.732511619412875, 40.605473143080353 ], [ -111.732732193476281, 40.605647414455952 ], [ -111.7329228268447, 40.605785840428616 ], [ -111.733190237234552, 40.605919274350079 ], [ -111.733388308838286, 40.605981078010451 ], [ -111.733610856622406, 40.606011195266611 ], [ -111.733824441793814, 40.606086412751729 ], [ -111.734067920761603, 40.60619297044709 ], [ -111.734228467777172, 40.606282037374569 ], [ -111.734419007407951, 40.606411452704954 ], [ -111.73457847210237, 40.606509534764221 ], [ -111.734724099245526, 40.606639235222659 ], [ -111.734854164332376, 40.606751017025253 ], [ -111.734960294874156, 40.606835924762819 ], [ -111.735120745900375, 40.606915982303498 ], [ -111.735303604961885, 40.606991392592576 ], [ -111.735479471489384, 40.607075855858966 ], [ -111.73559397576426, 40.607169718423251 ], [ -111.735723355320332, 40.607326547298179 ], [ -111.735838156781213, 40.607447433941395 ], [ -111.735960178875999, 40.607579985818276 ], [ -111.736097557061839, 40.607711538820226 ], [ -111.736212508145897, 40.607845937235524 ], [ -111.736295101716777, 40.607940002490849 ], [ -111.736409756939864, 40.608047376372326 ], [ -111.736502083694688, 40.608166603884094 ], [ -111.736599623323883, 40.608329940891117 ], [ -111.736661486576963, 40.608473686143149 ], [ -111.736707885477259, 40.608608521262141 ], [ -111.736746406442734, 40.608779441562824 ], [ -111.736769067162044, 40.608905419334285 ], [ -111.73674621898634, 40.60897763498307 ], [ -111.736715245265742, 40.609063415563 ], [ -111.736662061037805, 40.609171859642181 ], [ -111.736654726881554, 40.609257489422298 ], [ -111.736684756536363, 40.609408644662196 ], [ -111.736729158221252, 40.609576824813409 ], [ -111.736723401836414, 40.609698479472506 ], [ -111.736707353709292, 40.609851730352787 ], [ -111.736647106537617, 40.609962922084591 ], [ -111.736630880124238, 40.610099958360863 ], [ -111.736600499261712, 40.610239787526687 ], [ -111.736539435531043, 40.610384316724399 ], [ -111.736517229522434, 40.610515084994113 ], [ -111.73648650691446, 40.610731490545838 ], [ -111.736471392795124, 40.610862213575928 ], [ -111.736433869717033, 40.610997583857298 ], [ -111.736395263363207, 40.611141969764759 ], [ -111.736385960210754, 40.611263646990345 ], [ -111.736364540104432, 40.611358375266583 ], [ -111.736373560626305, 40.611533988059797 ], [ -111.736341996591051, 40.611673824669793 ], [ -111.736311223500209, 40.61188572608998 ], [ -111.736281118082744, 40.612050777828252 ], [ -111.736220200380671, 40.612208818985721 ], [ -111.736197864666337, 40.612327876630893 ], [ -111.736136501643216, 40.612445381281731 ], [ -111.736128310718684, 40.612560745259486 ], [ -111.736096419488135, 40.612670855050602 ], [ -111.736066674776112, 40.612761131941191 ], [ -111.736089829967824, 40.612932150266097 ], [ -111.736089883642421, 40.613044759065957 ], [ -111.736081959496047, 40.613184444902579 ], [ -111.736089941571024, 40.613265472608695 ], [ -111.736090390693434, 40.613414113804659 ], [ -111.736158049387655, 40.613547011779623 ], [ -111.736235501073949, 40.613710476967071 ], [ -111.736372036829991, 40.613871763653243 ], [ -111.736509508022536, 40.614010522382557 ], [ -111.736648310265934, 40.614162785547855 ], [ -111.73679144562189, 40.614278985981272 ], [ -111.736891878196246, 40.614381945609161 ], [ -111.737005214972925, 40.614475814072428 ], [ -111.737143375776355, 40.614569523983434 ], [ -111.73729552390931, 40.614645126976939 ], [ -111.737509629448894, 40.614657273041551 ], [ -111.737577893060873, 40.614629810921315 ], [ -111.737623300782403, 40.614566459823997 ], [ -111.737615359472827, 40.614381831606678 ], [ -111.737592794226444, 40.614264862246372 ], [ -111.737547373426565, 40.614112003921974 ], [ -111.737462994033848, 40.61396389871004 ], [ -111.737402497591646, 40.6137300580139 ], [ -111.737355994571388, 40.613586215238179 ], [ -111.737348443985383, 40.613329514632007 ], [ -111.737349266884294, 40.613081769286104 ], [ -111.737272619032041, 40.612884066523058 ], [ -111.737196100347134, 40.612698074227836 ], [ -111.737158140138732, 40.612578500391031 ], [ -111.737142272616779, 40.612425453226528 ], [ -111.7370820757247, 40.612218636580089 ], [ -111.737027987356399, 40.612029798377812 ], [ -111.73695956644346, 40.61182753849954 ], [ -111.736913851923916, 40.611647655529865 ], [ -111.736883355565652, 40.611454162341452 ], [ -111.736921842279003, 40.611298966563488 ], [ -111.737057002953236, 40.61122783596111 ], [ -111.737294737991917, 40.611239831657372 ], [ -111.73749268049481, 40.61128811590023 ], [ -111.737614138400232, 40.61136841886789 ], [ -111.737699597731932, 40.611507508410853 ], [ -111.737738073457678, 40.611673924208844 ], [ -111.737737443211543, 40.611831581057615 ], [ -111.737707757434478, 40.612034467156434 ], [ -111.737692156897779, 40.612228254543787 ], [ -111.737708669598391, 40.612439854270328 ], [ -111.737699028759849, 40.61263810794388 ], [ -111.737714402230125, 40.612746114523048 ], [ -111.737751597616011, 40.612903529726722 ], [ -111.737783081080593, 40.613078998863514 ], [ -111.737844661189385, 40.613303823731137 ], [ -111.737890478497107, 40.613492714346329 ], [ -111.737929501000792, 40.613708674540355 ], [ -111.737951627898397, 40.613893212116658 ], [ -111.738012247892485, 40.614030658323195 ], [ -111.738065852544338, 40.614282560182488 ], [ -111.738111443173423, 40.614450732048518 ], [ -111.73819533656507, 40.614661900973076 ], [ -111.73825642380649, 40.614841685065045 ], [ -111.738263813792003, 40.614868664009705 ], [ -111.738355417566922, 40.615028433766604 ], [ -111.738401993194657, 40.615178581741937 ], [ -111.738484111218483, 40.615335709415319 ], [ -111.738569557683547, 40.615472996541079 ], [ -111.738661530118108, 40.615666095965366 ], [ -111.738759871355867, 40.615793390869179 ], [ -111.738866864820281, 40.615954863491424 ], [ -111.738996715897756, 40.616152224654876 ], [ -111.739087797065125, 40.616264250887312 ], [ -111.739156716243443, 40.616403445061195 ], [ -111.73929447645915, 40.616567422969403 ], [ -111.739392820237711, 40.616694717292418 ], [ -111.739530502168421, 40.616851488429859 ], [ -111.739698572212546, 40.616976534237615 ], [ -111.739835659186355, 40.617079256468159 ], [ -111.739919352104693, 40.617164303178413 ], [ -111.740003879468077, 40.617217813947036 ], [ -111.740110320629782, 40.617221636243883 ], [ -111.740171294144858, 40.617176201869114 ], [ -111.740171918530521, 40.617018545201809 ], [ -111.740126241373105, 40.616843167814359 ], [ -111.740095097804016, 40.616699227804993 ], [ -111.740026911191265, 40.616519490248542 ], [ -111.739980549622771, 40.616389160796921 ], [ -111.739935469734604, 40.616267831837014 ], [ -111.73988196618555, 40.61613304373391 ], [ -111.739775009425401, 40.615867971482928 ], [ -111.739744016131056, 40.615737543478502 ], [ -111.739698042957556, 40.615535141595799 ], [ -111.739660692440893, 40.615364215007581 ], [ -111.739614183405152, 40.615220373233868 ], [ -111.739568558664772, 40.615049499593539 ], [ -111.739491802634944, 40.614842790355745 ], [ -111.739415642951499, 40.614690129606956 ], [ -111.73934700309556, 40.614576158194069 ], [ -111.739277886875925, 40.614418947891849 ], [ -111.739218247445095, 40.614263478632758 ], [ -111.739141443791596, 40.614052265070136 ], [ -111.739116999061579, 40.613872246932459 ], [ -111.739087826208362, 40.613692259040995 ], [ -111.739104018576015, 40.613552520112272 ], [ -111.739164344208532, 40.613448533650406 ], [ -111.739286732469381, 40.613398202281545 ], [ -111.739392084777791, 40.613411040956713 ], [ -111.739561914015113, 40.613482023418392 ], [ -111.739644320630944, 40.613558069899021 ], [ -111.739714251268481, 40.61368194249112 ], [ -111.739766490900706, 40.613809531846329 ], [ -111.739819992294542, 40.613944320075127 ], [ -111.739888622808493, 40.61416459427425 ], [ -111.739949128314038, 40.614398433571395 ], [ -111.739973217097869, 40.61443881851077 ], [ -111.740011700244679, 40.614605233403218 ], [ -111.740039892713497, 40.614803244763166 ], [ -111.740049796675493, 40.614843720574171 ] ] ] ] } },
{ "type": "Feature", "properties": { "xid": 88, "name": "ROAD BANK SLIDE", "size_of_sl": null, "return_int": null, "starting_z": null, "vertical_f": null, "distance_t": null, "starting_1": null, "Shape__Are": 13159.935, "Shape__Len": 684.32447970700002 }, "geometry": { "type": "MultiPolygon", "coordinates": [ [ [ [ -111.747092175677238, 40.621228804402001 ], [ -111.747159372361892, 40.621317555969235 ], [ -111.747182647175123, 40.621390375980795 ], [ -111.747236599014087, 40.621457592274645 ], [ -111.747260165088946, 40.621556535656573 ], [ -111.747265697012509, 40.621628569579315 ], [ -111.747275026540379, 40.621723100714362 ], [ -111.74726755422995, 40.621795218778914 ], [ -111.747244612821746, 40.621858428218779 ], [ -111.747198227968838, 40.62193980676102 ], [ -111.747160068286419, 40.62201662771362 ], [ -111.747121707773786, 40.622075432524269 ], [ -111.747068809371996, 40.622102800866777 ], [ -111.747000190925306, 40.622098740367868 ], [ -111.746924168147004, 40.622066800702896 ], [ -111.746832295107737, 40.621991721660571 ], [ -111.746755680628155, 40.621906634295982 ], [ -111.746679696836651, 40.621771994871665 ], [ -111.746611888475812, 40.621628293826369 ], [ -111.746588122732092, 40.621511334172105 ], [ -111.746549769513635, 40.621358433948089 ], [ -111.746502510479985, 40.621255139207918 ], [ -111.746443469755874, 40.62115552408212 ], [ -111.746374791180642, 40.621039755523171 ], [ -111.746320640021239, 40.620954522675376 ], [ -111.746267470684955, 40.620851266024161 ], [ -111.746236813207958, 40.620752368245299 ], [ -111.74622302649982, 40.620575886487195 ], [ -111.746207086018501, 40.62041833694331 ], [ -111.746222193037468, 40.620288513809321 ], [ -111.746237139607615, 40.620144277759913 ], [ -111.746306115259799, 40.619968162064851 ], [ -111.746343462691883, 40.619818376004815 ], [ -111.746397420484698, 40.619673887810158 ], [ -111.746443363591936, 40.619552874055636 ], [ -111.746535501210403, 40.619439669531161 ], [ -111.74658696485821, 40.619389788904499 ], [ -111.746673692713159, 40.619321662830707 ], [ -111.746756193311015, 40.6192986076165 ], [ -111.746854814400848, 40.619343013482641 ], [ -111.746908563567231, 40.619392213832384 ], [ -111.746923401715691, 40.619450674535827 ], [ -111.746908205918857, 40.619572390504629 ], [ -111.746832619120738, 40.61968548829546 ], [ -111.746765056476775, 40.619776012356823 ], [ -111.746717791198577, 40.619884422578131 ], [ -111.746681165339794, 40.619992763991242 ], [ -111.746663454186546, 40.620100983104919 ], [ -111.746687620752596, 40.62025397504874 ], [ -111.746710404630875, 40.620388958489954 ], [ -111.746725744405936, 40.620492459547897 ], [ -111.746741034072969, 40.620591456567681 ], [ -111.746801297043717, 40.620694667133904 ], [ -111.746855649259089, 40.620797915890883 ], [ -111.746900694628039, 40.620914737884185 ], [ -111.746962130299153, 40.621017039903755 ], [ -111.747023385519995, 40.621103127367896 ], [ -111.747069111780206, 40.621174901307612 ], [ -111.747092175677238, 40.621228804402001 ] ] ] ] } },
{ "type": "Feature", "properties": { "xid": 89, "name": "ROAD BANK SLIDE", "size_of_sl": null, "return_int": null, "starting_z": null, "vertical_f": null, "distance_t": null, "starting_1": null, "Shape__Are": 13173.335, "Shape__Len": 582.57851553499995 }, "geometry": { "type": "MultiPolygon", "coordinates": [ [ [ [ -111.748965875541799, 40.621421166122673 ], [ -111.748835682750553, 40.621408497303555 ], [ -111.748667659650465, 40.621396073582972 ], [ -111.748561110927895, 40.621383251176248 ], [ -111.748454763341712, 40.621388444796644 ], [ -111.748309453445785, 40.621398395139707 ], [ -111.748189019938906, 40.621412688499099 ], [ -111.748095626212645, 40.621413293509669 ], [ -111.747973960188617, 40.621423090271378 ], [ -111.747920861697096, 40.621432442871878 ], [ -111.747837025999431, 40.621441994488428 ], [ -111.747774319188096, 40.621437896167109 ], [ -111.7477220010541, 40.621411208764691 ], [ -111.747699137481661, 40.621375321931801 ], [ -111.7476923726976, 40.621298791652052 ], [ -111.747722256000742, 40.621222024101556 ], [ -111.747783907800269, 40.621131537774659 ], [ -111.747820934314802, 40.621059228302343 ], [ -111.747913101764283, 40.620948725129836 ], [ -111.74797364120721, 40.620864552003148 ], [ -111.748073172602076, 40.620778324539174 ], [ -111.74818692013055, 40.620694707506175 ], [ -111.748263808551158, 40.620592410876661 ], [ -111.748340525837676, 40.620474800486527 ], [ -111.748385273719251, 40.620352892856019 ], [ -111.748424261360995, 40.620244535609679 ], [ -111.748452760106858, 40.620149759399091 ], [ -111.748470870563878, 40.620077572297106 ], [ -111.748500551350048, 40.619982788411711 ], [ -111.748555138113176, 40.619895050063235 ], [ -111.748591604440023, 40.61987859800751 ], [ -111.74865164378194, 40.6198556870307 ], [ -111.748729088407245, 40.619909237276588 ], [ -111.74878995732594, 40.620066495181852 ], [ -111.748805929149697, 40.620120443923916 ], [ -111.748820869713001, 40.620187912424214 ], [ -111.748820592877749, 40.620268992665046 ], [ -111.748828470590226, 40.620339209571945 ], [ -111.748820190101213, 40.620444665238779 ], [ -111.748805777366229, 40.620530341488866 ], [ -111.748805701703645, 40.620629437851811 ], [ -111.748821925169636, 40.620705906743254 ], [ -111.748874897097167, 40.620791146061251 ], [ -111.748996335525263, 40.620866932623031 ], [ -111.749110510004542, 40.620927451357268 ], [ -111.749247387892055, 40.621009443604358 ], [ -111.74935577267749, 40.621080810112403 ], [ -111.749477312856172, 40.621165604216408 ], [ -111.749583686195976, 40.621268514061292 ], [ -111.749660404204676, 40.621362607594207 ], [ -111.749675345921887, 40.621430075959459 ], [ -111.749637340433139, 40.621520409800091 ], [ -111.749554636741507, 40.621525450958352 ], [ -111.74943060634908, 40.621535264600062 ], [ -111.749286025526402, 40.621504672227786 ], [ -111.749148487711324, 40.621469529630708 ], [ -111.749050063240546, 40.621443141903903 ], [ -111.748965875541799, 40.621421166122673 ] ] ] ] } },
{ "type": "Feature", "properties": { "xid": 102, "name": "LITTLE PINE EAST", "size_of_sl": "MAJOR", "return_int": "OCCASIONAL", "starting_z": "10640 FT.", "vertical_f": "2960 FT.", "distance_t": "5680 FT.", "starting_1": "SE-S-SW", "Shape__Are": 744063.08, "Shape__Len": 6936.7181657700003 }, "geometry": { "type": "MultiPolygon", "coordinates": [ [ [ [ -111.676211568091901, 40.575680301771825 ], [ -111.677589139738572, 40.575325390543 ], [ -111.677669402607364, 40.575317712674732 ], [ -111.677784771259866, 40.575276496192025 ], [ -111.677944714870748, 40.575203487179216 ], [ -111.678181403786368, 40.575125523011693 ], [ -111.678371291050453, 40.575092877243868 ], [ -111.678668731103457, 40.575064103745135 ], [ -111.678896969084633, 40.575085284639194 ], [ -111.679127160116693, 40.575065913968707 ], [ -111.679294964565742, 40.575069431733233 ], [ -111.679508798088591, 40.575068174104103 ], [ -111.679707182226238, 40.575057998177378 ], [ -111.679782864791406, 40.575064759882594 ], [ -111.679844361445461, 40.575070704144963 ], [ -111.679980541715722, 40.575101433443017 ], [ -111.680172430438006, 40.575149852194187 ], [ -111.680439112855325, 40.575233865315603 ], [ -111.680675170704291, 40.575327067080373 ], [ -111.680943264175497, 40.575433592732594 ], [ -111.681111121473052, 40.575558726422017 ], [ -111.681324192856295, 40.575715124018018 ], [ -111.681507005501899, 40.575916743757944 ], [ -111.681637699691805, 40.576105157541257 ], [ -111.681705322091702, 40.576248899371706 ], [ -111.681819660460164, 40.576455427063927 ], [ -111.681896056645797, 40.576648665407085 ], [ -111.681957094672043, 40.576841994360649 ], [ -111.681995274150253, 40.576994918616677 ], [ -111.682018140871605, 40.577152437665639 ], [ -111.68203328653054, 40.577364055108283 ], [ -111.682026167822613, 40.577593821599763 ], [ -111.682041267882653, 40.577800934893354 ], [ -111.682064051439696, 40.578066560020588 ], [ -111.682041345138188, 40.578273896518226 ], [ -111.682033723224023, 40.578454117540844 ], [ -111.68204868630275, 40.578647718410394 ], [ -111.682041384593191, 40.578859468332496 ], [ -111.682018037577933, 40.579003746981044 ], [ -111.682025957664308, 40.579201893817498 ], [ -111.682018335638134, 40.579382114811487 ], [ -111.682026530255442, 40.579607286411552 ], [ -111.682025722626747, 40.579760440763089 ], [ -111.682024274564668, 40.579850537300956 ], [ -111.682025738418076, 40.579994669436275 ], [ -111.682034474203078, 40.580156776229195 ], [ -111.682049117497598, 40.580318848136535 ], [ -111.682079577806206, 40.580525870632357 ], [ -111.682094678815872, 40.580732983807614 ], [ -111.682141222968113, 40.580894867312736 ], [ -111.682171272032292, 40.581061352605651 ], [ -111.682224859895982, 40.581218690071843 ], [ -111.682293853423388, 40.58138044091271 ], [ -111.682376933910703, 40.581533099695989 ], [ -111.682453512097396, 40.581627239657358 ], [ -111.682651887357821, 40.581846782985103 ], [ -111.682781185995069, 40.582012681510506 ], [ -111.682880809733149, 40.582165242125249 ], [ -111.682987248208548, 40.582290735972315 ], [ -111.683079508735389, 40.582416313558717 ], [ -111.683177814746628, 40.58255536850487 ], [ -111.683261805262774, 40.582680994849255 ], [ -111.683338523527908, 40.582788646562008 ], [ -111.683430108156969, 40.582963776217781 ], [ -111.683491202431242, 40.583161608193336 ], [ -111.683521026674228, 40.583305572408833 ], [ -111.683552261864264, 40.583472050245305 ], [ -111.683521287708388, 40.583679435761127 ], [ -111.683513623504496, 40.58385515256149 ], [ -111.683491505476312, 40.584003928505133 ], [ -111.683445078928045, 40.584202396622352 ], [ -111.683437862489839, 40.58430604042195 ], [ -111.683413335183474, 40.584450326198876 ], [ -111.68342943953536, 40.584639415531534 ], [ -111.683459906240401, 40.584846437458829 ], [ -111.683514050502339, 40.585057823661636 ], [ -111.683575192872794, 40.585260159627502 ], [ -111.683643058211729, 40.585426420605636 ], [ -111.683734463848836, 40.585583533411992 ], [ -111.683856912332757, 40.585771993125412 ], [ -111.68398749498752, 40.585946891352968 ], [ -111.684109314004289, 40.586189407241861 ], [ -111.684238762445801, 40.586368816281016 ], [ -111.684307904001273, 40.586544078058886 ], [ -111.684437399585718, 40.5867279909763 ], [ -111.684506312425441, 40.586880732010002 ], [ -111.684635212096182, 40.587006091108847 ], [ -111.684696714451832, 40.587127345188506 ], [ -111.684741858199089, 40.587266713779805 ], [ -111.684810726354684, 40.587414950486817 ], [ -111.684855962435051, 40.58756332726437 ], [ -111.684925244728291, 40.587752100974804 ], [ -111.684940894717755, 40.587896148745727 ], [ -111.684948732932796, 40.588085286759338 ], [ -111.68492515947456, 40.588207045141282 ], [ -111.684871631568342, 40.588288441591502 ], [ -111.684788654587749, 40.588379021390573 ], [ -111.68464268324162, 40.58843393938389 ], [ -111.684375646028528, 40.588552636043623 ], [ -111.684192951382855, 40.588598762257455 ], [ -111.683986715496346, 40.588654036368148 ], [ -111.683803974420925, 40.588695657849698 ], [ -111.683590556336185, 40.588741964986426 ], [ -111.683361730768283, 40.588783858489393 ], [ -111.683247157428895, 40.588789040647654 ], [ -111.683125356722016, 40.588780752258295 ], [ -111.683025732259708, 40.588745306256904 ], [ -111.682934196098074, 40.588691794778846 ], [ -111.682873061970568, 40.588606572752532 ], [ -111.682767657738026, 40.588467559666078 ], [ -111.68271329319694, 40.588350766787492 ], [ -111.682636294649242, 40.588216090073061 ], [ -111.68260574631914, 40.58811717395907 ], [ -111.682568557223604, 40.587946226788318 ], [ -111.682544595146339, 40.587797723409018 ], [ -111.682491001069707, 40.587640386318199 ], [ -111.682445907506889, 40.58750552094331 ], [ -111.682407134258511, 40.587411157750168 ], [ -111.682362315703671, 40.587303317073506 ], [ -111.682278046313996, 40.587150665468371 ], [ -111.682201563432855, 40.586950221235533 ], [ -111.68213245438389, 40.586777660642298 ], [ -111.682079365476937, 40.586669868681277 ], [ -111.682018546549642, 40.586499060815491 ], [ -111.681919322064132, 40.586269922517936 ], [ -111.681834780551227, 40.586090245796377 ], [ -111.681774732736429, 40.585878893678341 ], [ -111.681689826258022, 40.585663183831414 ], [ -111.681575830761489, 40.585375575233698 ], [ -111.681500378200681, 40.585159809443077 ], [ -111.68136230271547, 40.5849444130005 ], [ -111.681286035401556, 40.584764687022918 ], [ -111.68121717779924, 40.584616448061908 ], [ -111.681102370122559, 40.584364878895165 ], [ -111.681018740709234, 40.584158169752506 ], [ -111.680927617454671, 40.584028079453887 ], [ -111.680836266195328, 40.583875468441434 ], [ -111.680744915355049, 40.583722857349329 ], [ -111.680675015475643, 40.583588137366206 ], [ -111.680600115755212, 40.583426420415215 ], [ -111.680500449612381, 40.583269353711884 ], [ -111.680439957400523, 40.583130073754866 ], [ -111.680385510063431, 40.583004271349054 ], [ -111.680332609564601, 40.582914494982276 ], [ -111.680332888404081, 40.583058634050516 ], [ -111.680348070933121, 40.583157641365979 ], [ -111.680362756554359, 40.583324217558889 ], [ -111.680401027583983, 40.583486150426424 ], [ -111.680423984279756, 40.583652677882625 ], [ -111.680469755807167, 40.583855106104615 ], [ -111.680485349572137, 40.583994650532929 ], [ -111.680515578634456, 40.584179152698844 ], [ -111.680553034214924, 40.584377125463384 ], [ -111.680599622964209, 40.584543513624531 ], [ -111.68066861611743, 40.584705265347459 ], [ -111.680721021923716, 40.584862610379936 ], [ -111.680774518216325, 40.585010940165873 ], [ -111.68082806042311, 40.585163774047608 ], [ -111.68089698169743, 40.585318319005502 ], [ -111.680966095163456, 40.585491781244265 ], [ -111.681026499283561, 40.585622052591646 ], [ -111.681095357528633, 40.585770291635711 ], [ -111.681164490266028, 40.585945555384512 ], [ -111.681256302188245, 40.586143207305199 ], [ -111.681339432080591, 40.586300370805752 ], [ -111.681400973557743, 40.58642613083299 ], [ -111.681506920370524, 40.586619194758256 ], [ -111.68162132196413, 40.58683022626407 ], [ -111.681705589454822, 40.586982878372055 ], [ -111.681788812943935, 40.587149049757194 ], [ -111.681881764260794, 40.587342190013629 ], [ -111.681957944681685, 40.587512907234725 ], [ -111.682026761215198, 40.58765664151975 ], [ -111.68214825600019, 40.587867630576987 ], [ -111.682208682915757, 40.587999702866057 ], [ -111.682300482483228, 40.588195552190228 ], [ -111.682377526118785, 40.58833473325695 ], [ -111.682424030690456, 40.588492112265655 ], [ -111.682461494473259, 40.5886900841992 ], [ -111.68243809944947, 40.588829858586536 ], [ -111.682384934298199, 40.588947286878621 ], [ -111.682297363887571, 40.589051405199513 ], [ -111.682178658426963, 40.589115167805495 ], [ -111.681988596262528, 40.589134307692369 ], [ -111.681805166417504, 40.589108364196413 ], [ -111.681599056764753, 40.589060032278539 ], [ -111.681423761627016, 40.589020526996983 ], [ -111.681187021151032, 40.588981383822755 ], [ -111.680920237290337, 40.588892868951859 ], [ -111.680675134705979, 40.588844765234363 ], [ -111.68042403295162, 40.588787687549107 ], [ -111.680179975826789, 40.588726063441491 ], [ -111.679950915497699, 40.588628315395354 ], [ -111.67978262103901, 40.588579757619684 ], [ -111.679638005169892, 40.588535564672931 ], [ -111.679486071723645, 40.588468892624761 ], [ -111.679371042757623, 40.588429029686559 ], [ -111.679263875208207, 40.588348580865059 ], [ -111.679195747372731, 40.588272406789791 ], [ -111.679112048888783, 40.588175604008271 ], [ -111.679043356476583, 40.588043578680413 ], [ -111.678966456724766, 40.587917907702028 ], [ -111.678898554777206, 40.587747139848666 ], [ -111.67887569141331, 40.587589620440063 ], [ -111.678866980254384, 40.587429315212979 ], [ -111.678860186032935, 40.587224855652387 ], [ -111.678860454201285, 40.587017651941892 ], [ -111.678875539299426, 40.586873422665739 ], [ -111.678906121855974, 40.58674261548375 ], [ -111.678920887966697, 40.586566857307588 ], [ -111.678958876055049, 40.586350423077995 ], [ -111.678989200383015, 40.586077278500262 ], [ -111.679020216890663, 40.585872596640364 ], [ -111.679036027467788, 40.585683319098692 ], [ -111.67905788255014, 40.585507519201627 ], [ -111.679081648013351, 40.585403778393221 ], [ -111.679121272146674, 40.585232378408143 ], [ -111.67918043613021, 40.585006810767773 ], [ -111.679241100263482, 40.584812765039707 ], [ -111.679248775727856, 40.584637048460962 ], [ -111.679279626791882, 40.584416151630457 ], [ -111.679310568803331, 40.584204263041762 ], [ -111.679317563754935, 40.584078098804476 ], [ -111.679318104054872, 40.583897919763892 ], [ -111.679340185738724, 40.583744640413734 ], [ -111.67932541140577, 40.583569055825429 ], [ -111.679341129527387, 40.583370769919995 ], [ -111.679342034350569, 40.583226623891242 ], [ -111.679333577980714, 40.583091541707098 ], [ -111.679317397697062, 40.583010557710878 ], [ -111.679318257008418, 40.582861907543545 ], [ -111.679318299332408, 40.582749297357388 ], [ -111.67932529415576, 40.582623133089299 ], [ -111.679340559675722, 40.582496920178059 ], [ -111.679318107344258, 40.582379937877015 ], [ -111.679264300626002, 40.582317192723821 ], [ -111.679203587085738, 40.582272505747682 ], [ -111.679127106684177, 40.582304486201473 ], [ -111.679065852222791, 40.582439978247947 ], [ -111.679020592399368, 40.582521323466665 ], [ -111.678981832227379, 40.582661187632056 ], [ -111.678944344521469, 40.582810053097475 ], [ -111.678928260994425, 40.582972305938661 ], [ -111.678906133057325, 40.583121081106356 ], [ -111.678867417856452, 40.583265449353199 ], [ -111.678845426310104, 40.583427736891963 ], [ -111.678791623861784, 40.58359922015191 ], [ -111.67874413869815, 40.583811205833989 ], [ -111.678683929268956, 40.584050292630259 ], [ -111.678647123054617, 40.584266719910161 ], [ -111.678585321627736, 40.584465276424474 ], [ -111.678555058062472, 40.584627612471223 ], [ -111.678516341281153, 40.584771980575908 ], [ -111.678486122936974, 40.584938820727096 ], [ -111.678455904448271, 40.585105660866809 ], [ -111.678409462269471, 40.585304127048133 ], [ -111.678386697024251, 40.585506958550766 ], [ -111.678357069664557, 40.585732352317947 ], [ -111.678317716337446, 40.58593077681217 ], [ -111.678310220359066, 40.586124509822064 ], [ -111.678302678839145, 40.586313738697633 ], [ -111.678303180967163, 40.586480398359122 ], [ -111.678310818238444, 40.586651520511303 ], [ -111.678379263692989, 40.586876338290026 ], [ -111.678409397353363, 40.587051832697426 ], [ -111.678447665929724, 40.587213766128869 ], [ -111.678463256372197, 40.587353310776855 ], [ -111.678493208400198, 40.58751078863807 ], [ -111.678517252460836, 40.587668301190988 ], [ -111.678524526267907, 40.587803390277898 ], [ -111.678524710343979, 40.58793852100753 ], [ -111.678493807878766, 40.588037799188704 ], [ -111.67842527520564, 40.588155315953735 ], [ -111.678341153503823, 40.588250402257955 ], [ -111.678226263561839, 40.588341164768842 ], [ -111.678096966197828, 40.58840948977722 ], [ -111.677967350160742, 40.588446285757776 ], [ -111.677715979887779, 40.588479291616437 ], [ -111.677395210876639, 40.588544234684178 ], [ -111.677219328517694, 40.588563283567119 ], [ -111.676883652296453, 40.588556242319122 ], [ -111.676792257448213, 40.588516238312664 ], [ -111.676654551860977, 40.588453983562445 ], [ -111.676578518557122, 40.588413889396939 ], [ -111.676448994051825, 40.588342577692941 ], [ -111.676311516013712, 40.588302843166311 ], [ -111.67621289593886, 40.588249367820467 ], [ -111.676143635374927, 40.588177702960849 ], [ -111.676083011527439, 40.588024908417729 ], [ -111.67606878891479, 40.587903373024567 ], [ -111.676067791025858, 40.587804282195627 ], [ -111.676074837714737, 40.587682622309941 ], [ -111.676075749481654, 40.587538476357324 ], [ -111.676075615705628, 40.587407849703887 ], [ -111.676074572465936, 40.587304254737575 ], [ -111.67607571102937, 40.58718262942115 ], [ -111.676059989519672, 40.587029572019041 ], [ -111.676067854914294, 40.586871872167571 ], [ -111.676060450106519, 40.586723270475439 ], [ -111.676052090509458, 40.586597196342296 ], [ -111.67605318612803, 40.586353952592859 ], [ -111.676067186247025, 40.586218738795132 ], [ -111.676082367908663, 40.586083518077253 ], [ -111.676105866021203, 40.585952753072704 ], [ -111.676105913663719, 40.585840142904573 ], [ -111.676114915079509, 40.585677931973279 ], [ -111.676121462569824, 40.585506726608685 ], [ -111.676136235748373, 40.585330968694834 ], [ -111.676182002079344, 40.585182055727628 ], [ -111.676234993767949, 40.58504661362884 ], [ -111.676273123820437, 40.584960806871578 ], [ -111.676327478213807, 40.584843374333381 ], [ -111.676402556191348, 40.584671767661369 ], [ -111.676479860782649, 40.584486634706757 ], [ -111.67658702176297, 40.584332857599598 ], [ -111.676709133995772, 40.584138453230345 ], [ -111.676868100838092, 40.583966354761259 ], [ -111.676983712650127, 40.583830545344718 ], [ -111.677105231761587, 40.58369470118344 ], [ -111.677219706508865, 40.583563402588759 ], [ -111.677341224663394, 40.583427558180652 ], [ -111.677479102185941, 40.583273600107219 ], [ -111.677615797536035, 40.583119648801279 ], [ -111.677769124751691, 40.582974608540461 ], [ -111.677906909422504, 40.582811641697951 ], [ -111.678005839234288, 40.582662415946338 ], [ -111.678096816288885, 40.582544767577517 ], [ -111.678134487691537, 40.582413918890126 ], [ -111.678188290914449, 40.582242435895388 ], [ -111.678257635666881, 40.582088879210396 ], [ -111.678310983330505, 40.581872354841643 ], [ -111.678348380945252, 40.581714481288088 ], [ -111.678371782220495, 40.581574707509084 ], [ -111.678379732727606, 40.581426015663496 ], [ -111.678371096559417, 40.581272916823259 ], [ -111.678348600852303, 40.581151430160489 ], [ -111.678310654657892, 40.581021025420263 ], [ -111.678257349070336, 40.580890710849872 ], [ -111.678196636256388, 40.580728908945559 ], [ -111.678089799846418, 40.580562873366866 ], [ -111.677990507693664, 40.580441837399519 ], [ -111.677898395799886, 40.580329768005662 ], [ -111.677823006954441, 40.580235618007379 ], [ -111.677715399885827, 40.580110126185112 ], [ -111.677600931539729, 40.580007196506394 ], [ -111.677486736191284, 40.579931291510434 ], [ -111.677372404800892, 40.579841873997623 ], [ -111.677219857434196, 40.579712140819503 ], [ -111.677068628375665, 40.579595912909696 ], [ -111.676937757402655, 40.579506591901072 ], [ -111.676777168261594, 40.579399427255545 ], [ -111.676593632413727, 40.579242848381881 ], [ -111.676388057747388, 40.579126937865169 ], [ -111.676168170085305, 40.578997597557759 ], [ -111.67596859491762, 40.578890659970362 ], [ -111.675877032514705, 40.578832638520247 ], [ -111.675701725249183, 40.578671505659777 ], [ -111.675556000689937, 40.578514703927773 ], [ -111.675480254747939, 40.578384519236423 ], [ -111.675388923664102, 40.578231903606728 ], [ -111.675319678295352, 40.578043123572925 ], [ -111.675228320877935, 40.577887805318369 ], [ -111.675182049121034, 40.577751141962636 ], [ -111.675144065793631, 40.577616231903683 ], [ -111.675113533511237, 40.577517313500415 ], [ -111.675106720736721, 40.57742726527183 ], [ -111.675137261321012, 40.577291954712543 ], [ -111.675144308855621, 40.577170294658366 ], [ -111.675159264180849, 40.577012553162703 ], [ -111.675175446155151, 40.576859308894143 ], [ -111.675220575132471, 40.576647338185559 ], [ -111.675266745426129, 40.576538962633059 ], [ -111.675320415620149, 40.576353968364515 ], [ -111.675388579637627, 40.576200420148794 ], [ -111.675471965893536, 40.576033269670866 ], [ -111.67560192533881, 40.575915395193164 ], [ -111.675740471450823, 40.575829001162802 ], [ -111.67586879241783, 40.575783206422066 ], [ -111.676015106421247, 40.57576433266459 ], [ -111.67611293704914, 40.575741238096704 ], [ -111.676204724499314, 40.575704665610772 ], [ -111.676211568091901, 40.575680301771825 ] ] ] ] } },
{ "type": "Feature", "properties": { "xid": 103, "name": "LITTLE PINE", "size_of_sl": "MAJOR", "return_int": "FREQUENT", "starting_z": "10720 FT.", "vertical_f": "3120 FT.", "distance_t": "5800 FT.", "starting_1": "SE-S-SW", "Shape__Are": 314453.865, "Shape__Len": 3677.90411606 }, "geometry": { "type": "MultiPolygon", "coordinates": [ [ [ [ -111.687969204412369, 40.587513296274345 ], [ -111.687969564423483, 40.587663740840917 ], [ -111.687940485411517, 40.587824270399786 ], [ -111.68786230409124, 40.588036442433349 ], [ -111.687816515728841, 40.588180855643245 ], [ -111.687717553739418, 40.588325585427029 ], [ -111.687625588863241, 40.588461264686174 ], [ -111.68751209584326, 40.588571847412737 ], [ -111.687405286419406, 40.588642751604411 ], [ -111.687259455021973, 40.588711185241586 ], [ -111.687046039360993, 40.588757498743881 ], [ -111.686885474622414, 40.588771966840071 ], [ -111.686688232891427, 40.588782148366839 ], [ -111.686489763396281, 40.588787832461833 ], [ -111.686313883174023, 40.588806895176688 ], [ -111.686177810337526, 40.588789686022302 ], [ -111.685993152243952, 40.588759252082077 ], [ -111.685833032651615, 40.588701645800548 ], [ -111.685703773938187, 40.588657369275666 ], [ -111.685559062113484, 40.588604175537689 ], [ -111.685443799449004, 40.588541798083149 ], [ -111.685360349181636, 40.588470222978131 ], [ -111.685314665393051, 40.588393919358523 ], [ -111.685291616636249, 40.588335499003165 ], [ -111.685268246084917, 40.588245549804725 ], [ -111.685261326459127, 40.588146494221277 ], [ -111.685261220767543, 40.588020371856793 ], [ -111.685261298981331, 40.587912265969351 ], [ -111.685261055370717, 40.587772631239645 ], [ -111.685245358753463, 40.587624079394175 ], [ -111.685215574743097, 40.587484619896998 ], [ -111.685192250575525, 40.58739917478713 ], [ -111.685169924210186, 40.587295706179866 ], [ -111.685154365821731, 40.587160666669178 ], [ -111.685139267157894, 40.587070668360006 ], [ -111.685146573138056, 40.586976032763971 ], [ -111.68511551610473, 40.586827571988209 ], [ -111.685078367350869, 40.586661129754646 ], [ -111.685016726877208, 40.586526363506842 ], [ -111.684978626716756, 40.586382448843416 ], [ -111.684933345247359, 40.586229567957901 ], [ -111.684849347088587, 40.586103942967178 ], [ -111.684788167005777, 40.586014217795196 ], [ -111.684726849278647, 40.585910980222103 ], [ -111.684658625938326, 40.585825801122901 ], [ -111.684604765529443, 40.585758554435294 ], [ -111.684551140777927, 40.585598515797514 ], [ -111.684505074169479, 40.585484377167496 ], [ -111.684467159397954, 40.58535847878651 ], [ -111.684467330782795, 40.585259381085152 ], [ -111.684482449401543, 40.585119655256591 ], [ -111.684497889397662, 40.585011458283738 ], [ -111.684521462590808, 40.58488969992473 ], [ -111.684559122695603, 40.584758849285663 ], [ -111.684605145482223, 40.584636957859594 ], [ -111.684673020754843, 40.584456379748886 ], [ -111.684719272800763, 40.584357008890628 ], [ -111.684772476267526, 40.584244083616959 ], [ -111.684818590204983, 40.584131200347684 ], [ -111.684872928944159, 40.584013763897872 ], [ -111.684932945534484, 40.583873771774655 ], [ -111.684985964467984, 40.583742829905383 ], [ -111.685016809468166, 40.583639045884055 ], [ -111.685047332697337, 40.583503732988362 ], [ -111.685077717939919, 40.58335490771146 ], [ -111.685093018739835, 40.583233198265937 ], [ -111.685101505984392, 40.583138555605409 ], [ -111.685115965245657, 40.583050183677514 ], [ -111.685123744683011, 40.582886177503624 ], [ -111.685101236195393, 40.582764692293161 ], [ -111.685085633167049, 40.582625148533808 ], [ -111.685048040665521, 40.582530779147604 ], [ -111.685001901874045, 40.582409434045964 ], [ -111.684948444367748, 40.582265610334886 ], [ -111.684932716976988, 40.58222966841403 ], [ -111.684902168118711, 40.58213075281062 ], [ -111.684887517486757, 40.581968681374619 ], [ -111.684850647781445, 40.581829263652459 ], [ -111.68480305272152, 40.581680900703518 ], [ -111.684779994053827, 40.581505365892738 ], [ -111.684757348891836, 40.581370368200986 ], [ -111.684734611966064, 40.581226362249602 ], [ -111.68469697484025, 40.581127488590241 ], [ -111.684620060213419, 40.580884706969186 ], [ -111.68457455385213, 40.580709305130441 ], [ -111.684558860621706, 40.580560752985058 ], [ -111.684542215547125, 40.580434728467111 ], [ -111.684528747701449, 40.580272649926677 ], [ -111.684521462845836, 40.580137561133618 ], [ -111.68451304244951, 40.580006983464763 ], [ -111.684498576935781, 40.579862928416539 ], [ -111.684460114596547, 40.579682980360289 ], [ -111.684406247358751, 40.579498619158052 ], [ -111.684390784336514, 40.579372587590733 ], [ -111.684353320455315, 40.57917461596881 ], [ -111.684314996617147, 40.579008180219859 ], [ -111.684277223711604, 40.578895793987137 ], [ -111.684253766192057, 40.578796836143333 ], [ -111.684109420917565, 40.578545444679115 ], [ -111.684032924394486, 40.578343199674926 ], [ -111.683956520084195, 40.578149962866902 ], [ -111.683887342524315, 40.577970196418569 ], [ -111.683810124517223, 40.577812999522394 ], [ -111.683681600354276, 40.577606557826158 ], [ -111.683612790891189, 40.577462824223254 ], [ -111.683559477968956, 40.577332512080076 ], [ -111.683490806573161, 40.577202290783219 ], [ -111.683414542663243, 40.577022565946052 ], [ -111.683345917701729, 40.576896848681535 ], [ -111.683277109702686, 40.576753114849396 ], [ -111.683186083981539, 40.576632034381774 ], [ -111.683071786931606, 40.576430012215816 ], [ -111.683010251758944, 40.576304252813159 ], [ -111.682941261897184, 40.576142502230326 ], [ -111.682903309770793, 40.576012098935408 ], [ -111.682850045205683, 40.575886290543359 ], [ -111.68275883829476, 40.575747193178174 ], [ -111.682697395916364, 40.575630441848134 ], [ -111.682666349885224, 40.575481980037154 ], [ -111.682621081363223, 40.575329097855793 ], [ -111.682582690896993, 40.575155454757386 ], [ -111.682560400343036, 40.57505468784138 ], [ -111.682529309126878, 40.574901721841577 ], [ -111.68252230364719, 40.574793657556803 ], [ -111.682506936901646, 40.574676633863419 ], [ -111.682514291258286, 40.57458650234549 ], [ -111.682544412404368, 40.574527767133496 ], [ -111.684372737271318, 40.574123265091664 ], [ -111.684391027108489, 40.574179011337215 ], [ -111.684506309873868, 40.574245894335938 ], [ -111.684688564555302, 40.574276345062806 ], [ -111.684887634371194, 40.574333722228324 ], [ -111.685039908415263, 40.574436420595497 ], [ -111.685231141221024, 40.574536185028386 ], [ -111.685361765128377, 40.57460117440327 ], [ -111.685490182798787, 40.574681491690804 ], [ -111.685627054446527, 40.574779776268819 ], [ -111.685741388002157, 40.574869185670181 ], [ -111.685855997828213, 40.574985619731514 ], [ -111.685970746059624, 40.575115566061399 ], [ -111.68608486545665, 40.575299568835966 ], [ -111.686138089565915, 40.575420871574821 ], [ -111.686176676814711, 40.575497217209204 ], [ -111.686222904838814, 40.575627570264842 ], [ -111.686230284540997, 40.575771667288841 ], [ -111.686229486423713, 40.575924821692823 ], [ -111.686229409512947, 40.576032927791601 ], [ -111.686214342334438, 40.576177158149797 ], [ -111.686192250995958, 40.576327736389672 ], [ -111.686153858916938, 40.576501834333762 ], [ -111.68610807438894, 40.576646247119548 ], [ -111.686076696880463, 40.576813096324621 ], [ -111.686069761212224, 40.576943765147846 ], [ -111.686054647502459, 40.577083491339359 ], [ -111.686038981611048, 40.577169167995031 ], [ -111.686023683755579, 40.577290877667963 ], [ -111.686001389222142, 40.577421637688133 ], [ -111.685977959169264, 40.577556908844997 ], [ -111.685955894492807, 40.57771018948818 ], [ -111.685939414929408, 40.577831906156447 ], [ -111.685910169375333, 40.57797622062369 ], [ -111.685894917124756, 40.578102434393024 ], [ -111.685871394637502, 40.57822869726219 ], [ -111.685856188263088, 40.578359415148832 ], [ -111.685856340803596, 40.578490041840659 ], [ -111.685856447347945, 40.578616164402888 ], [ -111.685863596677308, 40.578737740747087 ], [ -111.685871206052411, 40.578904358352368 ], [ -111.68588644171551, 40.579007869078488 ], [ -111.685910085733184, 40.579124843071781 ], [ -111.685909010923496, 40.579250972634703 ], [ -111.6859077060884, 40.579354581564843 ], [ -111.685917049211596, 40.579575241642871 ], [ -111.685878365667833, 40.579836726472756 ], [ -111.685962955862635, 40.580020904530052 ], [ -111.685986462360319, 40.580124366107277 ], [ -111.686023241404996, 40.580254775245962 ], [ -111.686038477637652, 40.580358285923495 ], [ -111.686061754291728, 40.580439226852327 ], [ -111.686054726285064, 40.580560887346365 ], [ -111.686076238276456, 40.580700395925739 ], [ -111.686053896789176, 40.580826651762841 ], [ -111.686054187839005, 40.58097079076957 ], [ -111.68605420278891, 40.581087905025569 ], [ -111.686039042217772, 40.581223126998623 ], [ -111.686076957486051, 40.581349024948466 ], [ -111.686108013938323, 40.581497485609262 ], [ -111.686153294734112, 40.581650366163245 ], [ -111.686192438013506, 40.581780761167842 ], [ -111.686237166827098, 40.581879592193587 ], [ -111.686283307466539, 40.582000936797705 ], [ -111.686413398059784, 40.582243401274802 ], [ -111.686512815888761, 40.582490552286679 ], [ -111.686580501361163, 40.582638795090631 ], [ -111.686680364946469, 40.582813872947355 ], [ -111.686756229752106, 40.582953058222813 ], [ -111.686832094875612, 40.583092243442543 ], [ -111.686908819311043, 40.583199892725972 ], [ -111.687023906428664, 40.583361366548104 ], [ -111.687122360252346, 40.583513930401843 ], [ -111.687252456870269, 40.583756393822199 ], [ -111.687321326839054, 40.583904629106271 ], [ -111.68735924609048, 40.584030526545071 ], [ -111.687390076135671, 40.584156466155036 ], [ -111.68738265258331, 40.584354703719356 ], [ -111.687427217879929, 40.584552631896059 ], [ -111.687458232776152, 40.584696587955101 ], [ -111.687488250718332, 40.584858567514402 ], [ -111.687519312017884, 40.585007027667281 ], [ -111.687535059093037, 40.585160083354758 ], [ -111.687542489068321, 40.585308684146447 ], [ -111.687588496120398, 40.585416515759945 ], [ -111.687633155033097, 40.585623452049298 ], [ -111.687680223540042, 40.585834878362242 ], [ -111.687732462100925, 40.585974203565641 ], [ -111.687755391758145, 40.586136225219491 ], [ -111.687770678260833, 40.586244239649901 ], [ -111.687786564665444, 40.586410807619593 ], [ -111.687824716994399, 40.586559225425574 ], [ -111.687832055516893, 40.58669881791937 ], [ -111.687839440220628, 40.586842914527459 ], [ -111.687847378729757, 40.587041060549602 ], [ -111.687878026551417, 40.587148983472957 ], [ -111.687916041066927, 40.587283888871021 ], [ -111.687946966043711, 40.587418836476623 ], [ -111.687969204412369, 40.587513296274345 ] ] ] ] } },
{ "type": "Feature", "properties": { "xid": 117, "name": "BRIGHTON HILL", "size_of_sl": "MINOR", "return_int": "OCCASIONAL", "starting_z": "9250 FT.", "vertical_f": "630 FT.", "distance_t": "1500 FT.", "starting_1": "W - NW", "Shape__Are": 39383.99, "Shape__Len": 992.64592144200003 }, "geometry": { "type": "MultiPolygon", "coordinates": [ [ [ [ -111.578449402412545, 40.606775391133837 ], [ -111.578481665456152, 40.606815769081464 ], [ -111.578556712986938, 40.606882959068528 ], [ -111.578632670718321, 40.606918613699484 ], [ -111.578724188602649, 40.606976712277088 ], [ -111.578830994743484, 40.607025725380424 ], [ -111.578922551812425, 40.607088327994987 ], [ -111.578991379170532, 40.60711951373527 ], [ -111.579067259644319, 40.607146159681079 ], [ -111.579158506029373, 40.607172728527608 ], [ -111.579259091727536, 40.607185737287175 ], [ -111.579372718240379, 40.607203184936253 ], [ -111.57946394147902, 40.607227051021745 ], [ -111.579555094743469, 40.607242809480503 ], [ -111.579678333020667, 40.607278226165953 ], [ -111.579776749617167, 40.60731376731993 ], [ -111.579868230093339, 40.607367360780117 ], [ -111.579913574062175, 40.607416681431481 ], [ -111.579936693836487, 40.607493140007215 ], [ -111.57993723894306, 40.607556198754303 ], [ -111.579922418099713, 40.60761933465394 ], [ -111.579868396655868, 40.607660145407003 ], [ -111.579754093260931, 40.60770125873745 ], [ -111.579662053106404, 40.607719738265622 ], [ -111.579571000339271, 40.607715690807744 ], [ -111.579479830865083, 40.607698130688696 ], [ -111.579380325217059, 40.607673405287827 ], [ -111.579280710743063, 40.607636068049999 ], [ -111.579197620992218, 40.607595945225249 ], [ -111.579120441317016, 40.607555792707075 ], [ -111.578991020733469, 40.60748887567695 ], [ -111.578906749343247, 40.607448758564722 ], [ -111.578792889374043, 40.607404285276679 ], [ -111.578686121506664, 40.607359776342591 ], [ -111.578579470314438, 40.607328779900882 ], [ -111.578510875969883, 40.607324619101554 ], [ -111.578350202796969, 40.607334432546679 ], [ -111.57822845766114, 40.60733504210485 ], [ -111.578098399767441, 40.607331188749782 ], [ -111.577915229867386, 40.607336609795858 ], [ -111.577777963661475, 40.607319278970756 ], [ -111.577647905818267, 40.607315425108006 ], [ -111.577510756040056, 40.607311606559342 ], [ -111.57738069822355, 40.607307752395485 ], [ -111.577236611543171, 40.607321985767243 ], [ -111.577137479238999, 40.607340498729307 ], [ -111.577023097200268, 40.607372600969732 ], [ -111.576883738270979, 40.607386810282115 ], [ -111.576755172108236, 40.607418983101446 ], [ -111.576625423826655, 40.607451161679343 ], [ -111.576488583451464, 40.607483375510135 ], [ -111.576320933681032, 40.60750673413132 ], [ -111.576199342929925, 40.607525358349491 ], [ -111.576038630226236, 40.607530664384825 ], [ -111.575908494718547, 40.60751780016686 ], [ -111.575786207992834, 40.607455348359963 ], [ -111.575649892168514, 40.607410983913539 ], [ -111.575527721796021, 40.607362044428278 ], [ -111.575359376661893, 40.607304326055477 ], [ -111.575230076127966, 40.607250917379659 ], [ -111.575100698576577, 40.607188500156532 ], [ -111.575000716563522, 40.607107918879016 ], [ -111.574955221990948, 40.607040579468034 ], [ -111.574932185243185, 40.606973128250708 ], [ -111.574939995945542, 40.60691903665721 ], [ -111.574962979421457, 40.606842347569021 ], [ -111.574993093342698, 40.606770127371092 ], [ -111.575070254792521, 40.606670646569086 ], [ -111.575146620168809, 40.606616213608696 ], [ -111.575237014687346, 40.606543693155565 ], [ -111.575321615000149, 40.60648471467222 ], [ -111.575428672711766, 40.606425624244999 ], [ -111.575558149120923, 40.606361917611238 ], [ -111.575725293840534, 40.606280005503592 ], [ -111.5758550016469, 40.606243323742397 ], [ -111.576008194071747, 40.606188507145895 ], [ -111.576153383210084, 40.606165261022035 ], [ -111.576321029694938, 40.606141902661093 ], [ -111.57646637342468, 40.606136672945524 ], [ -111.576641382537616, 40.606144808124988 ], [ -111.576855358008501, 40.606148244039311 ], [ -111.577030444670257, 40.606165387028 ], [ -111.577213882722262, 40.606191496801486 ], [ -111.577380967118103, 40.606240210000593 ], [ -111.577542180661183, 40.606293456706496 ], [ -111.577685858760333, 40.606369312857325 ], [ -111.577792740763115, 40.606427335335361 ], [ -111.577938899786403, 40.606516691935965 ], [ -111.578037469586334, 40.606570251384696 ], [ -111.578166848632264, 40.60663266531423 ], [ -111.578266600763527, 40.606686218647226 ], [ -111.578358079185747, 40.6067398133235 ], [ -111.578449402412545, 40.606775391133837 ] ] ] ] } },
{ "type": "Feature", "properties": { "xid": 129, "name": null, "size_of_sl": null, "return_int": null, "starting_z": null, "vertical_f": null, "distance_t": null, "starting_1": null, "Shape__Are": 237083.65, "Shape__Len": 2896.5574634499999 }, "geometry": { "type": "MultiPolygon", "coordinates": [ [ [ [ -111.590991630177101, 40.595734684844814 ], [ -111.590710484355967, 40.595749636186333 ], [ -111.590329956326215, 40.595886713593323 ], [ -111.589946548453, 40.595965247262761 ], [ -111.589694323865317, 40.596178241986777 ], [ -111.58932096589588, 40.596459420235988 ], [ -111.588924917332903, 40.596848818537907 ], [ -111.588467209484705, 40.59708087566176 ], [ -111.588031597718256, 40.597272278893264 ], [ -111.587628091015574, 40.597621171099604 ], [ -111.587299901569921, 40.597933643763341 ], [ -111.587139764954046, 40.598137155801673 ], [ -111.58688732635413, 40.598327623446018 ], [ -111.586704693810475, 40.598391612837204 ], [ -111.586513946422215, 40.598338528798159 ], [ -111.586337854774214, 40.598204290881185 ], [ -111.58632261032345, 40.59808274951407 ], [ -111.586422595464981, 40.597757925249915 ], [ -111.586567567378907, 40.597441881234914 ], [ -111.586963869543538, 40.596944384159571 ], [ -111.58751380067639, 40.596581236353146 ], [ -111.588046983412795, 40.596195649187088 ], [ -111.588589061301349, 40.595746952622321 ], [ -111.589253171367446, 40.595333666216362 ], [ -111.590213455451618, 40.594734182571067 ], [ -111.590861920577751, 40.594559700046801 ], [ -111.591541963114977, 40.59421388495209 ], [ -111.591800877528669, 40.594090939884751 ], [ -111.591725315086052, 40.593965203782382 ], [ -111.591687678656797, 40.59371765453384 ], [ -111.591656338918384, 40.593379984985653 ], [ -111.591602546511027, 40.593042430407387 ], [ -111.591724713483188, 40.59269046131211 ], [ -111.591923611856743, 40.59232909008125 ], [ -111.592181723597236, 40.592116060206799 ], [ -111.592615869742204, 40.591897622343843 ], [ -111.592961197587741, 40.591792248882719 ], [ -111.593440177351241, 40.591699701023479 ], [ -111.593899305786067, 40.591634279661378 ], [ -111.594264614220961, 40.591650418432707 ], [ -111.59444897132137, 40.591383710081168 ], [ -111.595028558478859, 40.591042895698358 ], [ -111.59554634335548, 40.591062749267721 ], [ -111.595936384770368, 40.591069746431856 ], [ -111.596408825202388, 40.591040281639174 ], [ -111.596835919467395, 40.591227260537025 ], [ -111.597072541058893, 40.591523328211146 ], [ -111.597133970816401, 40.591919398020309 ], [ -111.596943654243375, 40.592312264653749 ], [ -111.596576556344246, 40.592760096936587 ], [ -111.596402159288331, 40.592950182370622 ], [ -111.596424570086597, 40.593211321903986 ], [ -111.596363797619446, 40.593553970132078 ], [ -111.596309674881851, 40.593847035577454 ], [ -111.596149895384073, 40.594086593538975 ], [ -111.59588898545374, 40.59425009823552 ], [ -111.595585331035011, 40.594391300749862 ], [ -111.595257440885504, 40.594465061365725 ], [ -111.595272580759485, 40.594573088939732 ], [ -111.595287720684297, 40.59468111650942 ], [ -111.59547035188892, 40.59475224553794 ], [ -111.595705620882441, 40.594895173212159 ], [ -111.595905157802548, 40.595006753954337 ], [ -111.596020167729378, 40.59518183213126 ], [ -111.595997590318547, 40.595434194982786 ], [ -111.595783364029259, 40.595665024507767 ], [ -111.595531501722434, 40.595783437709272 ], [ -111.595157674846106, 40.595875452464938 ], [ -111.59475408700996, 40.59580996529612 ], [ -111.594394929056847, 40.595690195299525 ], [ -111.593769048474002, 40.59561233518383 ], [ -111.593250153956248, 40.595470860644383 ], [ -111.592823014338634, 40.595414496474795 ], [ -111.592365785257186, 40.59543035543129 ], [ -111.591709311738896, 40.59550128621747 ], [ -111.59133548104009, 40.595593288632777 ], [ -111.590991630177101, 40.595734684844814 ] ] ] ] } },
{ "type": "Feature", "properties": { "xid": 135, "name": "LISA FALLS", "size_of_sl": "MAJOR", "return_int": "INFREQUENT", "starting_z": "10960 FT.", "vertical_f": "4700 FT.", "distance_t": "9000 FT.", "starting_1": "SE-S-SW", "Shape__Are": 2457602.535, "Shape__Len": 7221.2063544800003 }, "geometry": { "type": "MultiPolygon", "coordinates": [ [ [ [ -111.734157450264334, 40.582395759917553 ], [ -111.734188367108601, 40.582521686322018 ], [ -111.734226570197663, 40.582665583959482 ], [ -111.734242176762493, 40.582796112047426 ], [ -111.734249315704048, 40.582908676398176 ], [ -111.734249759540958, 40.583057318415783 ], [ -111.734293969245542, 40.583210186613499 ], [ -111.734318339395827, 40.583385702856695 ], [ -111.734331504440888, 40.583509039414764 ], [ -111.73434827326308, 40.583637758324528 ], [ -111.734394847484424, 40.583898716755833 ], [ -111.73441764249732, 40.584038207864943 ], [ -111.734424339357801, 40.584218340812292 ], [ -111.734439750534818, 40.584438957838252 ], [ -111.734432515197426, 40.584641701293748 ], [ -111.734394165170187, 40.584808607465483 ], [ -111.734333168250103, 40.584957640044379 ], [ -111.734194335645995, 40.585120680504467 ], [ -111.734012621287576, 40.585252462582993 ], [ -111.733785612808489, 40.58534849701703 ], [ -111.73361566351339, 40.585475699343434 ], [ -111.733447830697727, 40.585580366043828 ], [ -111.73321151526909, 40.58568997160512 ], [ -111.732959592719666, 40.585777153781478 ], [ -111.732799685033328, 40.585850238540964 ], [ -111.732540819299032, 40.585950977012686 ], [ -111.732418524751097, 40.586005805156198 ], [ -111.732303240880668, 40.58605338170549 ], [ -111.7321740332915, 40.586124469209672 ], [ -111.732044894183218, 40.586201862276759 ], [ -111.731929884687375, 40.586274661280946 ], [ -111.731838457559462, 40.586342806375022 ], [ -111.731730733481115, 40.586433576568936 ], [ -111.731624239784253, 40.58652884325538 ], [ -111.731426763298899, 40.586624685994934 ], [ -111.731159228920788, 40.586689441165845 ], [ -111.730953136862738, 40.586753806923817 ], [ -111.730793048138707, 40.586810674257023 ], [ -111.730595402971232, 40.586891201727866 ], [ -111.730427071836274, 40.58695082331851 ], [ -111.730212952020636, 40.587037760452425 ], [ -111.730098777817417, 40.587079021644556 ], [ -111.729954028793458, 40.587133989102369 ], [ -111.729770531494808, 40.587211723122678 ], [ -111.729564779098766, 40.587307614963649 ], [ -111.729358977178521, 40.587399002364165 ], [ -111.729168290978222, 40.587467772047056 ], [ -111.729015660372781, 40.587558823172998 ], [ -111.728847521731623, 40.58763645879219 ], [ -111.728756040711374, 40.587700097395668 ], [ -111.728626894601945, 40.587777486680459 ], [ -111.728527288523196, 40.587854689512888 ], [ -111.728420885754062, 40.587958961437046 ], [ -111.72831334990245, 40.588067744792525 ], [ -111.728207239607684, 40.588199040989458 ], [ -111.728123237749742, 40.588298667024922 ], [ -111.728000535150699, 40.588425563232761 ], [ -111.727879209057804, 40.588570468177544 ], [ -111.727834199967035, 40.588669848279181 ], [ -111.727779786538647, 40.58877379200127 ], [ -111.727719318310264, 40.588864260685739 ], [ -111.727642551164308, 40.588977353940493 ], [ -111.727573664678928, 40.589054362420363 ], [ -111.727444065081798, 40.589199319010653 ], [ -111.727291720987154, 40.589317392353188 ], [ -111.727146222264565, 40.589412900474954 ], [ -111.727017217345079, 40.589503800215773 ], [ -111.726886981660769, 40.589590203171916 ], [ -111.726787468428654, 40.589676412676653 ], [ -111.726658365004539, 40.589758303864592 ], [ -111.726543733538421, 40.589867130190264 ], [ -111.726459483428457, 40.589944234634736 ], [ -111.726322692330882, 40.590080226413463 ], [ -111.726213919321097, 40.590184511185029 ], [ -111.726108564272423, 40.590277062966784 ], [ -111.726024342379006, 40.590356869544209 ], [ -111.725963919087064, 40.590451841396053 ], [ -111.725895272703042, 40.590551369277058 ], [ -111.725803382455652, 40.590687078248983 ], [ -111.725727596908541, 40.590782146502434 ], [ -111.725650629480882, 40.590877222130018 ], [ -111.725597343899381, 40.590976653326898 ], [ -111.725483000721908, 40.59111250307992 ], [ -111.725406275945375, 40.591230098937395 ], [ -111.725323399179672, 40.591325211453373 ], [ -111.725208762891214, 40.591434036466346 ], [ -111.725085903132495, 40.591547417370641 ], [ -111.724987615027317, 40.59163812200093 ], [ -111.724872831744165, 40.591733434448415 ], [ -111.724697038212014, 40.591869669032071 ], [ -111.72459028282222, 40.591942408910803 ], [ -111.724468651392272, 40.592060285831288 ], [ -111.724346484882545, 40.592128617758817 ], [ -111.724193481557421, 40.592296239335546 ], [ -111.724079634780608, 40.592369023200511 ], [ -111.723980065259198, 40.592450726232613 ], [ -111.723850972506341, 40.592534415950084 ], [ -111.723690323221419, 40.592650734799768 ], [ -111.72355288984528, 40.592728170303189 ], [ -111.723400239656954, 40.592819214093993 ], [ -111.723225476402774, 40.592941926824068 ], [ -111.723078782332081, 40.593037437278362 ], [ -111.722934451258254, 40.593132932756141 ], [ -111.722805190973702, 40.593201307447401 ], [ -111.722667726346373, 40.593276039460925 ], [ -111.72251589663442, 40.593333744513146 ], [ -111.722362807388762, 40.593384250230145 ], [ -111.722225971104208, 40.593407627823062 ], [ -111.721935366691582, 40.593418453288059 ], [ -111.721791129913697, 40.593413048569538 ], [ -111.721539347614069, 40.593407414655715 ], [ -111.721362090698833, 40.593408521801706 ], [ -111.721111180455864, 40.593374053456358 ], [ -111.720882916483419, 40.593357460762782 ], [ -111.72067715350201, 40.593345231612808 ], [ -111.720454943317876, 40.593342113450959 ], [ -111.720211462334348, 40.593339127492513 ], [ -111.719997572477169, 40.593340460954138 ], [ -111.719867390933814, 40.593323254822671 ], [ -111.719715890353342, 40.593301677001158 ], [ -111.719553368187107, 40.59324413257341 ], [ -111.719432206125859, 40.593186330311291 ], [ -111.719280970629114, 40.593079166978754 ], [ -111.719158096551482, 40.592971826866652 ], [ -111.719013566212652, 40.592828586359936 ], [ -111.718914134084585, 40.592703082520394 ], [ -111.718860981534874, 40.592595308114127 ], [ -111.718746091522547, 40.592460891556904 ], [ -111.718662408266425, 40.592371324565313 ], [ -111.718547760118511, 40.592259428220814 ], [ -111.718479198316729, 40.592147245101209 ], [ -111.718394985552294, 40.592008132972985 ], [ -111.718296833894669, 40.591891629384449 ], [ -111.718166439761163, 40.591743795488078 ], [ -111.718066962660473, 40.591613786783313 ], [ -111.717948386373038, 40.591465879163522 ], [ -111.717822865046884, 40.591331527732869 ], [ -111.717739473403142, 40.591268984548478 ], [ -111.71771663628958, 40.591233091369276 ], [ -111.717609274321887, 40.59113916633121 ], [ -111.717449726516989, 40.591027547801758 ], [ -111.717326158790556, 40.590965253851664 ], [ -111.717166948714961, 40.590885163528291 ], [ -111.717037665617397, 40.590840922295115 ], [ -111.71679327993526, 40.590752351394968 ], [ -111.716610726176086, 40.590699431473197 ], [ -111.716442544974612, 40.590664439659832 ], [ -111.716396411940295, 40.590660221406814 ], [ -111.716221429296382, 40.590652297769793 ], [ -111.716030844816459, 40.590621948654082 ], [ -111.715847590652217, 40.59061407572495 ], [ -111.71571046948209, 40.590610421050826 ], [ -111.715527311400479, 40.59061155579014 ], [ -111.715488316452735, 40.590611797342305 ], [ -111.715282754714508, 40.590617574852246 ], [ -111.715061831285368, 40.590623447095268 ], [ -111.714824431642185, 40.590635727021166 ], [ -111.714641446080137, 40.590653075078436 ], [ -111.714451389596405, 40.590672268336434 ], [ -111.714344289331493, 40.59071347021014 ], [ -111.714099732131814, 40.590719486771334 ], [ -111.713810750470472, 40.590770821218101 ], [ -111.71360426495076, 40.590800925136222 ], [ -111.71339877901157, 40.590813905844158 ], [ -111.713169774444623, 40.590837841925044 ], [ -111.712932545853633, 40.590866332698688 ], [ -111.712696403083129, 40.590885807513132 ], [ -111.712467541417737, 40.590923254479634 ], [ -111.712246760031263, 40.590942633623165 ], [ -111.712062610347644, 40.590961786529796 ], [ -111.71183416551149, 40.590927159490555 ], [ -111.711681156838225, 40.590874049690839 ], [ -111.711520819675869, 40.590798462897908 ], [ -111.711414285882512, 40.590670293632684 ], [ -111.711346231958672, 40.59049323991966 ], [ -111.711316487916946, 40.590362795872821 ], [ -111.711314769731587, 40.590200648522512 ], [ -111.711323029811098, 40.590087987978549 ], [ -111.711323256917794, 40.589997898836792 ], [ -111.711292331500999, 40.589867462047238 ], [ -111.711254745804752, 40.58977760574421 ], [ -111.711224297830483, 40.589692209865696 ], [ -111.711185148938426, 40.589566328061728 ], [ -111.71114708641278, 40.589431430777786 ], [ -111.711131379835294, 40.589287387069774 ], [ -111.711109060603661, 40.589188427944379 ], [ -111.711063813206181, 40.5890445660796 ], [ -111.711017670601194, 40.588927736031991 ], [ -111.710979751898961, 40.588806350955792 ], [ -111.710949161631419, 40.588707442699885 ], [ -111.710911195485593, 40.588581553499708 ], [ -111.71086628279788, 40.588469220199883 ], [ -111.710850672463209, 40.588334184612933 ], [ -111.710827124666253, 40.588230728587277 ], [ -111.710826409300282, 40.588163167159692 ], [ -111.710857539337169, 40.587978295647687 ], [ -111.710872508124226, 40.587829558694445 ], [ -111.710903171707969, 40.587712255866542 ], [ -111.710941163355031, 40.587617429871258 ], [ -111.710986996873729, 40.58748201609162 ], [ -111.711033116432148, 40.587373626865954 ], [ -111.711079283550362, 40.58726974171676 ], [ -111.711132444741438, 40.587156804710311 ], [ -111.711162212246165, 40.587066533655424 ], [ -111.71120097443486, 40.586932965071675 ], [ -111.711246835610822, 40.586800253638842 ], [ -111.711261660156893, 40.586638004326524 ], [ -111.711323509764298, 40.586452943483735 ], [ -111.711391123809008, 40.586254333931464 ], [ -111.711429770548335, 40.586109955429059 ], [ -111.711492371222391, 40.58588435034256 ], [ -111.711521469432071, 40.585731021834413 ], [ -111.711559304097335, 40.585510073639291 ], [ -111.711605134988531, 40.585374659587814 ], [ -111.711643733046742, 40.585225776903364 ], [ -111.711666922803659, 40.585072484743442 ], [ -111.71172768383768, 40.584896439129267 ], [ -111.711841567111492, 40.584715561733191 ], [ -111.711941223308926, 40.584530267516897 ], [ -111.712017725493638, 40.584390159848454 ], [ -111.71210864486271, 40.584272485205886 ], [ -111.712223338294706, 40.584168177081125 ], [ -111.712360385259501, 40.584054722206538 ], [ -111.712535623700546, 40.583977066723833 ], [ -111.71274970936814, 40.58388565810575 ], [ -111.712970692413464, 40.583776188951624 ], [ -111.713184681157131, 40.583675771341625 ], [ -111.713313885347901, 40.583602903280351 ], [ -111.713550561618945, 40.583524866848464 ], [ -111.713810580823335, 40.583419659334844 ], [ -111.714001367479568, 40.583359923113555 ], [ -111.714198907649887, 40.583268614077824 ], [ -111.71442825286357, 40.583168099214824 ], [ -111.714649326658432, 40.583067635069888 ], [ -111.714855519413703, 40.583012306515101 ], [ -111.71505339314534, 40.582952524697639 ], [ -111.715237136146726, 40.582897334429681 ], [ -111.715534623131688, 40.582760360289328 ], [ -111.715777998841389, 40.582646242657759 ], [ -111.715945660211915, 40.582523585028788 ], [ -111.716121639649046, 40.582405379980059 ], [ -111.716275025476747, 40.582273801586098 ], [ -111.716442060261045, 40.582092590016018 ], [ -111.716617605073722, 40.581933847369889 ], [ -111.716748540171409, 40.581802407618078 ], [ -111.716854586167884, 40.581663915147452 ], [ -111.716984127165631, 40.5815126644477 ], [ -111.717098086797307, 40.581340790121203 ], [ -111.717206571322606, 40.581209489210487 ], [ -111.717282069738332, 40.581087401814045 ], [ -111.717365790228371, 40.580960758912504 ], [ -111.717457732729414, 40.580829560488255 ], [ -111.717602264333436, 40.5806439825827 ], [ -111.71780832869841, 40.580467030929178 ], [ -111.718029606772504, 40.580276471157681 ], [ -111.718258406050197, 40.580126403736699 ], [ -111.718548689310026, 40.579980457814621 ], [ -111.71876895060214, 40.579916025972423 ], [ -111.719036084638276, 40.57981526680318 ], [ -111.719303140673404, 40.579707300471661 ], [ -111.719547612776395, 40.579586861898491 ], [ -111.719835914181459, 40.579476960236676 ], [ -111.72005086715177, 40.579358506301467 ], [ -111.720287278950153, 40.579257935738418 ], [ -111.720601038233042, 40.579098325086804 ], [ -111.720759520305862, 40.579002744062855 ], [ -111.720928489986989, 40.578893584185501 ], [ -111.72108082201467, 40.578775519130048 ], [ -111.7212413269325, 40.57864839405498 ], [ -111.721378395756687, 40.578539432691329 ], [ -111.721493258552002, 40.578453131834756 ], [ -111.721630229771066, 40.578335161990928 ], [ -111.721783498698983, 40.578194568176976 ], [ -111.721897033691434, 40.578094762028734 ], [ -111.722019826179732, 40.577976880325906 ], [ -111.722118311701948, 40.577905996149561 ], [ -111.722233201527217, 40.577822397020441 ], [ -111.722370267058494, 40.577713434492459 ], [ -111.722461740739533, 40.577649800901732 ], [ -111.722561048144058, 40.577545578682475 ], [ -111.722654351151746, 40.577432385149407 ], [ -111.722721856283854, 40.577337370526806 ], [ -111.722797534271095, 40.577233295934874 ], [ -111.722896307243488, 40.577079528417713 ], [ -111.722973069123668, 40.576966438133624 ], [ -111.723057016257897, 40.576862311613134 ], [ -111.723210133348175, 40.576708203648877 ], [ -111.723331400024421, 40.576558799317674 ], [ -111.723514941403778, 40.576377474057352 ], [ -111.723644573741041, 40.576237025786703 ], [ -111.723781536680818, 40.576119053417962 ], [ -111.723934100163333, 40.576023505099364 ], [ -111.724079574783872, 40.575928001013168 ], [ -111.724254341205352, 40.575809791115823 ], [ -111.724369341380552, 40.575736999705278 ], [ -111.724567637589104, 40.57560963298981 ], [ -111.724698238247299, 40.575559265378892 ], [ -111.724895692199865, 40.575463434157129 ], [ -111.725057703754942, 40.575367825061669 ], [ -111.725208936412216, 40.57525877021888 ], [ -111.725353469381503, 40.575185792417628 ], [ -111.725475993492338, 40.575153492226541 ], [ -111.725574792369557, 40.575112332135497 ], [ -111.725627906246032, 40.57510749411356 ], [ -111.725758810444802, 40.574976044259245 ], [ -111.725887156648795, 40.574826592742227 ], [ -111.726070381450825, 40.574726344524549 ], [ -111.726252229512269, 40.574608087084307 ], [ -111.726398781711538, 40.574503564500411 ], [ -111.726528842897821, 40.574403649845195 ], [ -111.726620113221102, 40.57432199663603 ], [ -111.726719652941583, 40.574240291331819 ], [ -111.72682662183847, 40.574190069976801 ], [ -111.726940337572728, 40.574108275286662 ], [ -111.727053419210947, 40.573967927312744 ], [ -111.727107919628807, 40.573872991941933 ], [ -111.727161287290471, 40.573782568071913 ], [ -111.72715519650005, 40.573656483287756 ], [ -111.727162051950813, 40.573525812609965 ], [ -111.727131748891466, 40.573345827456556 ], [ -111.727092580238619, 40.573219950863681 ], [ -111.727069706915856, 40.573071449704315 ], [ -111.727046784946069, 40.57291844444466 ], [ -111.726971347545614, 40.572716221294542 ], [ -111.726871589795394, 40.572559195101505 ], [ -111.726764646998859, 40.572393205223825 ], [ -111.726680881080355, 40.572294635424967 ], [ -111.726589735053395, 40.572169085591298 ], [ -111.726513751868566, 40.572025422727513 ], [ -111.726436928652078, 40.571913295883597 ], [ -111.726406567279753, 40.571836912025496 ], [ -111.72636794906424, 40.57165247450115 ], [ -111.726406799128071, 40.571530611437119 ], [ -111.726505896596905, 40.571408369475677 ], [ -111.726627487550502, 40.571290490343088 ], [ -111.726734549310777, 40.571249277273189 ], [ -111.727115872359008, 40.571224355742146 ], [ -111.727436693190967, 40.571285397540102 ], [ -111.727688607515958, 40.571310837333677 ], [ -111.727916797952261, 40.571327417271725 ], [ -111.728123334104694, 40.57130809805642 ], [ -111.728389873341953, 40.571265878152992 ], [ -111.728626488373919, 40.571187811190285 ], [ -111.728847892321568, 40.57112335291248 ], [ -111.729092229741482, 40.571103793460431 ], [ -111.729312492861681, 40.571151951467449 ], [ -111.72945778766956, 40.571259139656178 ], [ -111.729526101291484, 40.571348796239626 ], [ -111.729587718519056, 40.571474530262847 ], [ -111.72957978445362, 40.571614216728129 ], [ -111.729580126897858, 40.571645745355049 ], [ -111.729557723323254, 40.571758496807909 ], [ -111.729503521551862, 40.571880457861113 ], [ -111.729427412261316, 40.572052105601159 ], [ -111.729352043768529, 40.572183209026655 ], [ -111.729335749573181, 40.572205833892781 ], [ -111.729282288271548, 40.572287250577183 ], [ -111.729204801038406, 40.572440889268265 ], [ -111.729160146631287, 40.572571798677075 ], [ -111.729083840145748, 40.572725429828026 ], [ -111.72903687150928, 40.572860858187475 ], [ -111.728961843537036, 40.573023489978041 ], [ -111.728885731605118, 40.573195137350531 ], [ -111.72880371249893, 40.573366821937206 ], [ -111.72874857107864, 40.573511310523124 ], [ -111.728679342160319, 40.573773002266996 ], [ -111.728695619744144, 40.573966588656361 ], [ -111.728695415682793, 40.574056677880193 ], [ -111.728671828504034, 40.574169436586367 ], [ -111.728695789417401, 40.574308921737689 ], [ -111.728710397150891, 40.574457474675746 ], [ -111.728732981400384, 40.574578950910826 ], [ -111.728747296063062, 40.574700479308177 ], [ -111.728779282665386, 40.574817391817028 ], [ -111.72882441125229, 40.574947734587752 ], [ -111.728856251478675, 40.575051134805257 ], [ -111.728893159528369, 40.575186033806332 ], [ -111.72892372082093, 40.575280433278756 ], [ -111.728970031405879, 40.575410768522381 ], [ -111.729038739814243, 40.575536457995796 ], [ -111.729092383671556, 40.575689268879842 ], [ -111.72913751347528, 40.575819611498368 ], [ -111.729176345232219, 40.575913958689064 ], [ -111.729259818296015, 40.576093607559997 ], [ -111.729313218565309, 40.576223897887409 ], [ -111.729373511849175, 40.576336127084609 ], [ -111.72943513350674, 40.576461861044095 ], [ -111.729496804321613, 40.576592099051766 ], [ -111.729565270310701, 40.576695267739296 ], [ -111.729618867395033, 40.576843574244535 ], [ -111.729710025522877, 40.576969121483195 ], [ -111.729808859879981, 40.577148672880789 ], [ -111.729885890614597, 40.577278813619991 ], [ -111.729984432161089, 40.577431340341896 ], [ -111.730052997694841, 40.577543516880525 ], [ -111.730136922092569, 40.577655596298364 ], [ -111.730243489944414, 40.577785550086439 ], [ -111.730328253532846, 40.577866093298958 ], [ -111.730419414395001, 40.5779916399322 ], [ -111.730541734041111, 40.578157528980185 ], [ -111.730632846700928, 40.578278571348434 ], [ -111.730808185474359, 40.578430611566361 ], [ -111.730908260363762, 40.578506553079635 ], [ -111.731052686513749, 40.578640770938101 ], [ -111.731167478846018, 40.578766167401135 ], [ -111.731297483375215, 40.578877954264492 ], [ -111.731395834290055, 40.579012463364258 ], [ -111.731495219874773, 40.579133452646893 ], [ -111.731594458612975, 40.579240929593674 ], [ -111.731716636233003, 40.579393305072756 ], [ -111.731830200551912, 40.579514204241718 ], [ -111.73195331520958, 40.579644051564536 ], [ -111.732059546057968, 40.579742475009532 ], [ -111.732166860473129, 40.579831882702862 ], [ -111.732319365843878, 40.57994803015869 ], [ -111.732433818907964, 40.58004189673408 ], [ -111.732517406512031, 40.580122445752671 ], [ -111.732677002017965, 40.580238547766143 ], [ -111.732830641521545, 40.580350182949765 ], [ -111.732983247546144, 40.580475337657106 ], [ -111.733097800782218, 40.580578211708342 ], [ -111.73321939410377, 40.580676536565846 ], [ -111.733318391961291, 40.580761491565774 ], [ -111.733471049029163, 40.580891149682238 ], [ -111.733700602064488, 40.581029327983693 ], [ -111.733806443706698, 40.581199822508069 ], [ -111.733890822027689, 40.581352435732775 ], [ -111.733990658703348, 40.581513959447406 ], [ -111.734073905583017, 40.581671084107739 ], [ -111.734142876300822, 40.581819290656064 ], [ -111.734157399464934, 40.581958834440456 ], [ -111.734173005710574, 40.582089362556211 ], [ -111.734188661268703, 40.582224394743051 ], [ -111.734173055785632, 40.582310077331819 ], [ -111.734157450264334, 40.582395759917553 ] ] ] ] } },
{ "type": "Feature", "properties": { "xid": 138, "name": null, "size_of_sl": null, "return_int": null, "starting_z": null, "vertical_f": null, "distance_t": null, "starting_1": null, "Shape__Are": 7242.7099999800002, "Shape__Len": 473.880125857 }, "geometry": { "type": "MultiPolygon", "coordinates": [ [ [ [ -111.627285120320934, 40.590345212555313 ], [ -111.627209236862612, 40.590444721398185 ], [ -111.627125418015936, 40.590580308463444 ], [ -111.627040753734036, 40.590751935244079 ], [ -111.626956593843587, 40.590977612002781 ], [ -111.626873085098552, 40.59114652973966 ], [ -111.626805114670773, 40.591334281567647 ], [ -111.626743069203854, 40.591523802961262 ], [ -111.626697357016496, 40.591690713710562 ], [ -111.626651434360994, 40.591835103590029 ], [ -111.626568668261214, 40.59195717131994 ], [ -111.626514515203581, 40.59210611018193 ], [ -111.626492067284076, 40.591980108800385 ], [ -111.626468900149803, 40.591903659688697 ], [ -111.626445564928062, 40.591809193891187 ], [ -111.626438437381182, 40.591678605005406 ], [ -111.626422701676475, 40.591512027614925 ], [ -111.626408105722547, 40.591340939638215 ], [ -111.626415032579089, 40.591196761326891 ], [ -111.626407863140159, 40.591061668253964 ], [ -111.62640044154783, 40.590899550153154 ], [ -111.626430792007213, 40.590732722809115 ], [ -111.626468274470952, 40.590570361171125 ], [ -111.626514087392422, 40.590414260491961 ], [ -111.626560076676185, 40.590277077310397 ], [ -111.627285120320934, 40.590345212555313 ] ] ] ] } },
{ "type": "Feature", "properties": { "xid": 140, "name": null, "size_of_sl": null, "return_int": null, "starting_z": null, "vertical_f": null, "distance_t": null, "starting_1": null, "Shape__Are": 40684.45, "Shape__Len": 1069.70417828 }, "geometry": { "type": "MultiPolygon", "coordinates": [ [ [ [ -111.618511308459659, 40.590284420697081 ], [ -111.618252458315482, 40.590407425256046 ], [ -111.617878009172401, 40.59055356964847 ], [ -111.617306277043824, 40.590835899313291 ], [ -111.616803804990539, 40.591068307927792 ], [ -111.616344473384288, 40.591237422573776 ], [ -111.615887461525688, 40.591402018624258 ], [ -111.615597340891199, 40.591466626760543 ], [ -111.61534472952637, 40.591368875965884 ], [ -111.615100390797679, 40.591271080563139 ], [ -111.615016474981431, 40.591140899797814 ], [ -111.615063108718687, 40.590942457891735 ], [ -111.615214995290771, 40.590752464221943 ], [ -111.615520128774349, 40.590521114234214 ], [ -111.615993927155884, 40.590383456506274 ], [ -111.61674956631218, 40.59018123072056 ], [ -111.617436166427751, 40.589925316242173 ], [ -111.617962178272634, 40.589683770118668 ], [ -111.618556742646376, 40.589315731295478 ], [ -111.619038340930231, 40.589128470900093 ], [ -111.619343061675735, 40.588982696620796 ], [ -111.619701662487145, 40.588913207306632 ], [ -111.619938243698698, 40.588938964237563 ], [ -111.620068001364444, 40.58904186898436 ], [ -111.620114177585549, 40.589307380744508 ], [ -111.619793104381799, 40.589601890011686 ], [ -111.619380831549677, 40.589874365436742 ], [ -111.619053179430153, 40.590096837503964 ], [ -111.618832144819947, 40.590219640691153 ], [ -111.618511308459659, 40.590284420697081 ] ] ] ] } },
{ "type": "Feature", "properties": { "xid": 142, "name": null, "size_of_sl": null, "return_int": null, "starting_z": null, "vertical_f": null, "distance_t": null, "starting_1": null, "Shape__Are": 278141.185, "Shape__Len": 3230.4132721699998 }, "geometry": { "type": "MultiPolygon", "coordinates": [ [ [ [ -111.630954676398659, 40.589365789455975 ], [ -111.63090972363382, 40.589109284234297 ], [ -111.630688535410926, 40.588835723767268 ], [ -111.630589185837621, 40.588575010989025 ], [ -111.630467191207728, 40.588293701472573 ], [ -111.630321573271473, 40.588013421602078 ], [ -111.630130857851725, 40.587586544094336 ], [ -111.629985851518825, 40.587371123797077 ], [ -111.629840802320416, 40.587025075909779 ], [ -111.629749687877549, 40.586759813011817 ], [ -111.629733988854952, 40.586723863387995 ], [ -111.629665245031234, 40.586827839368922 ], [ -111.629420905459995, 40.587234567137301 ], [ -111.629216147490453, 40.587578017151976 ], [ -111.628948591801716, 40.58790379113114 ], [ -111.628674028641669, 40.588112488205233 ], [ -111.628330169494902, 40.5882404823776 ], [ -111.62791838220393, 40.58830758495921 ], [ -111.627445794152649, 40.588191236814318 ], [ -111.627148149617909, 40.588080243195833 ], [ -111.626781848961571, 40.587829984938637 ], [ -111.626591109923027, 40.587524720488339 ], [ -111.626530393628769, 40.587223254939175 ], [ -111.626636837560085, 40.586853316612938 ], [ -111.626773367333328, 40.586541772149616 ], [ -111.626949309574911, 40.586275057625087 ], [ -111.627217755690083, 40.585917752528481 ], [ -111.627384746831339, 40.585705138752132 ], [ -111.627636685535066, 40.585478549989872 ], [ -111.627948841605175, 40.585247128932487 ], [ -111.628124816238596, 40.585111040082538 ], [ -111.628414053881528, 40.584956317231878 ], [ -111.628665774719579, 40.584833328663578 ], [ -111.628940366614856, 40.584755259051235 ], [ -111.629162183439078, 40.584719817635801 ], [ -111.629420806397263, 40.584703093739556 ], [ -111.629627246420185, 40.584792056738948 ], [ -111.629748952161165, 40.585043639848656 ], [ -111.6297570133801, 40.585147197161497 ], [ -111.629802755948006, 40.584984789275033 ], [ -111.629947705713548, 40.584565089416586 ], [ -111.630131140341589, 40.58421724987204 ], [ -111.630352512524212, 40.584008839509217 ], [ -111.630756355409829, 40.583979608626414 ], [ -111.631145303265683, 40.584000006153666 ], [ -111.63129857267694, 40.58408925667932 ], [ -111.631321818679709, 40.583922466712359 ], [ -111.631329157928818, 40.583823329726016 ], [ -111.631374556994288, 40.583624887838525 ], [ -111.631451269355608, 40.583489336409976 ], [ -111.631588410325975, 40.583371472156472 ], [ -111.631810034641433, 40.583316207335599 ], [ -111.632053562577724, 40.583328388298398 ], [ -111.63227418048271, 40.583417269011676 ], [ -111.632510753268761, 40.583569123587793 ], [ -111.632785901244716, 40.583801845622816 ], [ -111.633099430450073, 40.584094715637974 ], [ -111.633388922630175, 40.584469696714464 ], [ -111.633686952498365, 40.584747335107622 ], [ -111.633998993747724, 40.585006878203473 ], [ -111.634333785519885, 40.585297826321536 ], [ -111.63460917025769, 40.585679187869871 ], [ -111.634838677602602, 40.585957199646408 ], [ -111.635051996503691, 40.58639745838623 ], [ -111.63514313133274, 40.586662716964589 ], [ -111.635303999511407, 40.586929393710967 ], [ -111.63534929143313, 40.587220128864004 ], [ -111.635463592211337, 40.587435711324204 ], [ -111.635845254117839, 40.587807476241011 ], [ -111.635998423578982, 40.588009330981713 ], [ -111.635922227379098, 40.588198935268871 ], [ -111.635791576996894, 40.588253707258701 ], [ -111.635532553599177, 40.588354229466134 ], [ -111.635501532369091, 40.588322869343315 ], [ -111.635380663612395, 40.588287499064776 ], [ -111.635226879451295, 40.5882703272732 ], [ -111.635051911004155, 40.588262280544065 ], [ -111.634807608963868, 40.588295154200047 ], [ -111.634571663340679, 40.588336990231916 ], [ -111.634365130871458, 40.588365151055207 ], [ -111.634250851706639, 40.58840181379675 ], [ -111.634105490074461, 40.588150365485248 ], [ -111.633946493541302, 40.587831425810329 ], [ -111.633823542783304, 40.587575349717191 ], [ -111.633701060643929, 40.58736881931339 ], [ -111.633503167817636, 40.587185224375638 ], [ -111.633365581266489, 40.58700580283962 ], [ -111.633380721687402, 40.586857074596971 ], [ -111.633343403529977, 40.586659085577359 ], [ -111.633183155467549, 40.586457266048441 ], [ -111.632999531004486, 40.586282600799926 ], [ -111.632800971154182, 40.58615306108716 ], [ -111.632632964018285, 40.586005336096271 ], [ -111.632381191182205, 40.585871582673541 ], [ -111.632419560360987, 40.586056053078508 ], [ -111.632542127603628, 40.586397716474252 ], [ -111.632633004667866, 40.586762075287112 ], [ -111.632687507085691, 40.587153659647306 ], [ -111.63274804568006, 40.587558724090393 ], [ -111.632739880189661, 40.587946147236138 ], [ -111.632716813227802, 40.588257077184132 ], [ -111.632572176954881, 40.588834432496988 ], [ -111.632450649320134, 40.589105361915344 ], [ -111.632374278508834, 40.589403070381287 ], [ -111.632198810449609, 40.58959321562471 ], [ -111.632092200081303, 40.589440649502663 ], [ -111.631962508181516, 40.589346766748143 ], [ -111.631801632428903, 40.589329629200456 ], [ -111.631649367439792, 40.589348479535161 ], [ -111.631473299614683, 40.589349442201119 ], [ -111.631298303315646, 40.589338687304604 ], [ -111.631191979042029, 40.589341970990112 ], [ -111.631038489840023, 40.589356322810204 ], [ -111.630954676398659, 40.589365789455975 ] ] ] ] } },
{ "type": "Feature", "properties": { "xid": 143, "name": null, "size_of_sl": null, "return_int": null, "starting_z": null, "vertical_f": null, "distance_t": null, "starting_1": null, "Shape__Are": 253104.045, "Shape__Len": 3062.1168997 }, "geometry": { "type": "MultiPolygon", "coordinates": [ [ [ [ -111.63281721001853, 40.581481905977498 ], [ -111.632838802970198, 40.581265576238842 ], [ -111.632832555782159, 40.58122957522162 ], [ -111.632801362391831, 40.581054074299274 ], [ -111.632809406833573, 40.580779261497113 ], [ -111.63277090556744, 40.580455155195118 ], [ -111.632710295683736, 40.580167205207047 ], [ -111.632509803094123, 40.579830472717816 ], [ -111.632389363069294, 40.579587894178012 ], [ -111.632290366288899, 40.579489339145269 ], [ -111.632236817608188, 40.579449092577519 ], [ -111.632068786272725, 40.579296862285432 ], [ -111.631893497271108, 40.579126653816367 ], [ -111.631687363567806, 40.57894310052761 ], [ -111.631664618881814, 40.578911694051698 ], [ -111.63152718152277, 40.578745782433181 ], [ -111.631404638174374, 40.578530240754247 ], [ -111.631237115118537, 40.578305935918856 ], [ -111.631069550863245, 40.578077126646775 ], [ -111.630962961668132, 40.577924559023323 ], [ -111.630687762611643, 40.57780894724209 ], [ -111.630527628521961, 40.577616131858264 ], [ -111.630512729582122, 40.57741351480162 ], [ -111.630664770465458, 40.5772478234856 ], [ -111.630992942856594, 40.577217203156458 ], [ -111.631421008825114, 40.577255403809573 ], [ -111.63188595451507, 40.577320427597485 ], [ -111.632359086428977, 40.577376395882467 ], [ -111.632816605566973, 40.577405421307745 ], [ -111.63329745682681, 40.577402786152454 ], [ -111.633648569197646, 40.577549506190785 ], [ -111.633923219485879, 40.577606556624055 ], [ -111.634189702114568, 40.577674461822212 ], [ -111.634281635721976, 40.577775756684851 ], [ -111.634235908695587, 40.577938166428929 ], [ -111.634342037319485, 40.578041185063647 ], [ -111.634487409955099, 40.578171014497933 ], [ -111.634685278566522, 40.578354608214539 ], [ -111.634937038461089, 40.578614480302377 ], [ -111.635181668839436, 40.578869886621959 ], [ -111.635501416461281, 40.579196949686249 ], [ -111.6356777806254, 40.579479756898408 ], [ -111.635760850935384, 40.579767581726301 ], [ -111.635898509689582, 40.580329874731994 ], [ -111.636051048126632, 40.58071641378536 ], [ -111.63616570773992, 40.581220275746468 ], [ -111.636250518721241, 40.581566647800194 ], [ -111.636325664932826, 40.581890550988064 ], [ -111.636341251889604, 40.582039110462453 ], [ -111.636516346293661, 40.582186791110779 ], [ -111.636371172809518, 40.58245335079593 ], [ -111.636333448873017, 40.582462567419569 ], [ -111.636318729096416, 40.582530214562134 ], [ -111.636234709241492, 40.582891029650973 ], [ -111.636134888294436, 40.583080764351266 ], [ -111.636013628136581, 40.583252599392686 ], [ -111.635860166715332, 40.583393080741693 ], [ -111.635669666933168, 40.583490523442634 ], [ -111.635364393218538, 40.583571480450452 ], [ -111.634838257977208, 40.583538337951758 ], [ -111.635082693150011, 40.583771223287734 ], [ -111.635577451954106, 40.583984713423071 ], [ -111.636006045877267, 40.58419856574222 ], [ -111.636410170980668, 40.584448586487362 ], [ -111.636669192590219, 40.58484805092089 ], [ -111.636769018787163, 40.585281724994566 ], [ -111.636905341428474, 40.585576462161825 ], [ -111.637096093903409, 40.586003328350849 ], [ -111.637257052055034, 40.586403332158561 ], [ -111.637355670107368, 40.586709087292874 ], [ -111.637294160017703, 40.587200406290727 ], [ -111.637280069873313, 40.587583358015628 ], [ -111.637096761300725, 40.587692474784895 ], [ -111.636875795954211, 40.587693693299734 ], [ -111.63663860077682, 40.587478789653368 ], [ -111.636402219426699, 40.586975599412909 ], [ -111.636135090441911, 40.586594196790877 ], [ -111.636089309094118, 40.586252114445841 ], [ -111.635983223881396, 40.585905859695416 ], [ -111.635890704789716, 40.585744210601803 ], [ -111.635745970072136, 40.585434203569676 ], [ -111.635440796511958, 40.585152105441736 ], [ -111.635090225439285, 40.584942326526729 ], [ -111.634686229928434, 40.584705813675299 ], [ -111.6341592256463, 40.584456461563612 ], [ -111.633838447645189, 40.584147418381455 ], [ -111.633465683707243, 40.583838659384121 ], [ -111.633144494805038, 40.583610695743623 ], [ -111.632809377052482, 40.583283710623441 ], [ -111.632518489096768, 40.583010535172988 ], [ -111.63234362414677, 40.58276104768354 ], [ -111.632366510815615, 40.582556422445826 ], [ -111.632282942467128, 40.582214545163801 ], [ -111.632381591551379, 40.582024820160264 ], [ -111.632717607270649, 40.581946405282736 ], [ -111.632770054679838, 40.581869543116269 ], [ -111.632793756270928, 40.581626175419565 ], [ -111.63281721001853, 40.581481905977498 ] ] ] ] } },
{ "type": "Feature", "properties": { "xid": 144, "name": "HIGH MODELS", "size_of_sl": "SIGNIFICANT", "return_int": "FREQUENT", "starting_z": "9560 FT.", "vertical_f": "1500 FT.", "distance_t": "2500 FT.", "starting_1": "S-SW", "Shape__Are": 126942.485, "Shape__Len": 2271.6237253 }, "geometry": { "type": "MultiPolygon", "coordinates": [ [ [ [ -111.659222061716079, 40.581960347814885 ], [ -111.659344245474685, 40.58200919887669 ], [ -111.659412698351019, 40.582121418156348 ], [ -111.659496290178055, 40.58221102895812 ], [ -111.659550211186414, 40.582287295910731 ], [ -111.659649030601869, 40.582363306450667 ], [ -111.659687105188695, 40.58239011542102 ], [ -111.659748367947898, 40.582371747937472 ], [ -111.659747615611892, 40.582295177423241 ], [ -111.659733512404358, 40.582182647953317 ], [ -111.659694464392757, 40.582056747737866 ], [ -111.659656465311883, 40.581917328313175 ], [ -111.659633870444324, 40.581782325310087 ], [ -111.659732631637098, 40.581732212888859 ], [ -111.659824569106476, 40.581709165767592 ], [ -111.659947049008892, 40.581667926480172 ], [ -111.660106023067527, 40.581612965319586 ], [ -111.660244822458338, 40.581549110451817 ], [ -111.660358853997209, 40.581489901410784 ], [ -111.660450569410173, 40.581444333054662 ], [ -111.660442727201712, 40.581367803070371 ], [ -111.660434397718305, 40.581241727455186 ], [ -111.660443082147921, 40.581043484138206 ], [ -111.66045802847151, 40.580881240225153 ], [ -111.660534191442991, 40.580696124265685 ], [ -111.660633865999174, 40.580618979435478 ], [ -111.660778425966171, 40.580660493978989 ], [ -111.660869488007478, 40.580788798932026 ], [ -111.660930675774154, 40.580883041290406 ], [ -111.661006529533907, 40.581026748109231 ], [ -111.661091436631338, 40.581129863449604 ], [ -111.66120610358459, 40.581255330389922 ], [ -111.661373140665901, 40.581299418160349 ], [ -111.661563542019593, 40.581316345474157 ], [ -111.661739765283258, 40.581333353695697 ], [ -111.661923122124563, 40.581354825172525 ], [ -111.662113745823191, 40.581394272309723 ], [ -111.662266534676263, 40.581551050476889 ], [ -111.662304245937278, 40.581780558705958 ], [ -111.662349783864443, 40.581964978030328 ], [ -111.662380495343115, 40.582203535154015 ], [ -111.662373042496739, 40.582406275903686 ], [ -111.662372856564545, 40.582626992576849 ], [ -111.662357666046873, 40.582883830478295 ], [ -111.662357080202682, 40.583064009829236 ], [ -111.662349538363088, 40.583257742258994 ], [ -111.662387543820117, 40.583397160715684 ], [ -111.662410855773658, 40.583604229406994 ], [ -111.662418185507505, 40.583748328150079 ], [ -111.662419048030586, 40.583955525562729 ], [ -111.662418551254603, 40.584144713167532 ], [ -111.662441819155461, 40.584347277679228 ], [ -111.662448811841003, 40.584576961907544 ], [ -111.662441492352912, 40.584793215009633 ], [ -111.662433213444288, 40.585031995596395 ], [ -111.662426542188783, 40.585194192186869 ], [ -111.662419267027545, 40.58541494940868 ], [ -111.66241863697897, 40.585590624537218 ], [ -111.662433589845207, 40.58578873228516 ], [ -111.662433359811786, 40.58600494468552 ], [ -111.662449716642641, 40.586225566351985 ], [ -111.662487120253701, 40.586423545315334 ], [ -111.662563694960255, 40.586639317171382 ], [ -111.662579252265388, 40.586778864238042 ], [ -111.662571399632554, 40.586941067564403 ], [ -111.662533517611678, 40.587053894765987 ], [ -111.662418874761187, 40.587171666574434 ], [ -111.662219714500438, 40.587226861282822 ], [ -111.662021779943274, 40.587286553019645 ], [ -111.661823312205172, 40.587292194714095 ], [ -111.661601816613455, 40.587239410808976 ], [ -111.661487671105888, 40.587167994187539 ], [ -111.661426343589397, 40.587060239849343 ], [ -111.661379889166227, 40.586902851952892 ], [ -111.661397108813759, 40.58673158627284 ], [ -111.661427148561359, 40.586542229588538 ], [ -111.661427559309729, 40.586344033757754 ], [ -111.661434499301606, 40.586208862097415 ], [ -111.661419815509291, 40.586037779073067 ], [ -111.661403994574343, 40.585871206950522 ], [ -111.661365634734707, 40.58569575507439 ], [ -111.661343256896629, 40.585583273250109 ], [ -111.661304425631968, 40.585479894411939 ], [ -111.661266598628558, 40.585358492217189 ], [ -111.661220605487642, 40.585367764299065 ], [ -111.661205615797485, 40.585525504034571 ], [ -111.661160126429351, 40.585705940329589 ], [ -111.661136466183848, 40.585823190095411 ], [ -111.661099203269544, 40.585999074875637 ], [ -111.661068497573737, 40.586120869342125 ], [ -111.660999803133876, 40.586224863600215 ], [ -111.66087031467768, 40.586275152880773 ], [ -111.660716706372355, 40.586276031610282 ], [ -111.660557057101684, 40.586263431488696 ], [ -111.660419459570235, 40.586210165492929 ], [ -111.660335167173557, 40.586170107812585 ], [ -111.660282512293577, 40.586102842843559 ], [ -111.660267358594126, 40.58600383271385 ], [ -111.660267494815869, 40.58589752814737 ], [ -111.660313208201998, 40.585739612913706 ], [ -111.660358430884955, 40.585651969072707 ], [ -111.660404276809331, 40.585507566233815 ], [ -111.660426933866447, 40.58540833993758 ], [ -111.660465822899468, 40.585277490038713 ], [ -111.660495746529719, 40.585196239770397 ], [ -111.660534635310995, 40.585065389845596 ], [ -111.660557336348134, 40.584970667664024 ], [ -111.660564499556784, 40.584858016737265 ], [ -111.66054939006024, 40.584763510769626 ], [ -111.660541591612585, 40.584691484985079 ], [ -111.660519126889795, 40.584569994677345 ], [ -111.660412194823735, 40.584390430126206 ], [ -111.660304524722051, 40.584255913679257 ], [ -111.660228668717508, 40.584112206496265 ], [ -111.66012927036941, 40.583977642599294 ], [ -111.660046458535746, 40.583847488237389 ], [ -111.659976954066607, 40.583748788579292 ], [ -111.659893049792771, 40.583627649141903 ], [ -111.659771026291338, 40.583475196572095 ], [ -111.659693118997495, 40.583363031529267 ], [ -111.65956532142522, 40.583224124908654 ], [ -111.659488773272656, 40.583129969561654 ], [ -111.659420319218881, 40.583017750355644 ], [ -111.659366265068286, 40.582927970912117 ], [ -111.659244465158324, 40.582798038488114 ], [ -111.659176056074017, 40.582690323273184 ], [ -111.659092331431509, 40.582587199803548 ], [ -111.659022873893392, 40.582493003677136 ], [ -111.65893941494032, 40.58241690498064 ], [ -111.658901163840028, 40.582372079167243 ], [ -111.658871050935687, 40.582313693719833 ], [ -111.65886347558471, 40.582264188519083 ], [ -111.658802262905255, 40.582167242585946 ], [ -111.658756860998366, 40.582116151343406 ], [ -111.658711432649781, 40.582062357592605 ], [ -111.658642241277732, 40.581995186115293 ], [ -111.65860394644082, 40.581945856047561 ], [ -111.658535821972691, 40.581866966978652 ], [ -111.658481884786411, 40.581788897875597 ], [ -111.658429102749594, 40.58170811952089 ], [ -111.658390587420158, 40.581636268629246 ], [ -111.658350758173555, 40.581550912007764 ], [ -111.658336878272863, 40.581460903082707 ], [ -111.658344574826344, 40.581402301998338 ], [ -111.658413798534056, 40.581352359037972 ], [ -111.658503505430218, 40.581342838885554 ], [ -111.65857221006155, 40.581360464813137 ], [ -111.658649600636437, 40.581420382548252 ], [ -111.65874117840815, 40.581481120206853 ], [ -111.658824724344981, 40.581566227368377 ], [ -111.658916496945992, 40.581646783140279 ], [ -111.659030895523529, 40.58174522735932 ], [ -111.659115667894241, 40.581834831709173 ], [ -111.659152869943867, 40.581893176645401 ], [ -111.659222061716079, 40.581960347814885 ] ] ] ] } },
{ "type": "Feature", "properties": { "xid": 145, "name": null, "size_of_sl": null, "return_int": null, "starting_z": null, "vertical_f": null, "distance_t": null, "starting_1": null, "Shape__Are": 179592.215, "Shape__Len": 1962.76831511 }, "geometry": { "type": "MultiPolygon", "coordinates": [ [ [ [ -111.614033082021095, 40.585695804953488 ], [ -111.614033561181728, 40.586006606293338 ], [ -111.614146939664522, 40.586258250167411 ], [ -111.614391066324444, 40.586464154526006 ], [ -111.614681428318974, 40.586557202245508 ], [ -111.614933375242671, 40.586713515390322 ], [ -111.615040081193868, 40.587010237901048 ], [ -111.614673393372485, 40.587228401089163 ], [ -111.614078840715635, 40.587339669031394 ], [ -111.613445127506239, 40.587433124278718 ], [ -111.612751755177612, 40.587463830896333 ], [ -111.612048986571295, 40.587500889304359 ], [ -111.611438474984894, 40.587547364816324 ], [ -111.610935302932845, 40.587572549183342 ], [ -111.610477763789817, 40.587547941762011 ], [ -111.610096581042555, 40.587473380824171 ], [ -111.609943086153805, 40.587357076944393 ], [ -111.609745176010975, 40.587164432455658 ], [ -111.609577253155493, 40.586890550104421 ], [ -111.609378854853617, 40.586643854694366 ], [ -111.609272300851501, 40.58649126702236 ], [ -111.609218555839789, 40.58642848882905 ], [ -111.609074194271088, 40.586406728088733 ], [ -111.608936309701704, 40.586317366957118 ], [ -111.608883583361717, 40.586236565616979 ], [ -111.608730131545968, 40.58599413653257 ], [ -111.608539645161642, 40.585837486035651 ], [ -111.608379473225384, 40.585635631512773 ], [ -111.60830427132197, 40.585421617874331 ], [ -111.608219380484712, 40.585181529642959 ], [ -111.608211636410061, 40.584978872170005 ], [ -111.608341283078531, 40.584811526459518 ], [ -111.608553925867781, 40.584675274225425 ], [ -111.608876005770298, 40.584488896337945 ], [ -111.609257125666048, 40.584428329534269 ], [ -111.609814545801086, 40.584393857325601 ], [ -111.610279275531809, 40.584431942657993 ], [ -111.61075270294721, 40.584516825951027 ], [ -111.611476717637586, 40.584610290764914 ], [ -111.612178873207029, 40.584509276570756 ], [ -111.61279678321327, 40.584499694051672 ], [ -111.612972838945325, 40.584498759944225 ], [ -111.613384840729211, 40.584456033269781 ], [ -111.614086287957477, 40.584407262348918 ], [ -111.614727019954728, 40.584309261835934 ], [ -111.615490154329819, 40.584287180527738 ], [ -111.61595509285722, 40.584347763931824 ], [ -111.616351683457566, 40.584557355532631 ], [ -111.616451550716405, 40.584881139760746 ], [ -111.616321462988552, 40.585255699489188 ], [ -111.616069858581383, 40.585522801507018 ], [ -111.615636227702737, 40.585655741119879 ], [ -111.615146920705556, 40.585644834682675 ], [ -111.614965242823288, 40.58567733287024 ], [ -111.61442166447587, 40.585675721085906 ], [ -111.614033082021095, 40.585695804953488 ] ] ] ] } },
{ "type": "Feature", "properties": { "xid": 157, "name": "OLD MILL", "size_of_sl": null, "return_int": null, "starting_z": null, "vertical_f": null, "distance_t": null, "starting_1": null, "Shape__Are": 137171.275, "Shape__Len": 2993.8178552200002 }, "geometry": { "type": "MultiPolygon", "coordinates": [ [ [ [ -111.716564138528639, 40.572272248933317 ], [ -111.716564513976792, 40.572418189164061 ], [ -111.716541828819132, 40.572506616115909 ], [ -111.716526298956126, 40.572601304840084 ], [ -111.716503296588755, 40.572660004711089 ], [ -111.716450155586955, 40.572772944297668 ], [ -111.716396918331213, 40.572876875655737 ], [ -111.716328371336573, 40.572985406323589 ], [ -111.716282702182681, 40.573134334690621 ], [ -111.716235947528219, 40.573292278565212 ], [ -111.716183045717145, 40.573427738531947 ], [ -111.716137183863523, 40.573558650429824 ], [ -111.716099303283613, 40.573662486437023 ], [ -111.716053345078024, 40.573784390096478 ], [ -111.71603072603304, 40.573879122678527 ], [ -111.716007165626607, 40.57399638308361 ], [ -111.71599177873604, 40.574104584024319 ], [ -111.715969879689339, 40.574266878106478 ], [ -111.715954492683039, 40.574375079038212 ], [ -111.71591562203362, 40.574496938702381 ], [ -111.715892589312304, 40.574663744183908 ], [ -111.715854899777398, 40.574785596502608 ], [ -111.715824202433112, 40.5748983966824 ], [ -111.715793456986475, 40.575006692752076 ], [ -111.715770885188277, 40.575105929370437 ], [ -111.715763575445948, 40.575196062621984 ], [ -111.715694929118385, 40.575295584698452 ], [ -111.715756303489897, 40.575400607341813 ], [ -111.715770671693548, 40.575529344088622 ], [ -111.715778210755545, 40.575682446892976 ], [ -111.715772514392185, 40.575813109716456 ], [ -111.715770746247301, 40.575979783375224 ], [ -111.715771004904198, 40.57611491369034 ], [ -111.715779197430706, 40.576218464061952 ], [ -111.715779072086605, 40.576317561574598 ], [ -111.715770724840468, 40.576421214427825 ], [ -111.715763991010988, 40.576565396853539 ], [ -111.715762972247987, 40.576691526276782 ], [ -111.715755998370668, 40.576813188199537 ], [ -111.715749725873124, 40.576889801807631 ], [ -111.715724886568623, 40.576998061229396 ], [ -111.715694140049564, 40.577106357242968 ], [ -111.715679405465863, 40.577165005685544 ], [ -111.715664766851305, 40.577232662323858 ], [ -111.715718344603033, 40.577160260035498 ], [ -111.715779355410007, 40.577341859618691 ], [ -111.715847704812987, 40.577546836546297 ], [ -111.715961112572074, 40.577766849110795 ], [ -111.716030346680697, 40.577943893176133 ], [ -111.715977181621199, 40.578055030845299 ], [ -111.715892712719977, 40.578222216999343 ], [ -111.715831632350714, 40.578366736177657 ], [ -111.715763049651954, 40.578583372132712 ], [ -111.715715858138225, 40.578700778811083 ], [ -111.715664372629973, 40.578858751627486 ], [ -111.715603531188464, 40.579025791166664 ], [ -111.71555071973502, 40.579170258954257 ], [ -111.715488360350733, 40.579305777064469 ], [ -111.715479543982823, 40.579143673457004 ], [ -111.715458241252605, 40.57891858564993 ], [ -111.71541278175971, 40.578644099092692 ], [ -111.715260470068898, 40.578654051084499 ], [ -111.715130305505312, 40.578857554766088 ], [ -111.715031289789593, 40.579101405045662 ], [ -111.714985823020726, 40.579380958958531 ], [ -111.714924360060195, 40.579822770046746 ], [ -111.714840335070605, 40.580143102050734 ], [ -111.714802674949595, 40.580490173444929 ], [ -111.714665162770373, 40.580891915342725 ], [ -111.71454299178076, 40.581180952320331 ], [ -111.71440579563604, 40.581501612835467 ], [ -111.714306518705669, 40.581943657306688 ], [ -111.714085895129443, 40.58219726738092 ], [ -111.713870778803923, 40.582302198033474 ], [ -111.713711752445732, 40.582348224634472 ], [ -111.713443915323339, 40.582273304511887 ], [ -111.713154189591862, 40.58213996179542 ], [ -111.712961751431834, 40.581821337796768 ], [ -111.712887274389686, 40.581483967949829 ], [ -111.712886098887253, 40.581150650074846 ], [ -111.712955669559221, 40.580803382372935 ], [ -111.713070188778104, 40.580349533445172 ], [ -111.713192044100467, 40.579919061931314 ], [ -111.713230113875255, 40.579387308285604 ], [ -111.713420959308124, 40.578778036416622 ], [ -111.713604201274464, 40.578231872690885 ], [ -111.71386300447918, 40.577680737306629 ], [ -111.713947446549952, 40.577288332952513 ], [ -111.71407662187903, 40.577102854250064 ], [ -111.714131242235297, 40.576906124895899 ], [ -111.714191651286114, 40.576809357333367 ], [ -111.714252829632457, 40.576673847167257 ], [ -111.714290714706692, 40.576570011780902 ], [ -111.714328408041325, 40.576448159977559 ], [ -111.714352115904177, 40.576344412235336 ], [ -111.714389809006434, 40.576222560409214 ], [ -111.714435963496214, 40.576118673827516 ], [ -111.7144735125799, 40.57598330966821 ], [ -111.714519618862681, 40.575874918950085 ], [ -111.714573803141931, 40.575748460652015 ], [ -111.714664227250267, 40.575585742946586 ], [ -111.714741097266199, 40.575481666203409 ], [ -111.714832239688192, 40.575386509885412 ], [ -111.714870698453282, 40.575336723515221 ], [ -111.71492465913677, 40.575300354387096 ], [ -111.714940287719728, 40.575214674100458 ], [ -111.714977421071779, 40.575151382702472 ], [ -111.715030758186955, 40.575056460208124 ], [ -111.715084988816741, 40.574934505767587 ], [ -111.715145145371594, 40.574814316372802 ], [ -111.71519151837353, 40.574731148348761 ], [ -111.715274851347303, 40.574568474045833 ], [ -111.71532071554762, 40.574437562492982 ], [ -111.715374657329505, 40.574288583302511 ], [ -111.715442631448951, 40.574126003981057 ], [ -111.715481118919755, 40.573968111649002 ], [ -111.71550400850937, 40.573787793917333 ], [ -111.715549459094603, 40.573618146987606 ], [ -111.715602756716592, 40.573408812711939 ], [ -111.715664534683299, 40.573219245225154 ], [ -111.715718090812416, 40.573034233039863 ], [ -111.715794188347488, 40.572858089951886 ], [ -111.715825874209315, 40.572727266018077 ], [ -111.715900837782428, 40.5725556342787 ], [ -111.715930832707315, 40.572487882389296 ], [ -111.715961624846997, 40.572384090350226 ], [ -111.715999793015285, 40.57230727898483 ], [ -111.716053174493396, 40.572216860105854 ], [ -111.716000427299008, 40.572145116647427 ], [ -111.716030133868827, 40.572050340113663 ], [ -111.716061117722788, 40.571964564454241 ], [ -111.716106133470348, 40.571865188601151 ], [ -111.716152234378896, 40.571756797200784 ], [ -111.716228521474193, 40.571598670221441 ], [ -111.716274285810414, 40.571458750050105 ], [ -111.716320770426265, 40.571386391403244 ], [ -111.716381046566326, 40.571277912004874 ], [ -111.716457716912643, 40.571155817694496 ], [ -111.716526213828885, 40.57104278283029 ], [ -111.716595555493697, 40.570898211876049 ], [ -111.716670995655306, 40.57077162064796 ], [ -111.716754945024832, 40.570667498579041 ], [ -111.716884628830883, 40.57053156183305 ], [ -111.717395842404173, 40.570722077511327 ], [ -111.717320307475305, 40.570839660997045 ], [ -111.717258755736921, 40.57093914000756 ], [ -111.717182279449503, 40.571079251249003 ], [ -111.717090397558806, 40.571214953667898 ], [ -111.71699974470225, 40.571355152783795 ], [ -111.71692232644115, 40.571517791694959 ], [ -111.716847366607439, 40.571689424095922 ], [ -111.716778120820123, 40.571843003388217 ], [ -111.716716807670224, 40.571965002617752 ], [ -111.71663328912858, 40.572109661568618 ], [ -111.716564138528639, 40.572272248933317 ] ] ] ] } },
{ "type": "Feature", "properties": { "xid": 158, "name": null, "size_of_sl": null, "return_int": null, "starting_z": null, "vertical_f": null, "distance_t": null, "starting_1": null, "Shape__Are": 49769.375, "Shape__Len": 1024.1161858600001 }, "geometry": { "type": "MultiPolygon", "coordinates": [ [ [ [ -111.611873307809844, 40.579504697152551 ], [ -111.612248087916939, 40.579529737845974 ], [ -111.612469005996317, 40.579785318069412 ], [ -111.612454076892632, 40.580091697030589 ], [ -111.612362545257042, 40.580290376270696 ], [ -111.61222472880749, 40.580466778704903 ], [ -111.612011499967011, 40.580666102578419 ], [ -111.611706521732344, 40.58091095602726 ], [ -111.611324455203558, 40.581124685796006 ], [ -111.610867103058368, 40.581505475543032 ], [ -111.610531321145075, 40.58187210777016 ], [ -111.610203437993306, 40.582198157613249 ], [ -111.609844294833493, 40.582335186442066 ], [ -111.609462414625114, 40.582440803266408 ], [ -111.609035184964981, 40.582497109455126 ], [ -111.608745379090706, 40.582462601793871 ], [ -111.608417396704368, 40.582387754819237 ], [ -111.608318184034999, 40.582131526093022 ], [ -111.608463670637676, 40.581756893991354 ], [ -111.608608262229751, 40.581544425098379 ], [ -111.608952408477492, 40.581317390990577 ], [ -111.609455608305439, 40.581039968308566 ], [ -111.609944093901191, 40.580704063811538 ], [ -111.61039326304288, 40.580462957581624 ], [ -111.610645485852501, 40.580263430555441 ], [ -111.610912370129597, 40.579987250483406 ], [ -111.611247943106306, 40.57972872398107 ], [ -111.611873307809844, 40.579504697152551 ] ] ] ] } },
{ "type": "Feature", "properties": { "xid": 162, "name": "DALTON'S", "size_of_sl": null, "return_int": null, "starting_z": null, "vertical_f": null, "distance_t": null, "starting_1": null, "Shape__Are": 76500.595, "Shape__Len": 2143.8698671699999 }, "geometry": { "type": "MultiPolygon", "coordinates": [ [ [ [ -111.656528917429469, 40.579029806538905 ], [ -111.656620859954756, 40.57912838083142 ], [ -111.656689261255195, 40.579236097685936 ], [ -111.65678033117895, 40.579366207631182 ], [ -111.6568726269998, 40.579500814933247 ], [ -111.656963177117873, 40.579698493729381 ], [ -111.657039505814467, 40.57989174893455 ], [ -111.657070497454313, 40.580040217947705 ], [ -111.657086394225146, 40.580215799229713 ], [ -111.657054766669233, 40.580364624418827 ], [ -111.656993909903605, 40.580545146658089 ], [ -111.656940530200259, 40.58064454709632 ], [ -111.656818270546907, 40.580708303962076 ], [ -111.656704016915157, 40.580744988770377 ], [ -111.656612820740463, 40.580722985174106 ], [ -111.656528555124623, 40.580684726267513 ], [ -111.656466086508871, 40.580579678273615 ], [ -111.656407224233533, 40.580480915914471 ], [ -111.65635282398604, 40.5803551017544 ], [ -111.656323147338497, 40.580220138290635 ], [ -111.656254455085062, 40.580082693832288 ], [ -111.656161966033778, 40.579928267773127 ], [ -111.656048316215504, 40.579784772382915 ], [ -111.655940794296924, 40.579663764096267 ], [ -111.655826623734299, 40.579587837486763 ], [ -111.655682564492054, 40.579476045191441 ], [ -111.655528878003892, 40.579346289732179 ], [ -111.655399305242753, 40.57926594569367 ], [ -111.655292180890171, 40.579185474166202 ], [ -111.655180199053277, 40.579091516876964 ], [ -111.655032861127751, 40.579006768776615 ], [ -111.654873533138229, 40.578904070843969 ], [ -111.654704709945676, 40.578796922100459 ], [ -111.654576188990234, 40.578703057952929 ], [ -111.654393013590763, 40.578577972457168 ], [ -111.654239419409009, 40.578457223538642 ], [ -111.654079918458521, 40.578336507857813 ], [ -111.653912367132605, 40.578238359547825 ], [ -111.653790018750755, 40.578171485998652 ], [ -111.653675721627579, 40.578082044735147 ], [ -111.653537576483544, 40.577970216255153 ], [ -111.653400262677167, 40.577822347664402 ], [ -111.653271044393549, 40.577656415503192 ], [ -111.653149353499444, 40.57753548468375 ], [ -111.653034926923155, 40.577432530288213 ], [ -111.652904835371629, 40.577298133478109 ], [ -111.652798285659017, 40.577154594671363 ], [ -111.652707007591914, 40.577001960662081 ], [ -111.65261529226197, 40.576804284987034 ], [ -111.652508481398058, 40.576633720936897 ], [ -111.65242433705707, 40.576485550798445 ], [ -111.652355551674162, 40.576337293859538 ], [ -111.652272152034996, 40.576144075331051 ], [ -111.652203061172401, 40.575964289169811 ], [ -111.652111305045423, 40.575762108876894 ], [ -111.652034951611853, 40.575564345971451 ], [ -111.652019331657485, 40.575415788704433 ], [ -111.652026727824349, 40.575204039821479 ], [ -111.652043968743641, 40.575032775028752 ], [ -111.652035393606383, 40.574879673578025 ], [ -111.652004153269914, 40.574704178012269 ], [ -111.651989277780984, 40.574510572439188 ], [ -111.651989060058725, 40.574366432617168 ], [ -111.651974359585239, 40.57419084367509 ], [ -111.652004770580717, 40.574037522160452 ], [ -111.652064978462278, 40.573911058894616 ], [ -111.652141725504791, 40.57378450222771 ], [ -111.652187537645545, 40.573635598118763 ], [ -111.652241181864341, 40.573441605681836 ], [ -111.652294169298315, 40.573301669827188 ], [ -111.652309308816584, 40.573157443259923 ], [ -111.652340681261606, 40.572981594158669 ], [ -111.652371134654331, 40.572832776688301 ], [ -111.652393405853587, 40.572693014233479 ], [ -111.652545583125601, 40.572548013626289 ], [ -111.652706204694368, 40.572542601792094 ], [ -111.652843461644551, 40.572564348233492 ], [ -111.652928056451202, 40.572637742437919 ], [ -111.652957617650642, 40.572761897041616 ], [ -111.65294265473959, 40.572924140337832 ], [ -111.652950925141297, 40.573045712629792 ], [ -111.65295000729671, 40.573194363305582 ], [ -111.652927561970102, 40.573316109203553 ], [ -111.652904285444919, 40.573473895060417 ], [ -111.65289759194215, 40.573636091593414 ], [ -111.652889804591311, 40.573807303120191 ], [ -111.652912514372929, 40.573955820235838 ], [ -111.652935224259267, 40.574104337342483 ], [ -111.652973029626409, 40.574225742667046 ], [ -111.653041815158872, 40.574495618300496 ], [ -111.653079839927287, 40.574639544378506 ], [ -111.653095681008139, 40.57481062230422 ], [ -111.653110340769985, 40.574981706901475 ], [ -111.653126094421182, 40.575143776492716 ], [ -111.653133403073454, 40.57528787619686 ], [ -111.653157207746119, 40.57542737822029 ], [ -111.653179787301696, 40.575562382755699 ], [ -111.653195015611942, 40.575670402410843 ], [ -111.65319519215835, 40.575810038019206 ], [ -111.653188367784935, 40.575958722023657 ], [ -111.653247527961398, 40.576089015278093 ], [ -111.653278859858247, 40.57627351875248 ], [ -111.653317061449201, 40.576435461329879 ], [ -111.653355000325206, 40.576570378939699 ], [ -111.653438927703377, 40.576696027591396 ], [ -111.653545609528393, 40.576853078286931 ], [ -111.653637763868034, 40.576974175836156 ], [ -111.653713202978338, 40.577077350279254 ], [ -111.653843207999714, 40.577202737860389 ], [ -111.653973476667773, 40.577355150230851 ], [ -111.654102564480098, 40.577507569135626 ], [ -111.654232571066217, 40.577632956257176 ], [ -111.65437767371462, 40.577731231284034 ], [ -111.654545356133781, 40.577842891400572 ], [ -111.654759159860959, 40.577958794264561 ], [ -111.654949027648939, 40.578043301609519 ], [ -111.655110145427116, 40.578087432047738 ], [ -111.655254810863681, 40.578140664394738 ], [ -111.655437898727158, 40.578256740220169 ], [ -111.655628383817714, 40.578404304598052 ], [ -111.655796201940007, 40.578529475320167 ], [ -111.65601705481312, 40.578640831410127 ], [ -111.656230995643583, 40.578770243956299 ], [ -111.656345165255686, 40.578846170184093 ], [ -111.656430062439057, 40.57894928906682 ], [ -111.656528917429469, 40.579029806538905 ] ] ] ] } },
{ "type": "Feature", "properties": { "xid": 165, "name": "MACH SCHNELL", "size_of_sl": null, "return_int": null, "starting_z": null, "vertical_f": null, "distance_t": null, "starting_1": null, "Shape__Are": 72599.63, "Shape__Len": 1707.18728659 }, "geometry": { "type": "MultiPolygon", "coordinates": [ [ [ [ -111.659054230525285, 40.578584805483594 ], [ -111.659077323788708, 40.578650438020276 ], [ -111.659068932931604, 40.578758591579223 ], [ -111.659046426264638, 40.578873131835309 ], [ -111.658984895504688, 40.578984291189826 ], [ -111.65888640291206, 40.579061427875772 ], [ -111.658787556608146, 40.579102531268269 ], [ -111.658664992280237, 40.579134761010785 ], [ -111.658488819675199, 40.57912225219237 ], [ -111.658367039224331, 40.579113937520681 ], [ -111.658222545856532, 40.579078725723207 ], [ -111.65810846202757, 40.579011809677617 ], [ -111.657993285215539, 40.578953908550865 ], [ -111.657894649225895, 40.578895913105086 ], [ -111.657794699578204, 40.578824411843769 ], [ -111.657672954346836, 40.57869898174156 ], [ -111.657559259332956, 40.578550983663654 ], [ -111.657406356030961, 40.578380686590769 ], [ -111.657315065835391, 40.578228056349502 ], [ -111.657215638081851, 40.578088985541896 ], [ -111.657085228449944, 40.577923064454133 ], [ -111.656971580121862, 40.57777956991157 ], [ -111.656879286515533, 40.577644962631751 ], [ -111.65676541886593, 40.577478947100687 ], [ -111.656696710972739, 40.577339701163766 ], [ -111.656597417939793, 40.577214142246667 ], [ -111.656520660733648, 40.577097463975029 ], [ -111.65634378248086, 40.576891266452641 ], [ -111.65626111890839, 40.576774621558883 ], [ -111.656162920956945, 40.576640047220316 ], [ -111.656049276795272, 40.576496551706391 ], [ -111.655903514601405, 40.576330716416024 ], [ -111.655805274042336, 40.576191637596295 ], [ -111.655666557686544, 40.576021257589403 ], [ -111.655521978898747, 40.575855415083026 ], [ -111.655400023570664, 40.575707461661445 ], [ -111.655262073872635, 40.575615453473866 ], [ -111.655117523324108, 40.575452312929585 ], [ -111.654934092347247, 40.575300203214688 ], [ -111.654788862459654, 40.575188416337213 ], [ -111.654605959735406, 40.575090355980898 ], [ -111.654438503587798, 40.575001216639002 ], [ -111.654262865806615, 40.574921132204977 ], [ -111.65410267440744, 40.574849968855141 ], [ -111.653980551339131, 40.574805616217098 ], [ -111.653850813849147, 40.574707253659895 ], [ -111.653760194422603, 40.574622182801043 ], [ -111.653606742001983, 40.574514945358473 ], [ -111.653514766450172, 40.574411864345478 ], [ -111.653461952453, 40.574326579367273 ], [ -111.653377765160783, 40.574173905698217 ], [ -111.653331776994506, 40.574061555601439 ], [ -111.653309460539788, 40.573953576020898 ], [ -111.653294144853632, 40.57383654802652 ], [ -111.653263558855173, 40.573728615198917 ], [ -111.65325576965472, 40.573656588714897 ], [ -111.653248068083101, 40.573593570550536 ], [ -111.653263818898779, 40.573512402130319 ], [ -111.653293658598812, 40.573422145214501 ], [ -111.653339031358314, 40.573349818075123 ], [ -111.653385804467931, 40.573300005039442 ], [ -111.653476376021459, 40.573258953049006 ], [ -111.653575567699662, 40.573253887486096 ], [ -111.653728096578718, 40.57326653764796 ], [ -111.653820550743632, 40.573297545270059 ], [ -111.653942802508496, 40.573355410591375 ], [ -111.654058010076611, 40.573417820074283 ], [ -111.654185993683612, 40.573457635049849 ], [ -111.654278404444781, 40.573484138141012 ], [ -111.654460863423864, 40.57353715748539 ], [ -111.654591298044068, 40.573585966940435 ], [ -111.654712237897371, 40.573630325651763 ], [ -111.654880784513082, 40.573710449626283 ], [ -111.655017565932852, 40.573804266696101 ], [ -111.6551168069727, 40.573925322948476 ], [ -111.655178156067947, 40.574037585211109 ], [ -111.655224410929804, 40.574176959499702 ], [ -111.655269440651736, 40.574311836308027 ], [ -111.655308387800105, 40.574428729970833 ], [ -111.655377001867521, 40.574558968533118 ], [ -111.655461062312199, 40.5746981282227 ], [ -111.65556892700765, 40.574855170388318 ], [ -111.655719498699085, 40.575029987664891 ], [ -111.655849679351689, 40.575173389662169 ], [ -111.655964238281328, 40.575289853776447 ], [ -111.656125400702322, 40.575460105960801 ], [ -111.656261622172096, 40.575616986387587 ], [ -111.656398893638951, 40.575760347463259 ], [ -111.656566882636355, 40.57590353378653 ], [ -111.65669706680373, 40.576046934779967 ], [ -111.656818020367382, 40.576212910135283 ], [ -111.65691009156815, 40.576324996737803 ], [ -111.657025050883149, 40.576481997142295 ], [ -111.657176652811927, 40.576640590735884 ], [ -111.657321872172986, 40.576750572866132 ], [ -111.657475247427357, 40.576848796937611 ], [ -111.65761212708739, 40.576951619114588 ], [ -111.65775644871772, 40.577090433992176 ], [ -111.657932537554331, 40.577215554543258 ], [ -111.658077644644834, 40.577313824894283 ], [ -111.658214482030459, 40.577412142181473 ], [ -111.658330009587303, 40.577506076345955 ], [ -111.65847415724717, 40.577626873681602 ], [ -111.658580498935791, 40.577747886378127 ], [ -111.658672751902017, 40.577877988116256 ], [ -111.658748420643718, 40.578003679947805 ], [ -111.65881791725711, 40.578102380503474 ], [ -111.658909387447608, 40.578273026142377 ], [ -111.658954945936358, 40.578340332324501 ], [ -111.658993636722826, 40.578430199685414 ], [ -111.659031013544933, 40.578506561316956 ], [ -111.659054230525285, 40.578584805483594 ] ] ] ] } },
{ "type": "Feature", "properties": { "xid": 167, "name": "WILBERE BOWL", "size_of_sl": null, "return_int": null, "starting_z": null, "vertical_f": null, "distance_t": null, "starting_1": null, "Shape__Are": 359872.97, "Shape__Len": 3801.2098659600001 }, "geometry": { "type": "MultiPolygon", "coordinates": [ [ [ [ -111.666073249470571, 40.57806077378477 ], [ -111.665997323578537, 40.578029680730445 ], [ -111.665798213805417, 40.577967766859928 ], [ -111.665599839443601, 40.57786080437473 ], [ -111.665386017592382, 40.577744921718654 ], [ -111.66514952589246, 40.57760664718127 ], [ -111.665035348569944, 40.577530729700932 ], [ -111.664891055650799, 40.577396428201006 ], [ -111.664699594755604, 40.577271406744458 ], [ -111.664523716139158, 40.577168817348621 ], [ -111.664379781481372, 40.577070548369477 ], [ -111.664165786067727, 40.576936646810459 ], [ -111.664013448783493, 40.576824912466385 ], [ -111.663807457800445, 40.576663937796866 ], [ -111.663601690327241, 40.576525483492475 ], [ -111.66341105980483, 40.576364419863026 ], [ -111.663189490777839, 40.576181011510883 ], [ -111.663006261998063, 40.576051435541295 ], [ -111.662822945022256, 40.575912850972415 ], [ -111.662617004128279, 40.575756378260614 ], [ -111.662403753595925, 40.575577425063159 ], [ -111.662258421970947, 40.575456639382402 ], [ -111.662029343980905, 40.575349846709194 ], [ -111.661877235781887, 40.575260630218423 ], [ -111.661701366726007, 40.575158036414592 ], [ -111.661541904780705, 40.57504183516415 ], [ -111.661381261984388, 40.574925640450836 ], [ -111.661159924937181, 40.574764748841822 ], [ -111.660983703663533, 40.57462612069606 ], [ -111.660755413118764, 40.574478781306134 ], [ -111.660535171843065, 40.574308873400177 ], [ -111.660313055985938, 40.574188524257927 ], [ -111.66006105212314, 40.57403231020848 ], [ -111.659817053642229, 40.573849023434974 ], [ -111.659573366101668, 40.573697265213617 ], [ -111.659381969841547, 40.57357673885857 ], [ -111.659222515657135, 40.573460534313874 ], [ -111.659000511002233, 40.573350992563142 ], [ -111.658802320083694, 40.57326023308876 ], [ -111.658626284278938, 40.573139617866055 ], [ -111.658406670878875, 40.573032763974894 ], [ -111.658153891600193, 40.572917089808108 ], [ -111.657955897222678, 40.572846147146052 ], [ -111.657764920881789, 40.572767957129365 ], [ -111.657512478776638, 40.572686513133462 ], [ -111.657230432696736, 40.572598029960162 ], [ -111.6569937196236, 40.57255433236913 ], [ -111.656719159258969, 40.572506345047415 ], [ -111.65643781924048, 40.572489926458282 ], [ -111.65622372889915, 40.572464116366781 ], [ -111.655948383933534, 40.572456671346742 ], [ -111.655620839351343, 40.57242699989051 ], [ -111.655315652991945, 40.57238819185654 ], [ -111.65499537283624, 40.572376495051664 ], [ -111.654599134645011, 40.572329192529722 ], [ -111.654209066990731, 40.5723088801575 ], [ -111.653881216910861, 40.572247674629637 ], [ -111.65368248590039, 40.572221772883537 ], [ -111.653438469150686, 40.572155587277543 ], [ -111.653164393440022, 40.572035518200671 ], [ -111.652874786021059, 40.571897518610264 ], [ -111.652652472911029, 40.571754633707386 ], [ -111.652509310950165, 40.571611301319244 ], [ -111.652378312992226, 40.571503935336459 ], [ -111.652246965573141, 40.571360535894037 ], [ -111.652111418813718, 40.571149593847743 ], [ -111.652057909660812, 40.570992241527499 ], [ -111.652042728938355, 40.570767106685011 ], [ -111.652050387037804, 40.570582382619484 ], [ -111.652065570266018, 40.570442660181357 ], [ -111.652080228769108, 40.570248887767399 ], [ -111.652096199682688, 40.570068621170655 ], [ -111.652104032473488, 40.569901913739187 ], [ -111.652141836048173, 40.569658462120643 ], [ -111.652164850803842, 40.569473651321204 ], [ -111.652202916310074, 40.569257224658003 ], [ -111.652234112425788, 40.569063358819051 ], [ -111.652317372959743, 40.568878207810521 ], [ -111.652438828175548, 40.568733380740177 ], [ -111.652561464163298, 40.568588546869684 ], [ -111.652668847868057, 40.568454609628127 ], [ -111.652729032125592, 40.568326344276649 ], [ -111.652789977283987, 40.568154832231215 ], [ -111.652813383704498, 40.56801055876084 ], [ -111.652866322038392, 40.567866118389539 ], [ -111.652996174545834, 40.567734756496208 ], [ -111.653179534287233, 40.567639127235516 ], [ -111.653369893543413, 40.567534449269992 ], [ -111.653553602734462, 40.56747485274213 ], [ -111.653782375269287, 40.567433018555256 ], [ -111.654056430492119, 40.567431467264804 ], [ -111.654369511553, 40.567434198685682 ], [ -111.654742969209479, 40.567450100319924 ], [ -111.65498088803534, 40.567498300178997 ], [ -111.655277958771407, 40.567555172861965 ], [ -111.655522224203168, 40.567648379729796 ], [ -111.655758485153981, 40.567768657990207 ], [ -111.655972170688059, 40.567875550717964 ], [ -111.656155143576058, 40.56798261749514 ], [ -111.656337507816929, 40.568148244794735 ], [ -111.656559603773374, 40.568390220998197 ], [ -111.656634817405873, 40.56847087291829 ], [ -111.656811541916767, 40.5686635579765 ], [ -111.656872236107191, 40.568829876106307 ], [ -111.656994358166287, 40.568995844864418 ], [ -111.657147282809035, 40.569170647093436 ], [ -111.657276361798566, 40.569323062733105 ], [ -111.657353243468961, 40.569453253198496 ], [ -111.657497680502843, 40.569605581188512 ], [ -111.65757351388757, 40.5697492906978 ], [ -111.6576658860088, 40.569892905999062 ], [ -111.657755675381893, 40.57001401387555 ], [ -111.657910050343034, 40.570215833259027 ], [ -111.658031393285682, 40.570422344998768 ], [ -111.65817645179834, 40.570637730306068 ], [ -111.65832151124809, 40.570853115415922 ], [ -111.658473527191134, 40.571054947453035 ], [ -111.65864221528507, 40.571270197454105 ], [ -111.658809634773078, 40.571476445615076 ], [ -111.658931501389119, 40.571615387232249 ], [ -111.659092573945117, 40.571776627081348 ], [ -111.659290667014943, 40.571978195103014 ], [ -111.659443250736729, 40.572116960853236 ], [ -111.659679844068435, 40.572268759914742 ], [ -111.659923659374542, 40.572434030453955 ], [ -111.660113960478412, 40.572563571014186 ], [ -111.660258883485014, 40.572643822137429 ], [ -111.66042034593319, 40.572723978523157 ], [ -111.660671725440267, 40.572817133693228 ], [ -111.660861851805265, 40.572928656375801 ], [ -111.661060248385922, 40.573040131416008 ], [ -111.661304674760089, 40.573146838210839 ], [ -111.661587438215278, 40.573307377820889 ], [ -111.661777878120006, 40.573450428035144 ], [ -111.662007171162159, 40.573579742059493 ], [ -111.66234254071243, 40.573803040015939 ], [ -111.662495579143638, 40.573986843128708 ], [ -111.662724227307635, 40.574170212287939 ], [ -111.662961386539052, 40.574377855935822 ], [ -111.663105473405963, 40.574492341733183 ], [ -111.663273517841304, 40.574640022397993 ], [ -111.663448918363144, 40.57481468700125 ], [ -111.66365403289943, 40.57500719825061 ], [ -111.663799544089159, 40.57514599877215 ], [ -111.663929653050332, 40.575280383224126 ], [ -111.664066628327433, 40.575392206026933 ], [ -111.664173846054467, 40.575481677733215 ], [ -111.664318798007358, 40.575563725294536 ], [ -111.664508920358188, 40.575673440153189 ], [ -111.66461609455169, 40.575758407287829 ], [ -111.664753161107683, 40.575879237547547 ], [ -111.664867558224103, 40.575977676094112 ], [ -111.665028120328614, 40.57608485757477 ], [ -111.66518154979174, 40.576187575496419 ], [ -111.665317347578124, 40.57629940357058 ], [ -111.665431880118902, 40.576411353981193 ], [ -111.665563176237114, 40.576545729713274 ], [ -111.665668615300518, 40.576693767508644 ], [ -111.665783193754791, 40.576810221700136 ], [ -111.665897683289515, 40.576917667479442 ], [ -111.66602739788614, 40.577011512150037 ], [ -111.666179649556042, 40.577114235512539 ], [ -111.666332680934943, 40.577176414540787 ], [ -111.66643136626368, 40.577238906906778 ], [ -111.666622293750763, 40.577309875722477 ], [ -111.666797907581, 40.577385437020368 ], [ -111.666973298143915, 40.577438477321529 ], [ -111.66717954082138, 40.577504852379718 ], [ -111.66732425911448, 40.577562573695786 ], [ -111.667453439766689, 40.577602366993858 ], [ -111.667575755741026, 40.57766472183409 ], [ -111.667652353604211, 40.57776337601458 ], [ -111.667673915995067, 40.577911896687247 ], [ -111.667621556557734, 40.5779932785602 ], [ -111.667522941114214, 40.578056910101296 ], [ -111.66745455095392, 40.578070818488797 ], [ -111.667308721691384, 40.578139227041675 ], [ -111.667171851589728, 40.578158035235553 ], [ -111.666973635040662, 40.578186206294198 ], [ -111.666698489335772, 40.578201307823825 ], [ -111.666461929361503, 40.57817564646146 ], [ -111.666233371667289, 40.578122912043902 ], [ -111.666073249470571, 40.57806077378477 ] ] ] ] } },
{ "type": "Feature", "properties": { "xid": 168, "name": null, "size_of_sl": "ELBERT'S SLIDE", "return_int": null, "starting_z": null, "vertical_f": null, "distance_t": null, "starting_1": null, "Shape__Are": 66819.635, "Shape__Len": 1308.3134900299999 }, "geometry": { "type": "MultiPolygon", "coordinates": [ [ [ [ -111.688435590202829, 40.577564810407928 ], [ -111.688465052984796, 40.577672740420383 ], [ -111.688480661734602, 40.577812283794522 ], [ -111.688472733919539, 40.57796097624248 ], [ -111.688495385294871, 40.578095973233715 ], [ -111.688488315708938, 40.57821312976256 ], [ -111.688480691991785, 40.578276236795865 ], [ -111.68846597952529, 40.578339386076642 ], [ -111.688457682235835, 40.578452045516407 ], [ -111.688449892836829, 40.578614250320001 ], [ -111.688435199317652, 40.578794513862192 ], [ -111.688411958422776, 40.578947801940551 ], [ -111.688388578913973, 40.57908757763942 ], [ -111.688382063109216, 40.57925878362942 ], [ -111.688343019992786, 40.579484236230527 ], [ -111.688290149368981, 40.579628692026802 ], [ -111.688213787377379, 40.579786800950295 ], [ -111.68809134714266, 40.579945184304648 ], [ -111.687953547000973, 40.580103659003811 ], [ -111.6878323332067, 40.58026653917171 ], [ -111.687748326910679, 40.580370640514552 ], [ -111.687671593818138, 40.58049271608926 ], [ -111.687580405779585, 40.580587851264688 ], [ -111.687450902348942, 40.580633666018798 ], [ -111.687343876105075, 40.580566736934337 ], [ -111.68726801285213, 40.580427551975539 ], [ -111.687168335741518, 40.580270491034902 ], [ -111.68709224276607, 40.580108785326509 ], [ -111.687054095917631, 40.579960367070512 ], [ -111.687008215236744, 40.579748933212088 ], [ -111.686962565233699, 40.579560019949689 ], [ -111.686939501732667, 40.579384485545809 ], [ -111.686955242623299, 40.57919070277697 ], [ -111.686992894933212, 40.579059851280405 ], [ -111.687016185185087, 40.578911067589154 ], [ -111.68703060606191, 40.578703779447117 ], [ -111.687031033664994, 40.578514592120754 ], [ -111.68703173774496, 40.578352429542768 ], [ -111.687023220586596, 40.578212843802902 ], [ -111.687008029447554, 40.57811383735126 ], [ -111.687000739901535, 40.577978748702954 ], [ -111.686992268941012, 40.577843667077062 ], [ -111.686962209493245, 40.577677183031362 ], [ -111.686938057409108, 40.577510663843817 ], [ -111.686916959368617, 40.577411692493897 ], [ -111.686939159972454, 40.577271924057939 ], [ -111.686893390060007, 40.577186612614483 ], [ -111.686863515434865, 40.577038145027565 ], [ -111.686832413452493, 40.576885180325469 ], [ -111.686772220404109, 40.576660318148953 ], [ -111.686756921839489, 40.576435189039593 ], [ -111.686756168868982, 40.576246008657705 ], [ -111.686778998177061, 40.576052183668011 ], [ -111.686794294411541, 40.575930473882508 ], [ -111.686833080647304, 40.57579511122492 ], [ -111.686878142288606, 40.575695746452602 ], [ -111.686939236764232, 40.575546737899764 ], [ -111.687000423116444, 40.575406737569175 ], [ -111.687084424477945, 40.575302636722242 ], [ -111.68722154254084, 40.575193715429073 ], [ -111.687404521387279, 40.575179113527341 ], [ -111.687580826740998, 40.57520509067718 ], [ -111.687732553399499, 40.575253735899231 ], [ -111.687846890544577, 40.575343143179872 ], [ -111.687947004999216, 40.575428130645179 ], [ -111.688023445439711, 40.575508754625012 ], [ -111.688106531443395, 40.575661409395011 ], [ -111.688167540213797, 40.575850230834916 ], [ -111.688243649262077, 40.576013737622503 ], [ -111.688282331814321, 40.576214403448034 ], [ -111.688343738245138, 40.576326647586122 ], [ -111.688382070425874, 40.576493082006508 ], [ -111.688403955168013, 40.576668623227732 ], [ -111.688435014446441, 40.576817083358399 ], [ -111.688480158701253, 40.576956450729739 ], [ -111.688511125938206, 40.577095902579494 ], [ -111.688488208972274, 40.577280719588323 ], [ -111.688472638495114, 40.577375404796484 ], [ -111.688465522754285, 40.577488057213145 ], [ -111.688435590202829, 40.577564810407928 ] ] ] ] } },
{ "type": "Feature", "properties": { "xid": 169, "name": "ALTA - BALDY FACE", "size_of_sl": null, "return_int": null, "starting_z": null, "vertical_f": null, "distance_t": null, "starting_1": null, "Shape__Are": 442909.97, "Shape__Len": 3793.8926761799999 }, "geometry": { "type": "MultiPolygon", "coordinates": [ [ [ [ -111.639042749376998, 40.575497312264922 ], [ -111.638851848097801, 40.575549718424568 ], [ -111.63862199330049, 40.575481621465954 ], [ -111.638370727599849, 40.575149683998163 ], [ -111.638149427498647, 40.574862624522197 ], [ -111.637874281797792, 40.574503791386611 ], [ -111.637539599051522, 40.574095737650985 ], [ -111.637172681136462, 40.573651825429309 ], [ -111.636874985758368, 40.573405724462269 ], [ -111.636608648709867, 40.573227016071385 ], [ -111.636288311150025, 40.573084639795937 ], [ -111.63609772571445, 40.573045149690351 ], [ -111.635998161768967, 40.573135786106562 ], [ -111.635990216185292, 40.573419607740291 ], [ -111.636028903322767, 40.573637408223092 ], [ -111.636212198082859, 40.57390486175985 ], [ -111.636532467846735, 40.574164353258297 ], [ -111.636921645661914, 40.574464003633324 ], [ -111.637226379150491, 40.57495330371907 ], [ -111.637478450743899, 40.575370823027114 ], [ -111.637661334691145, 40.575842776590484 ], [ -111.637668342880829, 40.576207595000881 ], [ -111.63771459520521, 40.576599223196766 ], [ -111.637759992656711, 40.576900767909031 ], [ -111.637837375186834, 40.577211144799008 ], [ -111.637783002018779, 40.577333064016855 ], [ -111.637637785102172, 40.57746899790876 ], [ -111.637439856791445, 40.57752864757056 ], [ -111.637226596760783, 40.577466762466344 ], [ -111.637073163895153, 40.577359502961855 ], [ -111.636914051387123, 40.577027054174259 ], [ -111.636776362885414, 40.576586381252611 ], [ -111.636653778633075, 40.57611859843508 ], [ -111.63631047032375, 40.575548430062923 ], [ -111.635976418697922, 40.575081811062105 ], [ -111.635670353954652, 40.574700620835962 ], [ -111.635304254424781, 40.574342281998078 ], [ -111.63490694873083, 40.573931862323825 ], [ -111.634555910680533, 40.573666229133764 ], [ -111.634212268988193, 40.573307763383667 ], [ -111.63396808792173, 40.573097396366741 ], [ -111.633701657864378, 40.572657425881111 ], [ -111.633304150366058, 40.572348801354863 ], [ -111.633213552454933, 40.572137590623804 ], [ -111.632938316999727, 40.571765232740937 ], [ -111.632671820691741, 40.571442374852282 ], [ -111.63242794208513, 40.57113741015835 ], [ -111.63225195304824, 40.570890630760715 ], [ -111.632130439284438, 40.570783189824631 ], [ -111.632030905104799, 40.570626079958721 ], [ -111.632061541341983, 40.570366458115693 ], [ -111.632160665766321, 40.570228981548816 ], [ -111.632373383480541, 40.570110702555354 ], [ -111.632542137041028, 40.569965637420225 ], [ -111.632869731491709, 40.569752135749411 ], [ -111.633251529416256, 40.569398699192554 ], [ -111.633586878234695, 40.56913109999698 ], [ -111.633998839002004, 40.568845061734379 ], [ -111.634349751597881, 40.568599896967832 ], [ -111.63475416028453, 40.568390472521244 ], [ -111.634891105230793, 40.568380711150283 ], [ -111.635273673970929, 40.568360590335217 ], [ -111.63573057866067, 40.568331050371988 ], [ -111.636226550870944, 40.568310302279301 ], [ -111.636730467344663, 40.568255274719498 ], [ -111.637423953464051, 40.568258657398424 ], [ -111.637685034560775, 40.568383340136599 ], [ -111.638057757274709, 40.568570467513275 ], [ -111.638363319189054, 40.568775982475024 ], [ -111.638584325390312, 40.568909893431794 ], [ -111.638729489839719, 40.569143320422285 ], [ -111.638896861301859, 40.569475721502464 ], [ -111.63909606282408, 40.56992506097238 ], [ -111.639377574145698, 40.570333404813255 ], [ -111.639690532765016, 40.570818148810083 ], [ -111.639934700421321, 40.571150122993366 ], [ -111.640179449129903, 40.571666774295835 ], [ -111.640315538682231, 40.572062408257771 ], [ -111.640598806293738, 40.572529296546165 ], [ -111.640896254357372, 40.572996105423165 ], [ -111.641178780616656, 40.573755782959601 ], [ -111.641231150865863, 40.574043774495884 ], [ -111.641353674232874, 40.574254801569509 ], [ -111.641430186836459, 40.574348969349657 ], [ -111.641391716873557, 40.574403235863365 ], [ -111.641514006458735, 40.574713361050122 ], [ -111.641468106947499, 40.574979376065784 ], [ -111.641490666129712, 40.575362125535761 ], [ -111.641559983370485, 40.575692364166223 ], [ -111.641712162453913, 40.576162679989771 ], [ -111.641544277491647, 40.57664558411372 ], [ -111.641506259765777, 40.576871015619311 ], [ -111.641445493195974, 40.577065042575441 ], [ -111.641315792326154, 40.577092789149383 ], [ -111.641154599755652, 40.577039631038566 ], [ -111.641079437842961, 40.576963473258623 ], [ -111.640918825435705, 40.576847249892076 ], [ -111.640689668445447, 40.576605283069213 ], [ -111.640324090086295, 40.576305514748462 ], [ -111.640049914078091, 40.576050282935476 ], [ -111.639706336513342, 40.575826965661925 ], [ -111.639263436239617, 40.5755951882171 ], [ -111.639042749376998, 40.575497312264922 ] ] ] ] } },
{ "type": "Feature", "properties": { "xid": 175, "name": "7 TURNS", "size_of_sl": "SIGNIFICANT", "return_int": "INFREQUENT", "starting_z": "7600 FT.", "vertical_f": "900 FT.", "distance_t": "1900 FT.", "starting_1": "SOUTH", "Shape__Are": 116731.145, "Shape__Len": 2799.4603312200002 }, "geometry": { "type": "MultiPolygon", "coordinates": [ [ [ [ -111.719593675698903, 40.572086754229794 ], [ -111.719562406816863, 40.572145506202219 ], [ -111.719540443856857, 40.572190687002831 ], [ -111.719471709677052, 40.572281203103216 ], [ -111.719402927073702, 40.57236721506375 ], [ -111.719349598247135, 40.572462139550098 ], [ -111.719296076340839, 40.572539047615187 ], [ -111.719242891917361, 40.572647484349019 ], [ -111.719189369743603, 40.572724392364506 ], [ -111.7191279155454, 40.572832880527848 ], [ -111.719081818743064, 40.57294127306109 ], [ -111.719027452308069, 40.573049717047589 ], [ -111.718961272128752, 40.573158234533523 ], [ -111.718891856183802, 40.573295600269851 ], [ -111.718845353780168, 40.57336615827564 ], [ -111.718754412581617, 40.573479334117067 ], [ -111.718686013396763, 40.573601378442049 ], [ -111.718601967064799, 40.573696493669758 ], [ -111.718533278284397, 40.573791513311008 ], [ -111.718441250975872, 40.573913704452849 ], [ -111.718364581179614, 40.574035800017867 ], [ -111.718333503018087, 40.574112568049991 ], [ -111.718280701164531, 40.574257037125214 ], [ -111.718227850923881, 40.574397002075941 ], [ -111.718159642506635, 40.574537062480566 ], [ -111.718090252424545, 40.574677130187766 ], [ -111.71803720885967, 40.574799078653172 ], [ -111.717968951499444, 40.574934634843871 ], [ -111.717913544735424, 40.575056597935912 ], [ -111.717877136343617, 40.57518745173158 ], [ -111.717823247575694, 40.575340936124874 ], [ -111.717807718924846, 40.575435624965301 ], [ -111.71778514997375, 40.575534861945869 ], [ -111.717785075712712, 40.575638463545324 ], [ -111.717793223136425, 40.575737509658623 ], [ -111.717793148892184, 40.575841111254377 ], [ -111.717784852942231, 40.575949268332657 ], [ -111.717777834650079, 40.576066426263424 ], [ -111.717752902635809, 40.576165677910737 ], [ -111.717739688401338, 40.576255847952083 ], [ -111.717701397548069, 40.57643175733093 ], [ -111.717632052734302, 40.576576328839501 ], [ -111.717533460851925, 40.576748108354998 ], [ -111.717434360660306, 40.576982952487732 ], [ -111.717365159050331, 40.577141036124168 ], [ -111.71730441956062, 40.577317084754114 ], [ -111.717273819772274, 40.577438893453589 ], [ -111.71722810173371, 40.577583317990843 ], [ -111.717174498230719, 40.577763826629607 ], [ -111.717136905564004, 40.577894687490563 ], [ -111.717098323689413, 40.578043572059592 ], [ -111.717068252235549, 40.578214925760797 ], [ -111.717036614456831, 40.578350254009905 ], [ -111.717037549017775, 40.578548441598357 ], [ -111.717029732489948, 40.578701639550395 ], [ -111.7170066531597, 40.57886394102556 ], [ -111.716991795860238, 40.579021687063957 ], [ -111.716961483295833, 40.579170520233589 ], [ -111.716931170601768, 40.579319353392542 ], [ -111.716915179655672, 40.579481610839743 ], [ -111.716900686069224, 40.579562779889301 ], [ -111.71688455075072, 40.579711525039016 ], [ -111.716869452594096, 40.57984675056386 ], [ -111.716854402462147, 40.579986480179791 ], [ -111.716839208029555, 40.580112697504148 ], [ -111.716823889820176, 40.580338012256341 ], [ -111.716770042753268, 40.580496000172978 ], [ -111.7167549922885, 40.580635729763301 ], [ -111.716694200094977, 40.58080727391161 ], [ -111.716603217449872, 40.581028553643925 ], [ -111.716540954651947, 40.58117308046571 ], [ -111.716472976316567, 40.581335660274057 ], [ -111.716373193139972, 40.581507446071129 ], [ -111.716212259305721, 40.581706637300961 ], [ -111.716068566877382, 40.581860677496223 ], [ -111.715938475674335, 40.58196058050013 ], [ -111.715786674715659, 40.582129985531004 ], [ -111.715610436185784, 40.582223867960131 ], [ -111.715473206489492, 40.582319310267614 ], [ -111.715335832451359, 40.582401240128021 ], [ -111.715190841228662, 40.582433668669651 ], [ -111.715053928656573, 40.582448029451079 ], [ -111.71493189623969, 40.582417254050469 ], [ -111.714870919378541, 40.582350065544098 ], [ -111.714826340053349, 40.582269262355425 ], [ -111.714832836542712, 40.582102559624154 ], [ -111.714824356931885, 40.581971984707458 ], [ -111.714833168479686, 40.581800763248623 ], [ -111.714840240314729, 40.58168810966027 ], [ -111.714832894310902, 40.581553023326506 ], [ -111.714839966126362, 40.581440369733571 ], [ -111.714840092755765, 40.581341272297621 ], [ -111.714871017033374, 40.581138383219873 ], [ -111.714915927259895, 40.580917389994475 ], [ -111.714962450294593, 40.580736926305683 ], [ -111.7150079834324, 40.580574486296037 ], [ -111.71507705014335, 40.580402891796965 ], [ -111.715122726686033, 40.580253964028579 ], [ -111.715175635819719, 40.58011850464311 ], [ -111.715213185528015, 40.579983140330349 ], [ -111.715297130534978, 40.579766409619843 ], [ -111.715351316377976, 40.579639951027666 ], [ -111.715427278156511, 40.579450296017704 ], [ -111.715481559483791, 40.579332845556912 ], [ -111.715488360350733, 40.579305777064469 ], [ -111.71555071973502, 40.579170258954257 ], [ -111.715603531188464, 40.579025791166664 ], [ -111.715664372629973, 40.578858751627486 ], [ -111.715715858138225, 40.578700778811083 ], [ -111.715763049651954, 40.578583372132712 ], [ -111.715831632350714, 40.578366736177657 ], [ -111.715892712719977, 40.578222216999343 ], [ -111.715977181621199, 40.578055030845299 ], [ -111.716030346680697, 40.577943893176133 ], [ -111.716084318402139, 40.577797616192662 ], [ -111.716136647373489, 40.577608107163535 ], [ -111.71622933691134, 40.577436365450765 ], [ -111.716297504187665, 40.577291802098429 ], [ -111.716358726737255, 40.577160794958935 ], [ -111.716420016317628, 40.577036093523873 ], [ -111.716480181910939, 40.576916804301362 ], [ -111.716541259606316, 40.576772284767031 ], [ -111.716595248530453, 40.576627809172145 ], [ -111.716648296119175, 40.576505861372823 ], [ -111.716732712967712, 40.57633417055245 ], [ -111.716809051804702, 40.576180547380616 ], [ -111.71689158580125, 40.576053912090998 ], [ -111.716938773460072, 40.575936504911965 ], [ -111.717022440235979, 40.575805358097121 ], [ -111.717098077328004, 40.575696783052507 ], [ -111.717175280342431, 40.575624233414111 ], [ -111.717220200611933, 40.575515848985042 ], [ -111.717274475711648, 40.575398397655711 ], [ -111.717334946233152, 40.575307934212645 ], [ -111.717396213108728, 40.575181430610009 ], [ -111.71745034329831, 40.575050466899313 ], [ -111.71754165216349, 40.574860715057497 ], [ -111.717594456067317, 40.574716246317564 ], [ -111.717655529424277, 40.57457172617665 ], [ -111.717724075844373, 40.574463194755381 ], [ -111.717785100564939, 40.574314170444772 ], [ -111.717861675452113, 40.574183067060133 ], [ -111.717884388286635, 40.574097342344153 ], [ -111.71793629836661, 40.573979905377989 ], [ -111.717990667301848, 40.573871461901028 ], [ -111.718036670187431, 40.573754061601399 ], [ -111.718074862431948, 40.573569143851728 ], [ -111.718119779918652, 40.573460759058484 ], [ -111.718173955513365, 40.573334299093268 ], [ -111.718219861400087, 40.573207890516379 ], [ -111.718273554959183, 40.573036389505091 ], [ -111.718302777021933, 40.572896571427485 ], [ -111.718342197597821, 40.572716150326706 ], [ -111.718342078387167, 40.57259453228211 ], [ -111.718342392697409, 40.572513451135592 ], [ -111.71835739011415, 40.572369217086326 ], [ -111.718333981234309, 40.572279274657816 ], [ -111.71832626701088, 40.572220765429712 ], [ -111.718326340510515, 40.572117163776021 ], [ -111.718319374155698, 40.572018110295744 ], [ -111.718309804325486, 40.571896551001707 ], [ -111.718304019356012, 40.571797490170695 ], [ -111.718296812253257, 40.571675916179323 ], [ -111.718319427399166, 40.571581183151089 ], [ -111.718358821913171, 40.571508867777574 ], [ -111.718395661007889, 40.571418550679986 ], [ -111.718456874262699, 40.571287542376268 ], [ -111.718563122061511, 40.571169767121788 ], [ -111.718663511076343, 40.57105653261705 ], [ -111.718784464119778, 40.570988214079769 ], [ -111.71890655003034, 40.570915383964781 ], [ -111.719013616038424, 40.570874178012815 ], [ -111.719143319799073, 40.570850848640724 ], [ -111.719234281166266, 40.570850282345688 ], [ -111.719333656442501, 40.570863176788713 ], [ -111.719455862699846, 40.570911964162832 ], [ -111.719554732251055, 40.570987923173242 ], [ -111.719639522691125, 40.571072978606253 ], [ -111.719707871358196, 40.571167145212328 ], [ -111.719745554066947, 40.571266007244624 ], [ -111.719768072708106, 40.571382981347398 ], [ -111.719761154761599, 40.571509147656144 ], [ -111.719761131724212, 40.571617253402088 ], [ -111.719745944422883, 40.571743471228125 ], [ -111.719715641020912, 40.571892305227102 ], [ -111.719669545793749, 40.572000697998867 ], [ -111.719593675698903, 40.572086754229794 ] ] ] ] } },
{ "type": "Feature", "properties": { "xid": 176, "name": "WHITE PINE CHUTES", "size_of_sl": "SIGNIFICANT", "return_int": "FREQUENT", "starting_z": "10120 FT.", "vertical_f": "2800 FT.", "distance_t": "4800 FT.", "starting_1": "SOUTH", "Shape__Are": 539061.045, "Shape__Len": 6440.6367755800002 }, "geometry": { "type": "MultiPolygon", "coordinates": [ [ [ [ -111.700061735161512, 40.575868849624293 ], [ -111.70003899896119, 40.575954571003997 ], [ -111.700054020960309, 40.57603555916338 ], [ -111.700062330104387, 40.576152623197913 ], [ -111.700070733179771, 40.576278695459159 ], [ -111.700053192019965, 40.576409429345993 ], [ -111.700023742687193, 40.576531226592124 ], [ -111.699993346552986, 40.576675551561621 ], [ -111.699970339291511, 40.576848659901323 ], [ -111.699939071296697, 40.577022719165193 ], [ -111.699901680057593, 40.577176095281601 ], [ -111.699810130361755, 40.577347817087293 ], [ -111.699748640587984, 40.577456295149887 ], [ -111.699658083870915, 40.577609993219561 ], [ -111.699602500827694, 40.577718435424558 ], [ -111.699520401206286, 40.577890099754939 ], [ -111.699444039534043, 40.57804551344644 ], [ -111.699366786877263, 40.578228859746481 ], [ -111.699299716641391, 40.578368902128645 ], [ -111.699200174989542, 40.578567698190746 ], [ -111.699130600484892, 40.578694242432896 ], [ -111.699017358517551, 40.578825555281362 ], [ -111.69896390198538, 40.578911462304916 ], [ -111.698895461276706, 40.579033495141836 ], [ -111.698840916702835, 40.579128417483986 ], [ -111.698787834656585, 40.579250357336093 ], [ -111.698727241808541, 40.57933180301761 ], [ -111.698665654784833, 40.579431272268572 ], [ -111.698597400440619, 40.57957132138182 ], [ -111.698535859861394, 40.579675294676605 ], [ -111.698467183372586, 40.579774806688093 ], [ -111.698407011265687, 40.57989678922462 ], [ -111.698345470099099, 40.580000762417065 ], [ -111.698292480156482, 40.580131710263572 ], [ -111.698246251097203, 40.580231086439525 ], [ -111.698193260785118, 40.580362034238433 ], [ -111.698078306745828, 40.580556418038 ], [ -111.69803249846737, 40.58069633114706 ], [ -111.697993872622945, 40.580845209627931 ], [ -111.697916303914454, 40.580998827781251 ], [ -111.697850456268782, 40.581143366277736 ], [ -111.697773120915727, 40.58131950489841 ], [ -111.697704956438386, 40.581468561696248 ], [ -111.697628240314742, 40.581590643723111 ], [ -111.697536398188589, 40.581735339015573 ], [ -111.697483358556696, 40.581861782363063 ], [ -111.697413964600898, 40.58200634200626 ], [ -111.697338194984809, 40.582105896140384 ], [ -111.69721643933137, 40.582214736586167 ], [ -111.697071719985487, 40.58227416713251 ], [ -111.69691103284687, 40.582275136696154 ], [ -111.696789769655126, 40.582203797907503 ], [ -111.696712082782071, 40.582118682984152 ], [ -111.696636478771367, 40.582006529072302 ], [ -111.696560641397326, 40.581871854537134 ], [ -111.696521618139499, 40.581754975556507 ], [ -111.696483776532219, 40.581638089435359 ], [ -111.696392159859641, 40.581462970354721 ], [ -111.696346715816219, 40.581296581656645 ], [ -111.696284964479119, 40.581152813213613 ], [ -111.696209796612223, 40.580968586028654 ], [ -111.696155228254739, 40.580833783007535 ], [ -111.69612565829668, 40.580716846898099 ], [ -111.696086977574126, 40.580518886538513 ], [ -111.696048670580993, 40.580356959082259 ], [ -111.696033853456314, 40.580181376881363 ], [ -111.696002775746223, 40.580032919031119 ], [ -111.695972599574546, 40.579857429352877 ], [ -111.695941755552127, 40.579731492056517 ], [ -111.695927452318031, 40.579605455099099 ], [ -111.695904210779105, 40.579529020358557 ], [ -111.695865376771494, 40.57943015755437 ], [ -111.695827802977064, 40.579452905881801 ], [ -111.695797069896159, 40.579565700944656 ], [ -111.69577379891814, 40.579714486231396 ], [ -111.695743158963523, 40.579836289509132 ], [ -111.695744325600629, 40.579948892415551 ], [ -111.695728904797221, 40.580057090827573 ], [ -111.695690040870119, 40.580183448013308 ], [ -111.695667965911611, 40.58021961613494 ], [ -111.69557539001211, 40.580179634047035 ], [ -111.69554477983867, 40.580076217228239 ], [ -111.695454224667927, 40.57977496782766 ], [ -111.695431372132006, 40.579621955892847 ], [ -111.695415655192548, 40.579473405389976 ], [ -111.695377350447245, 40.579311477663659 ], [ -111.695323780073579, 40.579158650605365 ], [ -111.695255426150069, 40.578947355321475 ], [ -111.695210701890971, 40.578735917779866 ], [ -111.695163801504947, 40.57854251090221 ], [ -111.695118828788281, 40.578421162775996 ], [ -111.695065259740218, 40.578268335563692 ], [ -111.694988621275712, 40.578169699904237 ], [ -111.694866745368017, 40.578152415497648 ], [ -111.694812941376668, 40.578319401887306 ], [ -111.694820992297892, 40.578526555796998 ], [ -111.694866617016231, 40.578710961693425 ], [ -111.69489702277933, 40.578908972312554 ], [ -111.694927382120454, 40.579102478797779 ], [ -111.694965825493313, 40.579277919041516 ], [ -111.695012091880486, 40.579410069980064 ], [ -111.695049755104165, 40.579624252699404 ], [ -111.695079835512487, 40.579790734412555 ], [ -111.695134011978325, 40.58000211508584 ], [ -111.695202599790179, 40.580235930980038 ], [ -111.695293916251501, 40.580496636400774 ], [ -111.695369892633735, 40.580759235839615 ], [ -111.695424005531208, 40.580964310565584 ], [ -111.695507146649049, 40.581234073791187 ], [ -111.695583074495687, 40.581377757286681 ], [ -111.695650778761745, 40.581525994648686 ], [ -111.695721266358831, 40.581714754766459 ], [ -111.695835890557234, 40.581943788532371 ], [ -111.6959421982137, 40.582168367883853 ], [ -111.696033768017415, 40.582338983187746 ], [ -111.696117366446757, 40.58253847458073 ], [ -111.696209011933831, 40.582716296308824 ], [ -111.69627794720806, 40.582869030238676 ], [ -111.696369472129334, 40.583035141127702 ], [ -111.696340340342644, 40.583188466166561 ], [ -111.696208881293742, 40.583387451924018 ], [ -111.696094864497041, 40.583559306052052 ], [ -111.696003455294885, 40.583746338787947 ], [ -111.695880821065586, 40.58388491210232 ], [ -111.695727857962353, 40.584061504869005 ], [ -111.69561365215192, 40.584215342069896 ], [ -111.695499772417023, 40.584400707948895 ], [ -111.695407300165584, 40.584599458016655 ], [ -111.695308732956946, 40.584780227118316 ], [ -111.695194851439837, 40.584965592693493 ], [ -111.69509472851432, 40.585110335819515 ], [ -111.695011442922848, 40.585169394077013 ], [ -111.694889414427848, 40.585138597481048 ], [ -111.694798402925599, 40.585022030717852 ], [ -111.694766673036767, 40.58481051506859 ], [ -111.694821197567848, 40.584598480601869 ], [ -111.694844099297967, 40.584413662692519 ], [ -111.69486676784021, 40.584206324205205 ], [ -111.694881351831455, 40.584017051917577 ], [ -111.694919566766544, 40.583827637461475 ], [ -111.694957734874492, 40.583633718874246 ], [ -111.694972598225348, 40.583471471244827 ], [ -111.695019223270364, 40.583295519324786 ], [ -111.695033899916396, 40.583115255222197 ], [ -111.695041953513737, 40.582980074914083 ], [ -111.695034600522874, 40.582840482908686 ], [ -111.69501959892213, 40.582646884176391 ], [ -111.694973551394781, 40.582421941456012 ], [ -111.694920321824853, 40.582188033123423 ], [ -111.694858915230299, 40.581963182736096 ], [ -111.694797446065408, 40.581846438186865 ], [ -111.694782615413374, 40.581783465846314 ], [ -111.694737081919698, 40.581608068261403 ], [ -111.69467581628416, 40.581396730093097 ], [ -111.694614504451408, 40.581180887765107 ], [ -111.694544300058837, 40.581019151623536 ], [ -111.69449990264782, 40.580839242692036 ], [ -111.694454510307082, 40.580677357306463 ], [ -111.694416207147171, 40.58051542928159 ], [ -111.694400835333752, 40.580285797434726 ], [ -111.694408796794704, 40.580141608862462 ], [ -111.694393471685245, 40.579916481116406 ], [ -111.694370342071821, 40.579736444249889 ], [ -111.694332988307849, 40.579551988473895 ], [ -111.694302026425788, 40.579414339999822 ], [ -111.694255714864241, 40.579277684647337 ], [ -111.694187848387912, 40.57911323154017 ], [ -111.69412703379642, 40.578945132494887 ], [ -111.694065103224119, 40.578783346275159 ], [ -111.694019090502493, 40.578675517166033 ], [ -111.693988483438403, 40.57857209988267 ], [ -111.693912311595867, 40.578518504694799 ], [ -111.69379041716347, 40.578613829231585 ], [ -111.693744647724216, 40.578758244868666 ], [ -111.693697445696301, 40.578992757054642 ], [ -111.693675770439754, 40.579182071944146 ], [ -111.693667416947349, 40.579402837613557 ], [ -111.693668329125089, 40.579605530042762 ], [ -111.69365307279088, 40.579844354737467 ], [ -111.693660841228322, 40.580024483992645 ], [ -111.693668405290651, 40.580299206813351 ], [ -111.693652776623622, 40.580501998538679 ], [ -111.69366101043245, 40.580727168948947 ], [ -111.693706540491377, 40.580902567012693 ], [ -111.693722160968804, 40.581042109505283 ], [ -111.693783376734302, 40.581248944102583 ], [ -111.693866529601834, 40.581406098529484 ], [ -111.693958186184631, 40.581585723786489 ], [ -111.694049889818515, 40.581769853077596 ], [ -111.694142728918152, 40.58194947106977 ], [ -111.694193656495628, 40.582075288110978 ], [ -111.694247506139305, 40.58225514031362 ], [ -111.694293504543651, 40.582475579235251 ], [ -111.694339456684091, 40.582691514012318 ], [ -111.694339655303523, 40.582939254558696 ], [ -111.69430232410906, 40.58321424704755 ], [ -111.694194536381588, 40.583417592638121 ], [ -111.694065777079544, 40.583535480633749 ], [ -111.693897933142878, 40.583644594487801 ], [ -111.693768474795803, 40.583694920428904 ], [ -111.69360036915522, 40.583664399186247 ], [ -111.693493006344312, 40.583565947115851 ], [ -111.693424448769576, 40.58344924442175 ], [ -111.693356049737417, 40.58323344404107 ], [ -111.693287651154151, 40.583017643608223 ], [ -111.693233431419358, 40.582801758034712 ], [ -111.693187901235774, 40.582626359842365 ], [ -111.693165006298884, 40.582468843383232 ], [ -111.693156866848483, 40.582252681227089 ], [ -111.693134363246145, 40.58201858767039 ], [ -111.693089225056838, 40.581766612325644 ], [ -111.693073605703773, 40.581627069755456 ], [ -111.693058125883681, 40.581501039531979 ], [ -111.693050405322921, 40.581325414387976 ], [ -111.693027484080588, 40.581050783706182 ], [ -111.692981723276489, 40.580852864774869 ], [ -111.692951647549251, 40.580686382506975 ], [ -111.692913394477671, 40.580528958072755 ], [ -111.692890175644536, 40.580339912660783 ], [ -111.692874716148694, 40.580101272323049 ], [ -111.692867945399584, 40.579903119437596 ], [ -111.692859946748044, 40.579700469511984 ], [ -111.69287472149027, 40.579529213769462 ], [ -111.692875272017545, 40.579353538941604 ], [ -111.69288281842131, 40.579168813349469 ], [ -111.692905053595197, 40.579033548025926 ], [ -111.692936322120914, 40.578857688921005 ], [ -111.692959087879473, 40.578659358816289 ], [ -111.692981760556009, 40.578452020461377 ], [ -111.693005335680041, 40.578217650286938 ], [ -111.693027915123281, 40.578001303668891 ], [ -111.693027814574975, 40.577762571110561 ], [ -111.692974576150561, 40.57764127171248 ], [ -111.69295112588766, 40.57742970560767 ], [ -111.692943704667712, 40.577168494940551 ], [ -111.692943836826075, 40.576952282951588 ], [ -111.69292082482265, 40.576668643782817 ], [ -111.692913244765066, 40.576506530840646 ], [ -111.692905664749617, 40.576344417893161 ], [ -111.692912885562066, 40.576128163353431 ], [ -111.692905697048829, 40.57588947323336 ], [ -111.692920703319672, 40.575740737991325 ], [ -111.692906333473914, 40.575493082129512 ], [ -111.692913321891012, 40.575254306945872 ], [ -111.692898514272542, 40.575078724111776 ], [ -111.69288143687973, 40.574912163687749 ], [ -111.692874554145106, 40.574817612536336 ], [ -111.692867970005196, 40.574637475958504 ], [ -111.692844567722361, 40.574430413834428 ], [ -111.69282913664199, 40.574308887530186 ], [ -111.692829063584625, 40.574187269111469 ], [ -111.692806590775007, 40.574070289434189 ], [ -111.692806750058693, 40.573971191628644 ], [ -111.692760789211903, 40.573867866009003 ], [ -111.692753050584429, 40.573804850782921 ], [ -111.692715313098503, 40.573696971424333 ], [ -111.69266958483044, 40.573616166381278 ], [ -111.692660107570973, 40.573499108738858 ], [ -111.692645811982388, 40.573373071178203 ], [ -111.692630520868633, 40.573265057193545 ], [ -111.692654307705666, 40.573165817705188 ], [ -111.692692317270129, 40.5730709973299 ], [ -111.692752772579851, 40.572976042338887 ], [ -111.692829580910271, 40.572862971625845 ], [ -111.692898677044013, 40.57280399995782 ], [ -111.692989382387111, 40.572663819359605 ], [ -111.693126950227921, 40.572599932375056 ], [ -111.693317492713959, 40.572517709685179 ], [ -111.693523671317962, 40.572462419230462 ], [ -111.693692046367588, 40.572407355423678 ], [ -111.693920856076488, 40.572369945972454 ], [ -111.694156800164521, 40.572336997601397 ], [ -111.694318784643016, 40.572349537333046 ], [ -111.694500805547705, 40.572357451977183 ], [ -111.694698044283797, 40.572351761610243 ], [ -111.694896557523165, 40.572355072046442 ], [ -111.695134008685741, 40.572353643437289 ], [ -111.695370138598307, 40.572338709083745 ], [ -111.695575646624548, 40.572332967441156 ], [ -111.695842864684778, 40.572353880151809 ], [ -111.696011036256635, 40.57239340665911 ], [ -111.696194285474846, 40.57240581563611 ], [ -111.696414917668108, 40.57237745933611 ], [ -111.696552528317426, 40.572318072422 ], [ -111.696674781211229, 40.572258777964478 ], [ -111.696850147726011, 40.572194658588487 ], [ -111.69704006395574, 40.572166486379651 ], [ -111.697231535386635, 40.572174339696744 ], [ -111.697490998326685, 40.572244843834689 ], [ -111.697619566101508, 40.572338659949374 ], [ -111.697704330724747, 40.572423731680011 ], [ -111.697803880065862, 40.572567271274281 ], [ -111.697955690250069, 40.572737521450343 ], [ -111.698009506506992, 40.572800257919887 ], [ -111.698139491502928, 40.572916586891338 ], [ -111.6982845536849, 40.573005798162761 ], [ -111.698413930721884, 40.573063573266147 ], [ -111.69853603244384, 40.573103374608642 ], [ -111.698658274858445, 40.573156688176809 ], [ -111.698787793079305, 40.573227975210735 ], [ -111.698925721731058, 40.573312724418209 ], [ -111.699046970971665, 40.573384061187994 ], [ -111.699168783084048, 40.573509447243296 ], [ -111.699276325422417, 40.573625910744248 ], [ -111.699391331569288, 40.573778364165534 ], [ -111.699520702385271, 40.573948748088348 ], [ -111.699574333429609, 40.57399346732678 ], [ -111.699635521978934, 40.574083184780456 ], [ -111.699657818994041, 40.574182146562592 ], [ -111.699680303757773, 40.574299124805592 ], [ -111.699711292904411, 40.574438573534373 ], [ -111.699756759152962, 40.574606762721487 ], [ -111.699794912034591, 40.574753375065939 ], [ -111.69984877049221, 40.574933224808781 ], [ -111.699909482938125, 40.575090510991004 ], [ -111.699962254467479, 40.575279376055342 ], [ -111.699993103850559, 40.575405312329259 ], [ -111.700024235024756, 40.575558273284557 ], [ -111.700045492567369, 40.57567075446341 ], [ -111.700061735161512, 40.575868849624293 ] ], [ [ -111.698666393101817, 40.576435842869806 ], [ -111.69865822691267, 40.576332291069434 ], [ -111.698659043531919, 40.576183640940719 ], [ -111.698650502557314, 40.576044056203287 ], [ -111.69862112801259, 40.575832527060307 ], [ -111.698582068173366, 40.575598534472192 ], [ -111.698566964571754, 40.575395927796038 ], [ -111.698544012893123, 40.575233908173438 ], [ -111.69851331714942, 40.575008873759543 ], [ -111.69846026887285, 40.574792983283146 ], [ -111.698382458647004, 40.574581746879616 ], [ -111.698338534403391, 40.57433427036036 ], [ -111.698292190205009, 40.574194914074482 ], [ -111.69820790163763, 40.574042273908809 ], [ -111.698109098235264, 40.573970800622817 ], [ -111.697910580139421, 40.573967495749145 ], [ -111.697803636383668, 40.574022194624533 ], [ -111.697735104833939, 40.574135218615382 ], [ -111.697704470845537, 40.57425702248009 ], [ -111.697681919291597, 40.574360759914981 ], [ -111.697667157766759, 40.57453201631435 ], [ -111.697667005664968, 40.57463111405778 ], [ -111.697674175838202, 40.574752689581715 ], [ -111.697680726093552, 40.574928321657218 ], [ -111.697697253920381, 40.575040831855048 ], [ -111.697704143467774, 40.575135382659155 ], [ -111.697697464503889, 40.575288572620288 ], [ -111.697689744477813, 40.575455282066116 ], [ -111.697697335906085, 40.575617394630001 ], [ -111.69769693825441, 40.57580658184235 ], [ -111.697719766449254, 40.575956890927195 ], [ -111.697742884869683, 40.576135125530051 ], [ -111.697773824106704, 40.576270070643581 ], [ -111.697803348062862, 40.576382502296156 ], [ -111.697819174501745, 40.576427450689323 ], [ -111.697872385203951, 40.576431633639437 ], [ -111.697941047988294, 40.576444732005541 ], [ -111.698009523551775, 40.576439813863473 ], [ -111.698116085460072, 40.576461691913437 ], [ -111.69822302204571, 40.576519602796715 ], [ -111.698337900934789, 40.576545934769868 ], [ -111.698429864485604, 40.576527361184858 ], [ -111.698490689434777, 40.576468436219464 ], [ -111.698589788207727, 40.576454323762363 ], [ -111.698666393101817, 40.576435842869806 ] ] ] ] } },
{ "type": "Feature", "properties": { "xid": 177, "name": "WHITE PINE", "size_of_sl": "MAJOR", "return_int": "FREQUENT", "starting_z": "10700 FT.", "vertical_f": "3220 FT.", "distance_t": "6000 FT.", "starting_1": "SE-S-SW", "Shape__Are": 489091.99, "Shape__Len": 5313.9621077000002 }, "geometry": { "type": "MultiPolygon", "coordinates": [ [ [ [ -111.689320230350788, 40.572699285188179 ], [ -111.689480340034763, 40.572644276834509 ], [ -111.689586477069653, 40.57262562568895 ], [ -111.68970906051436, 40.572597867446085 ], [ -111.689876859134088, 40.572601369885874 ], [ -111.690021169482904, 40.572618525595821 ], [ -111.690151581311738, 40.572662790582918 ], [ -111.69034239988045, 40.572722009420268 ], [ -111.690471519639715, 40.572755471197198 ], [ -111.690670636043436, 40.57281734253489 ], [ -111.690884392403234, 40.572924170006083 ], [ -111.69102950996718, 40.573019696243747 ], [ -111.691143550996827, 40.57308027388455 ], [ -111.691280381171993, 40.573174047624313 ], [ -111.691387538490432, 40.573254485587967 ], [ -111.6915327316771, 40.573357217777009 ], [ -111.6916390328783, 40.573469191448723 ], [ -111.691714479622291, 40.573567836568706 ], [ -111.691745498288427, 40.573711791715532 ], [ -111.6917686649589, 40.573896333494098 ], [ -111.691760976710896, 40.574067546827798 ], [ -111.691753520372984, 40.57426128077865 ], [ -111.691730752358495, 40.574459610813086 ], [ -111.691715165333648, 40.574666906641433 ], [ -111.691700042082445, 40.574919243701281 ], [ -111.69165431692555, 40.575068162742234 ], [ -111.691585427354426, 40.575262264460733 ], [ -111.691494993871828, 40.575429468689336 ], [ -111.691417648157369, 40.575605603311253 ], [ -111.691371875561359, 40.575750018108081 ], [ -111.691287950650519, 40.575975740422557 ], [ -111.69120455763337, 40.576138397873862 ], [ -111.691120353593803, 40.57633709531963 ], [ -111.691044187304712, 40.576513222612249 ], [ -111.690968113301807, 40.576698358099165 ], [ -111.690906887775256, 40.576833856318956 ], [ -111.690829928129588, 40.57704782516501 ], [ -111.690792423373679, 40.577192190256611 ], [ -111.69072355700672, 40.577388993902062 ], [ -111.690654940373932, 40.577610119766746 ], [ -111.690616716680353, 40.577799533084466 ], [ -111.690586485024681, 40.577961872208228 ], [ -111.690571101826706, 40.578304298529936 ], [ -111.690594313353174, 40.578493344533634 ], [ -111.690563409369986, 40.578705236041529 ], [ -111.690609300465681, 40.57891666844025 ], [ -111.690655330828335, 40.579141613175757 ], [ -111.690692813240219, 40.57933958260319 ], [ -111.690814250261553, 40.579658668722267 ], [ -111.690884351554274, 40.579811399012101 ], [ -111.690967681219874, 40.57998657211801 ], [ -111.69108272607204, 40.580143537830267 ], [ -111.691181045167895, 40.580282585911419 ], [ -111.691342169228818, 40.580439275631129 ], [ -111.691455570456611, 40.580551206818797 ], [ -111.691563250128567, 40.580681189735557 ], [ -111.691715156034704, 40.580860456093149 ], [ -111.691814519793894, 40.580985984166027 ], [ -111.691868083720195, 40.581138812857191 ], [ -111.691891392805573, 40.581336866707538 ], [ -111.691944054166584, 40.581516727139231 ], [ -111.691997340324619, 40.581642531039748 ], [ -111.692097494994528, 40.58184462884924 ], [ -111.692165909309537, 40.581947820041378 ], [ -111.692249822904884, 40.582064431496157 ], [ -111.692318562757947, 40.582199151414571 ], [ -111.692386446475084, 40.58236540719151 ], [ -111.692424745867868, 40.58252733586928 ], [ -111.692470320441885, 40.582707238499566 ], [ -111.692486031728933, 40.582855789367642 ], [ -111.692539160484912, 40.583080690626687 ], [ -111.692592541955776, 40.583215502432751 ], [ -111.692654566157913, 40.583386297546916 ], [ -111.692699444952581, 40.583498638305279 ], [ -111.692768744878251, 40.583687407297141 ], [ -111.6928447162163, 40.583835596673204 ], [ -111.692928102602167, 40.584015272276169 ], [ -111.693020662963846, 40.58416786640656 ], [ -111.693080903181468, 40.584280114836588 ], [ -111.693173185259297, 40.584405684140705 ], [ -111.693248646758008, 40.58450432795329 ], [ -111.693356382838729, 40.584638813144188 ], [ -111.693462360984128, 40.584831865904498 ], [ -111.693569056037532, 40.584979870318271 ], [ -111.693683836439718, 40.585109808499467 ], [ -111.69378321025664, 40.585235334704983 ], [ -111.693927810286013, 40.5853921198904 ], [ -111.694065321504794, 40.585548947483346 ], [ -111.694165022675776, 40.585706002132561 ], [ -111.694218428191746, 40.585842614727476 ], [ -111.694308984873757, 40.586029453193113 ], [ -111.694355841754714, 40.586218356032788 ], [ -111.694363519889109, 40.586389476796207 ], [ -111.694348264828719, 40.586628301295754 ], [ -111.694309907054674, 40.586804203161101 ], [ -111.694270786684527, 40.587020649120944 ], [ -111.694210583370918, 40.587255239336791 ], [ -111.69414996050827, 40.587449292508566 ], [ -111.694088155684369, 40.587643352745147 ], [ -111.694041990979244, 40.587864345319019 ], [ -111.693979673311162, 40.588008860262299 ], [ -111.693881953113575, 40.58815809223313 ], [ -111.693775821432808, 40.588293861466461 ], [ -111.693638622945159, 40.588510896199693 ], [ -111.693500027695009, 40.588592807422884 ], [ -111.693279992207337, 40.588684216088559 ], [ -111.693088985556187, 40.588725901857678 ], [ -111.692760676210384, 40.58874588890238 ], [ -111.692517026451384, 40.588724827964469 ], [ -111.692325322432694, 40.588698950787375 ], [ -111.692135796079782, 40.588655042678653 ], [ -111.691936724035159, 40.588602182657638 ], [ -111.691677110482246, 40.588522658486141 ], [ -111.69140241463802, 40.58847025035535 ], [ -111.691028786612108, 40.588449964207229 ], [ -111.690700292553984, 40.588451928933551 ], [ -111.690379930938633, 40.588440330945225 ], [ -111.690029750816564, 40.58840188385151 ], [ -111.68973997314535, 40.588376588206373 ], [ -111.689464699072317, 40.588382736006174 ], [ -111.689236847470426, 40.588403915125753 ], [ -111.688946517067777, 40.588439880515281 ], [ -111.68871709531183, 40.588423231084192 ], [ -111.688556974240441, 40.588365628587916 ], [ -111.688419978001775, 40.588258339739191 ], [ -111.688343106714839, 40.588137179269722 ], [ -111.688297954900264, 40.58799781217246 ], [ -111.688282066797044, 40.587831244332087 ], [ -111.688267683635672, 40.587696198264346 ], [ -111.688274431134133, 40.587547513107751 ], [ -111.688282267868203, 40.587389812671383 ], [ -111.688259613523186, 40.587254815876769 ], [ -111.688267219388791, 40.587074594844751 ], [ -111.688282496172491, 40.586835770989353 ], [ -111.688312598567506, 40.586659920284909 ], [ -111.688350371662182, 40.586425466743179 ], [ -111.688450676620207, 40.586181631717778 ], [ -111.688579616181357, 40.585964652267378 ], [ -111.688694560690649, 40.585765773683434 ], [ -111.6887779714434, 40.585603118167022 ], [ -111.688869745289367, 40.585449421500627 ], [ -111.688976417032322, 40.585250591957944 ], [ -111.689106580942536, 40.585038108983937 ], [ -111.689235978599953, 40.584866169979627 ], [ -111.689358286193396, 40.58469427313937 ], [ -111.689472995001054, 40.584472873180388 ], [ -111.689541180777951, 40.584323821143236 ], [ -111.689632812372821, 40.584156611508867 ], [ -111.689716172630654, 40.583989451185879 ], [ -111.689784983675239, 40.583786342519119 ], [ -111.689846751300209, 40.583587780264374 ], [ -111.689884887678303, 40.583389359107578 ], [ -111.689907663806437, 40.583191029672967 ], [ -111.689929838160609, 40.582934146676067 ], [ -111.689937578056927, 40.582767437799042 ], [ -111.689937278608966, 40.582623298914903 ], [ -111.689938277776889, 40.582375551157597 ], [ -111.689923059589987, 40.58215943102681 ], [ -111.68992188090391, 40.581929713843905 ], [ -111.689908723671664, 40.581799164923261 ], [ -111.689892392159166, 40.58170467013057 ], [ -111.689876804105609, 40.581452517001409 ], [ -111.689861678913701, 40.58124540506639 ], [ -111.689846785183377, 40.58106081372609 ], [ -111.689838446838095, 40.580939244793818 ], [ -111.689831613918727, 40.580849197650544 ], [ -111.689807869894324, 40.580723216312947 ], [ -111.68976218647046, 40.580646914348641 ], [ -111.689701467546897, 40.580602232922111 ], [ -111.689586723722684, 40.580589404772006 ], [ -111.689472349908698, 40.58061260948098 ], [ -111.689404285571456, 40.580658059693988 ], [ -111.689372822051283, 40.580815901384277 ], [ -111.68937390630569, 40.581036610389546 ], [ -111.689358218281072, 40.581234897494156 ], [ -111.689326893113858, 40.581406251522857 ], [ -111.689281898223427, 40.581627235474237 ], [ -111.689265839940205, 40.581789489582086 ], [ -111.689274131141715, 40.581906554424634 ], [ -111.689236224899773, 40.582127496041934 ], [ -111.689189308056484, 40.582276421056584 ], [ -111.689129440430833, 40.582429927707636 ], [ -111.68908321649586, 40.582646414481864 ], [ -111.689021909628906, 40.582890017575181 ], [ -111.689007263090673, 40.583074785172521 ], [ -111.688978134555285, 40.58334522265951 ], [ -111.688961032287466, 40.583520996093256 ], [ -111.688947751882225, 40.583723773097127 ], [ -111.688938781681259, 40.583885984828711 ], [ -111.688885328213274, 40.584089001406191 ], [ -111.688869453311824, 40.58426927188021 ], [ -111.688824316500273, 40.584476743214488 ], [ -111.688724365286831, 40.584639497413782 ], [ -111.688594874351807, 40.584802427620382 ], [ -111.688449652872393, 40.584929416277596 ], [ -111.688343053372648, 40.58502013945035 ], [ -111.688259623368509, 40.585065680530072 ], [ -111.68816931589042, 40.585016670239085 ], [ -111.688160656833816, 40.584863572410882 ], [ -111.688175629184443, 40.58471033379363 ], [ -111.68822866975087, 40.584466780466471 ], [ -111.688297227207059, 40.584238449590252 ], [ -111.688365931974857, 40.584024531852329 ], [ -111.688404608003779, 40.583763046437497 ], [ -111.688396068051645, 40.583506346786699 ], [ -111.688389263853509, 40.583303689529387 ], [ -111.688373727162798, 40.583056040344651 ], [ -111.688389279915569, 40.582844241046011 ], [ -111.688420469561976, 40.582659374925917 ], [ -111.688442160633841, 40.582470061005971 ], [ -111.688473211429908, 40.582271682498337 ], [ -111.688503800216182, 40.582028262762471 ], [ -111.688511174112918, 40.581825520954034 ], [ -111.688502930435646, 40.581712960165881 ], [ -111.688525941070623, 40.581537151527023 ], [ -111.68854135450411, 40.581311839793223 ], [ -111.688481105389485, 40.581082474635636 ], [ -111.688465514254943, 40.580944732995377 ], [ -111.688502083909526, 40.580708484596293 ], [ -111.688564083559172, 40.580532443527368 ], [ -111.688618089579805, 40.58038347646135 ], [ -111.688640841810411, 40.580297757263587 ], [ -111.688679118601584, 40.580112848747 ], [ -111.688740212948758, 40.57996383935491 ], [ -111.68881634288789, 40.579783209482088 ], [ -111.688915870950041, 40.579579918020819 ], [ -111.68896864776616, 40.579426453702098 ], [ -111.689075982979659, 40.579178071539751 ], [ -111.689136104983859, 40.578934475339388 ], [ -111.689190319253967, 40.578690914345479 ], [ -111.689250625341799, 40.578465334566374 ], [ -111.689243588155421, 40.578240156581494 ], [ -111.689212690903346, 40.577992598949308 ], [ -111.689174612776966, 40.577736075339573 ], [ -111.689174433498536, 40.577488334406247 ], [ -111.689190794344768, 40.577240494782501 ], [ -111.689190707476172, 40.577001762078012 ], [ -111.689198197296363, 40.576695418148951 ], [ -111.689190210233477, 40.576492767763597 ], [ -111.689189958827015, 40.576353132833518 ], [ -111.689198023574875, 40.576217952685752 ], [ -111.689190591225596, 40.576069351789336 ], [ -111.689190570929838, 40.57595223747699 ], [ -111.689174380618852, 40.575871254844628 ], [ -111.689113692502957, 40.575713962841405 ], [ -111.689044919664468, 40.575574736632433 ], [ -111.68899887104017, 40.575462401253965 ], [ -111.688931141503147, 40.575309655541894 ], [ -111.688853822492334, 40.575143453763545 ], [ -111.688809002082607, 40.575035615377779 ], [ -111.688755588726963, 40.574896297391163 ], [ -111.688702083226957, 40.574747971120736 ], [ -111.688655712489876, 40.57460410669038 ], [ -111.688587522857034, 40.574406319467634 ], [ -111.688525748443439, 40.574258042390824 ], [ -111.688495428946908, 40.574181648253422 ], [ -111.688433839612273, 40.57405138762941 ], [ -111.688419274827993, 40.573898324726528 ], [ -111.688412564267409, 40.573704675383652 ], [ -111.688418987326486, 40.573524460976586 ], [ -111.688465834908797, 40.573253917580502 ], [ -111.688564542657488, 40.573086666331783 ], [ -111.688725234870432, 40.57297309830507 ], [ -111.688854353177192, 40.572891249163128 ], [ -111.688945898684054, 40.572832145981941 ], [ -111.689083424573909, 40.572763759652261 ], [ -111.689205777408731, 40.572713481299687 ], [ -111.689320230350788, 40.572699285188179 ] ] ] ] } },
{ "type": "Feature", "properties": { "xid": 178, "name": null, "size_of_sl": null, "return_int": null, "starting_z": null, "vertical_f": null, "distance_t": null, "starting_1": null, "Shape__Are": 56191.875000100001, "Shape__Len": 1205.9553742799999 }, "geometry": { "type": "MultiPolygon", "coordinates": [ [ [ [ -111.608386214257649, 40.575685356724996 ], [ -111.608021396566926, 40.575583675985698 ], [ -111.607509879608969, 40.575460243604113 ], [ -111.607074341932218, 40.575376949409311 ], [ -111.606663003326091, 40.575356588272733 ], [ -111.606235531594749, 40.575381354470245 ], [ -111.605717293009775, 40.57542911711915 ], [ -111.605305223756602, 40.575327675537181 ], [ -111.60488488578703, 40.575226275778164 ], [ -111.604457831253669, 40.575034821355374 ], [ -111.604251582018208, 40.574828697337594 ], [ -111.604137929705402, 40.574671637275735 ], [ -111.604198842738313, 40.574482133305168 ], [ -111.604321269514713, 40.574301316343707 ], [ -111.604602652124868, 40.574191738052484 ], [ -111.605023190845131, 40.574185031874919 ], [ -111.605625665389923, 40.574177370490503 ], [ -111.606273439592684, 40.574214512372052 ], [ -111.606967859033105, 40.574314467340031 ], [ -111.607600806641571, 40.574410237054622 ], [ -111.608158676129634, 40.574564955950656 ], [ -111.608737611886269, 40.574827667057058 ], [ -111.60913436877496, 40.575064309537858 ], [ -111.609570315667668, 40.575192637939175 ], [ -111.60982106734015, 40.575353473366739 ], [ -111.610095612363196, 40.575532200235294 ], [ -111.610241705195818, 40.575617012415123 ], [ -111.610347793576409, 40.575720053430125 ], [ -111.610386137102438, 40.575909036155039 ], [ -111.610301892615723, 40.575999569507644 ], [ -111.609989508266835, 40.576077794466649 ], [ -111.609592055650296, 40.576025839562035 ], [ -111.609127626379859, 40.575884148224681 ], [ -111.608722923665511, 40.575814210903133 ], [ -111.608386214257649, 40.575685356724996 ] ] ] ] } },
{ "type": "Feature", "properties": { "xid": 180, "name": "ACORN", "size_of_sl": null, "return_int": null, "starting_z": null, "vertical_f": null, "distance_t": null, "starting_1": null, "Shape__Are": 52882.88, "Shape__Len": 1814.51564839 }, "geometry": { "type": "MultiPolygon", "coordinates": [ [ [ [ -111.733379144874888, 40.574747740927215 ], [ -111.733402673131366, 40.57484668825289 ], [ -111.733417784215035, 40.57493217582666 ], [ -111.733425511916806, 40.574990683902946 ], [ -111.733425609324215, 40.575107797562033 ], [ -111.733448842665851, 40.57517972037315 ], [ -111.733463855514799, 40.575256199769207 ], [ -111.733470598658414, 40.575332731670677 ], [ -111.73349422564651, 40.575440687130111 ], [ -111.733524547550076, 40.575512564911193 ], [ -111.733577611215651, 40.575611324635403 ], [ -111.73360837606775, 40.575723739131924 ], [ -111.733631806625596, 40.575813678223938 ], [ -111.733662276455391, 40.575899068207903 ], [ -111.733662029887341, 40.575984653270652 ], [ -111.733699637467538, 40.576074502303349 ], [ -111.733738524970647, 40.576173351981126 ], [ -111.733761808241141, 40.57624977879172 ], [ -111.733807735184499, 40.576344079333701 ], [ -111.733836925648561, 40.576420468601476 ], [ -111.733845047625778, 40.576515009281742 ], [ -111.7338761086652, 40.576654448169933 ], [ -111.733928307371158, 40.576782041326389 ], [ -111.733998089733049, 40.576896910426839 ], [ -111.734035944433757, 40.577009279732053 ], [ -111.734082069223717, 40.577121596467791 ], [ -111.734097427892038, 40.577229604310403 ], [ -111.734134347707155, 40.57736450148434 ], [ -111.734179094528415, 40.57745880935768 ], [ -111.734232653161541, 40.577602609528547 ], [ -111.734279468149992, 40.577777983288478 ], [ -111.734325741642081, 40.577903812143603 ], [ -111.734355573672204, 40.578038754285842 ], [ -111.734379744888869, 40.578196254368983 ], [ -111.734417010626373, 40.578362679976692 ], [ -111.734409135267043, 40.57850687060705 ], [ -111.734348882072354, 40.578615359081326 ], [ -111.734226405322772, 40.57865217276192 ], [ -111.734112641489332, 40.578621365055199 ], [ -111.734044294549491, 40.578529909782176 ], [ -111.733982534351838, 40.578392467810211 ], [ -111.733943842056021, 40.578311634586449 ], [ -111.733914109167372, 40.578185700498217 ], [ -111.733883490276241, 40.578086798385613 ], [ -111.733845654882586, 40.577976230686481 ], [ -111.733815213367663, 40.577893543239909 ], [ -111.733768990048617, 40.577772218252228 ], [ -111.733738617618002, 40.577695836493781 ], [ -111.733707506695879, 40.577659998956079 ], [ -111.73367733071693, 40.577709738943042 ], [ -111.733670143203753, 40.577808881242781 ], [ -111.73363130289377, 40.577930746535017 ], [ -111.733616455913136, 40.577977686513798 ], [ -111.733592757650854, 40.578079636295769 ], [ -111.733554852500205, 40.578178973654218 ], [ -111.733547763162619, 40.578287124101053 ], [ -111.733531537104383, 40.578424160678054 ], [ -111.73349427121164, 40.578582051055704 ], [ -111.733440150001059, 40.578711220326653 ], [ -111.733364585353982, 40.578824309896419 ], [ -111.733241762254167, 40.578937699402616 ], [ -111.73313582467452, 40.578974406942237 ], [ -111.733029297002062, 40.57895706542147 ], [ -111.732982335335407, 40.578876284356603 ], [ -111.732989376470584, 40.578763629866472 ], [ -111.732998583837102, 40.578632944057631 ], [ -111.733013550920433, 40.578488708518378 ], [ -111.73304407338243, 40.578362391833622 ], [ -111.733074644899418, 40.578240579219909 ], [ -111.73312781119013, 40.578132136377278 ], [ -111.733150161556281, 40.57801488030838 ], [ -111.733173299904962, 40.577861584086477 ], [ -111.733188266465518, 40.577717348510134 ], [ -111.733211748855737, 40.577595580843166 ], [ -111.733219823408689, 40.577469406575773 ], [ -111.733242075058484, 40.577343142316188 ], [ -111.733257434787149, 40.577234939372268 ], [ -111.733280128899011, 40.577149211835447 ], [ -111.733303365041067, 40.577004923733057 ], [ -111.733311537727189, 40.576887757611921 ], [ -111.733310603310585, 40.576802180059126 ], [ -111.733288157520931, 40.576694217089525 ], [ -111.73326556427709, 40.576572741867018 ], [ -111.733212156079759, 40.576442453443555 ], [ -111.733165738207902, 40.576303111836893 ], [ -111.733135268816497, 40.576217721723978 ], [ -111.733112774352364, 40.576105254622831 ], [ -111.733089639361765, 40.576042339920392 ], [ -111.733058875221943, 40.575929925285628 ], [ -111.733029292588029, 40.575817503142815 ], [ -111.732967910613425, 40.57571429155481 ], [ -111.732937294293194, 40.5756153891274 ], [ -111.732906530614017, 40.575502974439893 ], [ -111.732899444044506, 40.575394913919425 ], [ -111.732884235209681, 40.575300418113109 ], [ -111.732838359438432, 40.575210621253028 ], [ -111.732799719547003, 40.575134291657413 ], [ -111.732776486914986, 40.575062368708998 ], [ -111.732753500029986, 40.575012966173247 ], [ -111.732731399738455, 40.574936531635878 ], [ -111.732693401029536, 40.574810649582147 ], [ -111.732677355183412, 40.57474768981664 ], [ -111.73264718193542, 40.574689324045089 ], [ -111.73262478709708, 40.574585864976093 ], [ -111.732601210953248, 40.574482413392488 ], [ -111.732564492382863, 40.574365531958804 ], [ -111.732494813396059, 40.574259670067271 ], [ -111.732471463520824, 40.574176937238072 ], [ -111.73241810794822, 40.574051152448575 ], [ -111.732411189341306, 40.57395840575164 ], [ -111.73240437880591, 40.573875568039576 ], [ -111.732411371397902, 40.573758409398735 ], [ -111.732403399168959, 40.573677380807709 ], [ -111.732418563043154, 40.573551161561781 ], [ -111.732410394379613, 40.573452116627116 ], [ -111.732418784385942, 40.573354768463304 ], [ -111.73244165514879, 40.573285255743471 ], [ -111.732471388053625, 40.573194979281993 ], [ -111.73249418012017, 40.573118260014034 ], [ -111.732509933146417, 40.573046089772888 ], [ -111.732548920170132, 40.572937737018719 ], [ -111.732601984992769, 40.572820286176885 ], [ -111.732640036034581, 40.572734461310311 ], [ -111.732693100541994, 40.572617010425276 ], [ -111.732761473175842, 40.572494958014687 ], [ -111.732860855246173, 40.572399735223996 ], [ -111.732960531926182, 40.5723315368624 ], [ -111.733128036246171, 40.572307951948204 ], [ -111.733250304117476, 40.572361228692365 ], [ -111.73334894537652, 40.572414655297614 ], [ -111.733418102441945, 40.572472773411299 ], [ -111.733517334231664, 40.572580248888173 ], [ -111.733570297125596, 40.572670000516325 ], [ -111.733600224278476, 40.572705845644649 ], [ -111.733670021421602, 40.572822516699425 ], [ -111.733738095733059, 40.572997755810995 ], [ -111.733760786937978, 40.573128239187298 ], [ -111.73377614408102, 40.573236247159386 ], [ -111.733769301525157, 40.573366918124186 ], [ -111.733753943413589, 40.573475121193383 ], [ -111.733730660146421, 40.573614905371322 ], [ -111.733693003621624, 40.57373676324665 ], [ -111.733654067202465, 40.57384962044376 ], [ -111.733623547814233, 40.573975937360096 ], [ -111.733600904347881, 40.574066169081718 ], [ -111.73357821162935, 40.574151896714461 ], [ -111.733562902241232, 40.574264603831352 ], [ -111.733547051699759, 40.574327766026677 ], [ -111.733517270576769, 40.574413538655776 ], [ -111.733493396263626, 40.574499273770229 ], [ -111.733478776169704, 40.57456693253669 ], [ -111.733440528461841, 40.57463474131891 ], [ -111.733417491074064, 40.574688940332159 ], [ -111.733379144874888, 40.574747740927215 ] ] ] ] } },
{ "type": "Feature", "properties": { "xid": 182, "name": "TANNERS", "size_of_sl": "MAJOR", "return_int": "FREQUENT", "starting_z": "11100 FT.", "vertical_f": "4000 FT.", "distance_t": "8900 FT.", "starting_1": "SE-S-SW", "Shape__Are": 1339936.89, "Shape__Len": 7283.09311239 }, "geometry": { "type": "MultiPolygon", "coordinates": [ [ [ [ -111.703419362746928, 40.571003518923973 ], [ -111.703480206649928, 40.570947293822819 ], [ -111.703555766054478, 40.57082971918571 ], [ -111.703609938810132, 40.570700563312549 ], [ -111.70367068969253, 40.570522719786361 ], [ -111.703723001213646, 40.570328711781777 ], [ -111.703793362381631, 40.570166124609621 ], [ -111.70390700674848, 40.569962734026234 ], [ -111.704036621012378, 40.569817803249123 ], [ -111.704212683135481, 40.56970862441996 ], [ -111.704395170690987, 40.569648954585816 ], [ -111.704571373217874, 40.569665897662972 ], [ -111.704700087528778, 40.569773218244343 ], [ -111.704807680565935, 40.569894180755966 ], [ -111.704861453808135, 40.570065020002438 ], [ -111.704884182450542, 40.570204517826667 ], [ -111.704853705129906, 40.570452445972229 ], [ -111.704808201141944, 40.570619386525408 ], [ -111.704723524394922, 40.570768548421754 ], [ -111.704623962559211, 40.570962845075655 ], [ -111.704487542873352, 40.571134844404597 ], [ -111.704357218049878, 40.571324824017616 ], [ -111.704233697161044, 40.571487735585919 ], [ -111.704090281838262, 40.571668785886409 ], [ -111.703946865746815, 40.571849836009683 ], [ -111.703861949581949, 40.571976476698786 ], [ -111.703747309172485, 40.572197890851932 ], [ -111.703632951109114, 40.572446329576159 ], [ -111.703548411025352, 40.572609002948361 ], [ -111.703465146234109, 40.572780677292407 ], [ -111.703357402667848, 40.572984031428817 ], [ -111.703259109349645, 40.573187327928018 ], [ -111.703144747841463, 40.573435766155647 ], [ -111.703068569234105, 40.573607397061345 ], [ -111.702992295960058, 40.573770019686805 ], [ -111.702892536229967, 40.57394629837075 ], [ -111.702839606923348, 40.574081752440328 ], [ -111.702802270992478, 40.574239633618504 ], [ -111.702763231905607, 40.574460586748785 ], [ -111.702663234967574, 40.574614344658848 ], [ -111.70267868390134, 40.574735869494553 ], [ -111.702701456860012, 40.574879871774051 ], [ -111.7027168588058, 40.574996892484599 ], [ -111.702732072303206, 40.575095896737189 ], [ -111.702755602755019, 40.57519935478966 ], [ -111.70277691187232, 40.575316339548785 ], [ -111.70279373111633, 40.575455873615837 ], [ -111.702808376154806, 40.575613438503112 ], [ -111.702824155540952, 40.57576649208319 ], [ -111.70283861219005, 40.575906040506851 ], [ -111.70284692616579, 40.576023104303445 ], [ -111.702847064549019, 40.576149226638876 ], [ -111.702862419934135, 40.576261743187636 ], [ -111.70288500529594, 40.576387728936957 ], [ -111.702916020966512, 40.576528978337187 ], [ -111.702961647574497, 40.576711579281501 ], [ -111.703014193265631, 40.576877922258582 ], [ -111.703036116354511, 40.577053460377265 ], [ -111.70305284232083, 40.577183986134017 ], [ -111.703121548931378, 40.577426805456589 ], [ -111.703159682537475, 40.577570714077353 ], [ -111.703189734867337, 40.57773268946719 ], [ -111.70324327474107, 40.577881008665003 ], [ -111.703312362344036, 40.578047250763653 ], [ -111.703380504718822, 40.578236020558343 ], [ -111.703464810388695, 40.578388656697562 ], [ -111.703556346742033, 40.578554761923215 ], [ -111.703670661638043, 40.578752259094813 ], [ -111.703792681008409, 40.578895656442405 ], [ -111.703915551881892, 40.579007517690229 ], [ -111.704037100038533, 40.579105873675879 ], [ -111.704129111870131, 40.57920440957529 ], [ -111.704235254366367, 40.579298354856235 ], [ -111.704342531389202, 40.579387788723324 ], [ -111.704502454996302, 40.579539962968127 ], [ -111.704601367921526, 40.579620438807744 ], [ -111.704715782070721, 40.579714333182828 ], [ -111.704837758159357, 40.579853225261886 ], [ -111.704990122257726, 40.579960400981385 ], [ -111.705104679411846, 40.58006780727785 ], [ -111.705212148028906, 40.580175256733391 ], [ -111.705326044817866, 40.580332215187461 ], [ -111.705432569307973, 40.580462192173286 ], [ -111.705509746216393, 40.580610365884063 ], [ -111.705608237693951, 40.580762913737644 ], [ -111.705647086797711, 40.580861773117526 ], [ -111.705715002004965, 40.581028020835888 ], [ -111.705791330091401, 40.581207730290714 ], [ -111.705868413974628, 40.581346895518237 ], [ -111.705959157703589, 40.581549038732788 ], [ -111.70602088269888, 40.581688297713335 ], [ -111.70608936549327, 40.58179598458932 ], [ -111.706203456605834, 40.581970958512656 ], [ -111.706288010356488, 40.582146112922111 ], [ -111.706356023252582, 40.582321368410916 ], [ -111.706447714389341, 40.582500983439843 ], [ -111.706547629322401, 40.582676043694327 ], [ -111.706615169455134, 40.582806257969352 ], [ -111.706731061516777, 40.583039777430081 ], [ -111.706807015373116, 40.583183453285315 ], [ -111.706890153630439, 40.583336093906929 ], [ -111.7069588766485, 40.583466300724474 ], [ -111.707073494663888, 40.583690818822014 ], [ -111.707173223281259, 40.583847862062292 ], [ -111.707271675927259, 40.583995904238996 ], [ -111.707371405469189, 40.584152947292218 ], [ -111.707470096303595, 40.584323509792256 ], [ -111.707561888151105, 40.584512132029431 ], [ -111.707677264308288, 40.584696105308772 ], [ -111.707760074099852, 40.584817216526375 ], [ -111.707867417791434, 40.585023760777638 ], [ -111.707996832055159, 40.585194134515532 ], [ -111.708058137216739, 40.585292855355029 ], [ -111.708142225031125, 40.585422967231459 ], [ -111.708226075613439, 40.585530558542068 ], [ -111.708302083067139, 40.585678737401743 ], [ -111.70837771067815, 40.585790883409302 ], [ -111.708461752217644, 40.585916490932227 ], [ -111.7085841752844, 40.586095915638822 ], [ -111.70866836022698, 40.586235035294941 ], [ -111.708790641781547, 40.586400947467482 ], [ -111.708888911566305, 40.586530971745653 ], [ -111.70896562760241, 40.586634101887576 ], [ -111.709149372839605, 40.586801438160983 ], [ -111.709255896092202, 40.586929609688553 ], [ -111.709377847235785, 40.587063992514196 ], [ -111.709499798869643, 40.587198375203869 ], [ -111.709621465341314, 40.587305733175349 ], [ -111.709743179819839, 40.587417595110274 ], [ -111.709850057613963, 40.587579096373887 ], [ -111.709911320086363, 40.587673312051479 ], [ -111.710041068847673, 40.587762602339154 ], [ -111.710162832504295, 40.587878967906335 ], [ -111.710285263746115, 40.588058390680956 ], [ -111.710400129274902, 40.588192815962238 ], [ -111.710468816510939, 40.588318516388014 ], [ -111.710560288658243, 40.588475607329052 ], [ -111.710651904278194, 40.588646210474813 ], [ -111.710728063746728, 40.588807899868264 ], [ -111.71080436665963, 40.588983101487685 ], [ -111.710835195311489, 40.589104530250268 ], [ -111.710874343267136, 40.589230412190659 ], [ -111.710910757317976, 40.589432885532148 ], [ -111.710949200983549, 40.58960381564966 ], [ -111.710956444887529, 40.58972989391372 ], [ -111.710987369585666, 40.589860330802338 ], [ -111.710980015348071, 40.590058569109623 ], [ -111.710957299495433, 40.590256901962171 ], [ -111.710941196472845, 40.59041015023351 ], [ -111.71089564714562, 40.59057258850379 ], [ -111.710841921316899, 40.590744085844364 ], [ -111.71075118187396, 40.590879775823701 ], [ -111.71064346948755, 40.590975030675267 ], [ -111.710476530056454, 40.591057136580844 ], [ -111.710309418634267, 40.591123027511209 ], [ -111.710155362505517, 40.591194243198728 ], [ -111.709964502531435, 40.591249469109194 ], [ -111.709766837917954, 40.591331762835978 ], [ -111.709560758216654, 40.591400594759328 ], [ -111.709385401814117, 40.591469237633092 ], [ -111.709171049510658, 40.5915381196669 ], [ -111.709003678686869, 40.591579686614629 ], [ -111.708828035860705, 40.591621304082629 ], [ -111.708644168566224, 40.591667476127853 ], [ -111.708454582734859, 40.591731700500063 ], [ -111.708287258498132, 40.591777770510809 ], [ -111.708149476236514, 40.591823659167837 ], [ -111.707950720991079, 40.591914965245998 ], [ -111.707737642431624, 40.59199284558624 ], [ -111.707584924666548, 40.592079364557591 ], [ -111.707432538796525, 40.592197411996551 ], [ -111.707302509714054, 40.592306313562538 ], [ -111.707173661909067, 40.592415207748907 ], [ -111.70700501539028, 40.592560380487846 ], [ -111.706837407554247, 40.592692033465077 ], [ -111.706707234282717, 40.592787422081116 ], [ -111.706554418552159, 40.59286493151307 ], [ -111.706349417700451, 40.592924742335455 ], [ -111.706165639859094, 40.592979918660724 ], [ -111.706005919614881, 40.592962877478989 ], [ -111.705806966251927, 40.592923553889179 ], [ -111.705693096065488, 40.592883710167911 ], [ -111.705585842782568, 40.592798782055034 ], [ -111.705523541890798, 40.592718083663158 ], [ -111.70547036340254, 40.59260579881812 ], [ -111.70541926448351, 40.592466474928784 ], [ -111.705334368297969, 40.592259791603283 ], [ -111.705211705785302, 40.592057843176129 ], [ -111.705112205828243, 40.591923319017162 ], [ -111.704997202404371, 40.591775376234345 ], [ -111.704899216081358, 40.591672373353255 ], [ -111.70472295514702, 40.591542821652354 ], [ -111.704539982998057, 40.591449345710259 ], [ -111.704379746879056, 40.591382757153944 ], [ -111.704258553783518, 40.591320434719627 ], [ -111.704159122528822, 40.591304825122066 ], [ -111.70388433982491, 40.591246141137887 ], [ -111.703761586849339, 40.591260402270308 ], [ -111.703525345351423, 40.591270850167632 ], [ -111.703327910440393, 40.591263043744995 ], [ -111.703105754655496, 40.591264396240391 ], [ -111.702969057154149, 40.591301263348889 ], [ -111.702846586834823, 40.591342548113801 ], [ -111.702694621465369, 40.591388516574128 ], [ -111.702465657955031, 40.591416935578714 ], [ -111.70225120429032, 40.591476796627163 ], [ -111.702122447876803, 40.591482083742633 ], [ -111.701908704391585, 40.591496895964319 ], [ -111.70166373794325, 40.591464150954614 ], [ -111.701511945819718, 40.59141372291441 ], [ -111.701443267017197, 40.591400626837704 ], [ -111.701290265283902, 40.591347503217875 ], [ -111.701076621734089, 40.591258712374973 ], [ -111.700847193684865, 40.591129477417269 ], [ -111.700717826574063, 40.59107620962812 ], [ -111.700467082686842, 40.590942598828725 ], [ -111.70019989034428, 40.590818095966448 ], [ -111.699955526453834, 40.590729489254549 ], [ -111.699649716381487, 40.59064125422757 ], [ -111.699306140643444, 40.590557751422118 ], [ -111.699061919575101, 40.59048265511219 ], [ -111.698941108153392, 40.590456359873563 ], [ -111.698750156560692, 40.590389949333002 ], [ -111.698511985636983, 40.590328328422324 ], [ -111.698255470743106, 40.590320870577926 ], [ -111.697987186088326, 40.590317987674773 ], [ -111.697727933421177, 40.590274510089991 ], [ -111.697521621906802, 40.590208190292778 ], [ -111.697346267942791, 40.590164205179001 ], [ -111.697292812441873, 40.590137501552249 ], [ -111.697201309933092, 40.590088505609657 ], [ -111.697078775711532, 40.590009967900741 ], [ -111.69694179066029, 40.589905391794062 ], [ -111.696758693418161, 40.589798391050252 ], [ -111.696543551902025, 40.589678070082442 ], [ -111.696353459445717, 40.589580119651231 ], [ -111.696117376599176, 40.589491454855356 ], [ -111.695912063932226, 40.589407108585796 ], [ -111.695735531440207, 40.589363128113739 ], [ -111.695546141057818, 40.589332737966679 ], [ -111.695331702985513, 40.589279976340478 ], [ -111.695171667598842, 40.589231391304828 ], [ -111.695056674860538, 40.589196048189571 ], [ -111.694942724005756, 40.589147185520119 ], [ -111.694797910727743, 40.589084995210598 ], [ -111.694691050103259, 40.589036089642519 ], [ -111.694630320269624, 40.588991410960887 ], [ -111.694568222469684, 40.588928722910453 ], [ -111.694515671099396, 40.588874986208033 ], [ -111.694454149436538, 40.588753737551805 ], [ -111.694423350524488, 40.588632304164008 ], [ -111.694409327546239, 40.588533291868835 ], [ -111.694438792039904, 40.588411496178907 ], [ -111.694454263246072, 40.588307802172956 ], [ -111.694484722813939, 40.588167982920041 ], [ -111.694515461837867, 40.588055188323089 ], [ -111.694561282269248, 40.587915276684683 ], [ -111.694613912620483, 40.587748297725682 ], [ -111.694675902438775, 40.5875722536681 ], [ -111.694736896765477, 40.587414233126786 ], [ -111.694797890809795, 40.587256212551324 ], [ -111.694912492617419, 40.587025799176658 ], [ -111.6949891265226, 40.586894710753093 ], [ -111.695095533361737, 40.5867859650795 ], [ -111.695186672322819, 40.586686319979826 ], [ -111.695346390428028, 40.586590766390039 ], [ -111.695560461572157, 40.586494885299011 ], [ -111.695774625457631, 40.586408012036969 ], [ -111.696018515426161, 40.586338976834377 ], [ -111.69620096202074, 40.586270311461476 ], [ -111.696308019897415, 40.586224622235214 ], [ -111.696484371020873, 40.586137975588798 ], [ -111.69675075621268, 40.586073307593757 ], [ -111.697033280972775, 40.585969803819289 ], [ -111.697284765517836, 40.58583585686371 ], [ -111.697414225278706, 40.585785526987884 ], [ -111.697628197260926, 40.585680633876912 ], [ -111.697864478157996, 40.585562092413554 ], [ -111.698131619763672, 40.585456877131463 ], [ -111.698367945825822, 40.585342838757043 ], [ -111.698559090065132, 40.585202046789014 ], [ -111.69868812579017, 40.585111178513422 ], [ -111.698841739746442, 40.584997639433517 ], [ -111.698986088199888, 40.584902173788137 ], [ -111.699154686322785, 40.584752508472398 ], [ -111.699344598752262, 40.584607218260153 ], [ -111.699536404207606, 40.584416872337229 ], [ -111.699725892404842, 40.584231044522433 ], [ -111.69986371984271, 40.584077060160617 ], [ -111.70000121794719, 40.583891546872309 ], [ -111.700137956448231, 40.583746577563574 ], [ -111.700267464162238, 40.583588138744496 ], [ -111.70044385707719, 40.583393380333561 ], [ -111.70058121120951, 40.583194354030631 ], [ -111.700726264805311, 40.583053837977182 ], [ -111.700886160559875, 40.582863683347448 ], [ -111.701000634096943, 40.582736865670874 ], [ -111.701137179980492, 40.582573878751731 ], [ -111.701259452832474, 40.58240196952881 ], [ -111.701389807518979, 40.582211993521938 ], [ -111.7015419514954, 40.5819588235059 ], [ -111.701625608772844, 40.58182318355712 ], [ -111.70167977499284, 40.581692227085604 ], [ -111.701770661938866, 40.581570056296002 ], [ -111.701870341509434, 40.581384770475537 ], [ -111.702007593189933, 40.581176734258278 ], [ -111.702083594458642, 40.580987087745001 ], [ -111.702152600523931, 40.580806492488399 ], [ -111.702168387901239, 40.580734326192811 ], [ -111.702228463626653, 40.580490723625893 ], [ -111.702290332781772, 40.580305667263687 ], [ -111.702327437549698, 40.580125265829274 ], [ -111.702350647008473, 40.579971975242415 ], [ -111.702366155071672, 40.579760174320924 ], [ -111.702356852097694, 40.579548524249255 ], [ -111.702366405603769, 40.579332255120732 ], [ -111.70235100694704, 40.579102624508607 ], [ -111.70232828028287, 40.578963126381133 ], [ -111.70225215246974, 40.578801430913465 ], [ -111.702197907571431, 40.578585549601975 ], [ -111.702152926284825, 40.578351594358303 ], [ -111.702122358158661, 40.578140073471275 ], [ -111.702098497965125, 40.57800508656139 ], [ -111.702060653183068, 40.577775592279522 ], [ -111.702030292801695, 40.577583889435374 ], [ -111.70197744765531, 40.577388719697133 ], [ -111.70192362852363, 40.577213375199101 ], [ -111.701870567463999, 40.576997486476515 ], [ -111.701839384308414, 40.576840021984481 ], [ -111.701778006809249, 40.576619679332858 ], [ -111.701739453169182, 40.576435233184611 ], [ -111.701709922613404, 40.576322802594014 ], [ -111.701656392426557, 40.576061872593016 ], [ -111.701610703953577, 40.575872965320237 ], [ -111.7015422867468, 40.575657169659394 ], [ -111.701481005442403, 40.575445835016339 ], [ -111.701404272282431, 40.575225585354382 ], [ -111.701320404239283, 40.575000874548572 ], [ -111.701229589501466, 40.574789719042116 ], [ -111.7011297474114, 40.574619157852048 ], [ -111.701084719661608, 40.574493307918793 ], [ -111.700977084987684, 40.574255227866701 ], [ -111.700854046190003, 40.57401273676021 ], [ -111.700733652976623, 40.57379725587024 ], [ -111.700634048566698, 40.573649214781916 ], [ -111.700581363574059, 40.57358196828914 ], [ -111.700466402057131, 40.573434020183868 ], [ -111.700328779106044, 40.573265489097679 ], [ -111.700176278064291, 40.573142992919415 ], [ -111.700031119221237, 40.573044775814012 ], [ -111.699894436812457, 40.572966326536807 ], [ -111.699795426762208, 40.572875036563353 ], [ -111.699726063477513, 40.572794377494802 ], [ -111.699657506385805, 40.572677678282041 ], [ -111.699618240236831, 40.572650889682173 ], [ -111.699558656577267, 40.572601702097018 ], [ -111.69948208380616, 40.572509375089325 ], [ -111.699376793074151, 40.57238208755674 ], [ -111.699291979512537, 40.572292512951059 ], [ -111.699183023553246, 40.572153535975573 ], [ -111.699108701992657, 40.572050384518619 ], [ -111.699023889210892, 40.571960809704542 ], [ -111.698910443318411, 40.571844381645974 ], [ -111.698833900425939, 40.571754756653796 ], [ -111.698766948990738, 40.571678586801397 ], [ -111.698673727250025, 40.571575549377151 ], [ -111.698634847098589, 40.571472183244069 ], [ -111.698627722466867, 40.57135511184272 ], [ -111.698673617103196, 40.571224206575771 ], [ -111.698718705042012, 40.571129341396514 ], [ -111.69884173218334, 40.57103130208781 ], [ -111.698947048492528, 40.570934270687495 ], [ -111.699077237870583, 40.570843394837539 ], [ -111.699222549635522, 40.570729905289078 ], [ -111.69932920566923, 40.570648180401776 ], [ -111.69950546531237, 40.5705570251613 ], [ -111.699673502185703, 40.570470423858637 ], [ -111.699772169583909, 40.570415773369518 ], [ -111.699886193887323, 40.57036102975659 ], [ -111.700076009718757, 40.570323844361752 ], [ -111.70019934325893, 40.570255530811494 ], [ -111.700321448281244, 40.570182720172809 ], [ -111.700466185758557, 40.57012778979049 ], [ -111.700619286102452, 40.570081817315696 ], [ -111.700832538901992, 40.570026470917206 ], [ -111.701031521670089, 40.569962201914663 ], [ -111.701214247888089, 40.569925057673395 ], [ -111.701335593110997, 40.569892790212194 ], [ -111.70148169855733, 40.569855867869677 ], [ -111.701656173926295, 40.569820574793141 ], [ -111.701855371748437, 40.569777023325386 ], [ -111.702038191131564, 40.569748886024009 ], [ -111.702236414353777, 40.569725159200857 ], [ -111.702419468909298, 40.569719541887721 ], [ -111.702663052442333, 40.569740582554097 ], [ -111.702846342619395, 40.569757485151612 ], [ -111.703037050659489, 40.569805873142833 ], [ -111.703213203577548, 40.569930924287256 ], [ -111.703290837154, 40.570011530949195 ], [ -111.70337329046788, 40.570101117018936 ], [ -111.703426447103368, 40.570213403442715 ], [ -111.703457159004941, 40.570325826517781 ], [ -111.703472796948716, 40.570465367798178 ], [ -111.703456539425019, 40.570605103303443 ], [ -111.703449779553935, 40.570749285371818 ], [ -111.703441791170277, 40.570888970514041 ], [ -111.703419362746928, 40.571003518923973 ] ] ] ] } },
{ "type": "Feature", "properties": { "xid": 183, "name": "OAK RIDGE", "size_of_sl": null, "return_int": null, "starting_z": null, "vertical_f": null, "distance_t": null, "starting_1": null, "Shape__Are": 41677.765, "Shape__Len": 1351.7731244 }, "geometry": { "type": "MultiPolygon", "coordinates": [ [ [ [ -111.721126884733394, 40.574482542205708 ], [ -111.72112700904016, 40.57460416016476 ], [ -111.721096320649593, 40.574716961672834 ], [ -111.721057459166246, 40.57483882298213 ], [ -111.721012835659153, 40.574974233432336 ], [ -111.720982388666684, 40.575109555383065 ], [ -111.720967348017282, 40.575249285566834 ], [ -111.720912934480381, 40.575353226292307 ], [ -111.720851819130189, 40.575493243987012 ], [ -111.720814186512939, 40.575619601928736 ], [ -111.720753457408676, 40.575795652329532 ], [ -111.720699574766272, 40.575949137996645 ], [ -111.720645643553155, 40.576098119541719 ], [ -111.720593784971641, 40.576220061751059 ], [ -111.72054703843942, 40.57637800721843 ], [ -111.72047808637987, 40.576558613142247 ], [ -111.720425383938917, 40.576712091303371 ], [ -111.720371548152031, 40.576870080900562 ], [ -111.720318796924076, 40.577019054914437 ], [ -111.720265008955735, 40.577181548552325 ], [ -111.720219394139846, 40.577334982412388 ], [ -111.720142530587992, 40.577439062713708 ], [ -111.720043219554597, 40.577543282886325 ], [ -111.719974306852095, 40.577617584503336 ], [ -111.719851395520081, 40.577724654237265 ], [ -111.719754205131778, 40.577806338966745 ], [ -111.719676905920082, 40.577869882110058 ], [ -111.719540486257287, 40.577929289079194 ], [ -111.719417809404504, 40.577948070742352 ], [ -111.719333541121514, 40.577912560362542 ], [ -111.719287922759619, 40.57784527849639 ], [ -111.71926549910026, 40.577737312631726 ], [ -111.71927326220576, 40.577579610452155 ], [ -111.719282303192244, 40.577430909102262 ], [ -111.719302845350754, 40.577363215255538 ], [ -111.719311187237338, 40.577259562209342 ], [ -111.71934173500189, 40.577133248903124 ], [ -111.719394845516291, 40.577017605625869 ], [ -111.719440732214181, 40.576889395003924 ], [ -111.719486686293763, 40.576767490096273 ], [ -111.719517040499653, 40.576623160354941 ], [ -111.719554676098284, 40.576496802832061 ], [ -111.719592649371947, 40.576401973965893 ], [ -111.719616590373931, 40.576320745690929 ], [ -111.719669390902325, 40.576176276067088 ], [ -111.719707170774001, 40.576063430777218 ], [ -111.719753123825242, 40.575941525755127 ], [ -111.719799221528447, 40.575833133001709 ], [ -111.719845367360037, 40.575729244325167 ], [ -111.719883339803744, 40.575634415358131 ], [ -111.719929340532147, 40.575517014358304 ], [ -111.720013000925846, 40.575385865422106 ], [ -111.720065848182202, 40.575245899703589 ], [ -111.720096876571418, 40.575164627136537 ], [ -111.720119345399425, 40.575056381535546 ], [ -111.720157510266461, 40.57497956885932 ], [ -111.720188779908639, 40.574920816747685 ], [ -111.720235166026612, 40.574839448391558 ], [ -111.720272245859775, 40.574771651235309 ], [ -111.72030312887631, 40.574676866320914 ], [ -111.720356458061374, 40.574581941427077 ], [ -111.72039467070411, 40.574509632767324 ], [ -111.720424565299496, 40.574432871572085 ], [ -111.720462826100089, 40.574365066985806 ], [ -111.720539035836325, 40.574310538880709 ], [ -111.720516514798291, 40.574193565007107 ], [ -111.720554485454656, 40.574098735809812 ], [ -111.720600822251626, 40.574012863207273 ], [ -111.720639034315326, 40.573940554464592 ], [ -111.720684044544868, 40.573841176907827 ], [ -111.720752440319586, 40.573719131433691 ], [ -111.720814037679673, 40.5736241547284 ], [ -111.720860228807197, 40.573524769730085 ], [ -111.720928962351621, 40.573434252827987 ], [ -111.720997695711986, 40.57334373588516 ], [ -111.721073826497133, 40.573282000876432 ], [ -111.721172916932346, 40.573157961783096 ], [ -111.721226340433631, 40.573072044677211 ], [ -111.721264164377644, 40.572963702951853 ], [ -111.721309318149821, 40.572877837438767 ], [ -111.72134861342839, 40.572796512889049 ], [ -111.721378651313927, 40.572733263730754 ], [ -111.721433158816097, 40.572638330957119 ], [ -111.721470429765731, 40.572588549798915 ], [ -111.721531182423831, 40.572525108766783 ], [ -111.721586173404887, 40.572475216889963 ], [ -111.722202777876831, 40.572795680360684 ], [ -111.72213399827757, 40.572881693914411 ], [ -111.722095739995211, 40.572949499049919 ], [ -111.722035277999424, 40.573039964949018 ], [ -111.721989011477689, 40.573132143854259 ], [ -111.721935424313983, 40.57320274737782 ], [ -111.721889980686655, 40.573261588550167 ], [ -111.721828481989093, 40.573365574011177 ], [ -111.72177481703234, 40.573428970906932 ], [ -111.721707120815452, 40.573505968634173 ], [ -111.721638214045313, 40.573580271244388 ], [ -111.721584626159839, 40.573650874605974 ], [ -111.721515796520379, 40.573732383697234 ], [ -111.721477585520034, 40.573804692723463 ], [ -111.721431395123247, 40.573904077957714 ], [ -111.721395401550879, 40.573962859912818 ], [ -111.721340796203052, 40.574048784464878 ], [ -111.721309624708638, 40.574116545076834 ], [ -111.7212718002163, 40.574224886800501 ], [ -111.721233685410752, 40.574306203936125 ], [ -111.721188433882659, 40.574383061216004 ], [ -111.721126884733394, 40.574482542205708 ] ] ] ] } },
{ "type": "Feature", "properties": { "xid": 184, "name": "MORMON SLIDE", "size_of_sl": "MAJOR", "return_int": "INFREQUENT", "starting_z": "9400 FT.", "vertical_f": "3350 FT.", "distance_t": "5300 FT.", "starting_1": "SE-S", "Shape__Are": 253785.18, "Shape__Len": 3361.6293003199999 }, "geometry": { "type": "MultiPolygon", "coordinates": [ [ [ [ -111.741329748571303, 40.57394025340583 ], [ -111.741276201125373, 40.574012667349827 ], [ -111.741207345491247, 40.574089683887671 ], [ -111.741138688500243, 40.574184716688379 ], [ -111.741070379186212, 40.574311277979398 ], [ -111.741002119309115, 40.5744423433053 ], [ -111.740910380701109, 40.574587072363379 ], [ -111.740833602183912, 40.574695670250001 ], [ -111.740741763523729, 40.574831391022599 ], [ -111.740635747896931, 40.574967202616179 ], [ -111.740551731209891, 40.575062333535215 ], [ -111.740483072311761, 40.575157365947149 ], [ -111.740406143502739, 40.575252451323536 ], [ -111.740344671844625, 40.575356446372112 ], [ -111.740276508802467, 40.575496519418806 ], [ -111.740207362645435, 40.57565461629725 ], [ -111.740139199022408, 40.575794689260874 ], [ -111.740093580992124, 40.575943626525316 ], [ -111.740071044877382, 40.576042867565342 ], [ -111.740016610789112, 40.576142312947482 ], [ -111.739993826363573, 40.576219033593496 ], [ -111.740001956972989, 40.57631357376841 ], [ -111.740039672455495, 40.576412428806513 ], [ -111.740025356358316, 40.576507112776305 ], [ -111.740024283904148, 40.576624233866859 ], [ -111.740024839533021, 40.576781884061582 ], [ -111.739979319865185, 40.576939829413448 ], [ -111.739940690014421, 40.577079713040042 ], [ -111.739887098479542, 40.577255727623218 ], [ -111.739849798548406, 40.577409115871902 ], [ -111.739803047019322, 40.577562564636757 ], [ -111.739756196054486, 40.577707005231495 ], [ -111.739704569545395, 40.577846971992351 ], [ -111.739612674772033, 40.577978187776971 ], [ -111.739519647801913, 40.578113915126607 ], [ -111.739422291430714, 40.578285705246969 ], [ -111.739375786288747, 40.578461674201193 ], [ -111.739330511944473, 40.578642139646107 ], [ -111.739330251524947, 40.578833127513398 ], [ -111.739368402665889, 40.579078823095514 ], [ -111.739430888655519, 40.579281120730101 ], [ -111.739468068334943, 40.579438536415367 ], [ -111.739543799111502, 40.579663271141165 ], [ -111.739566652840111, 40.579807265327972 ], [ -111.739598025003886, 40.57997372691878 ], [ -111.739651159977697, 40.58018509305154 ], [ -111.739681499902616, 40.580365074388226 ], [ -111.739720457681315, 40.58057653125519 ], [ -111.739757440325533, 40.580715930511253 ], [ -111.739825886146235, 40.580922694091569 ], [ -111.739887978283164, 40.581088958813481 ], [ -111.739955829303881, 40.581241673437923 ], [ -111.740024633799493, 40.581373661718295 ], [ -111.740107477546886, 40.581492947713613 ], [ -111.740161836501642, 40.581600704757342 ], [ -111.74019237709004, 40.58179870218197 ], [ -111.740238049052451, 40.581975882437469 ], [ -111.740276592479361, 40.582149504842263 ], [ -111.740305604557022, 40.582315981292425 ], [ -111.740284506821126, 40.582545840318268 ], [ -111.740261651418848, 40.582723459691458 ], [ -111.740191167563353, 40.582868051790761 ], [ -111.740101223024979, 40.583069523822857 ], [ -111.740009719159303, 40.583236772420499 ], [ -111.739857420381924, 40.583462967393032 ], [ -111.739719637000434, 40.583612494614343 ], [ -111.739574565330628, 40.583744050782613 ], [ -111.739444753909808, 40.583866500304829 ], [ -111.739307803168515, 40.583984490986147 ], [ -111.739162878646113, 40.584129558853157 ], [ -111.739048128378457, 40.584224885223044 ], [ -111.738895568242384, 40.584320453343992 ], [ -111.7387045120702, 40.584461311327061 ], [ -111.738574648134417, 40.58457925581201 ], [ -111.738414749511008, 40.584652348281814 ], [ -111.738201581495318, 40.584716772199073 ], [ -111.737964534405293, 40.584758826346153 ], [ -111.737675201585333, 40.584774187602477 ], [ -111.737507371078067, 40.584770754889853 ], [ -111.737324130887004, 40.584762915909415 ], [ -111.737186773617154, 40.58473676627559 ], [ -111.73701135946483, 40.584688337367211 ], [ -111.736813545456855, 40.584644555463377 ], [ -111.736652606955801, 40.584623059995721 ], [ -111.736438646841933, 40.584615415515863 ], [ -111.736278988861542, 40.584602920138089 ], [ -111.736080092769598, 40.584568152648067 ], [ -111.735897758364231, 40.584535081060082 ], [ -111.735760086204692, 40.584480103651181 ], [ -111.735576745552294, 40.584355148454151 ], [ -111.735470206172295, 40.584229703987909 ], [ -111.735348208444691, 40.584095349052831 ], [ -111.735225718001672, 40.583915953239092 ], [ -111.735103376154498, 40.583750069507751 ], [ -111.735012691668175, 40.583669567586774 ], [ -111.734905858650947, 40.583517098117497 ], [ -111.734806263191871, 40.583378095670305 ], [ -111.734714643150099, 40.583212016072792 ], [ -111.734691601411114, 40.583050004628021 ], [ -111.734668954040387, 40.582924025778091 ], [ -111.734667574164192, 40.582797911659853 ], [ -111.734676926542846, 40.582680738059047 ], [ -111.734698930614869, 40.582531953261579 ], [ -111.73475283550566, 40.582382965546017 ], [ -111.73482968181159, 40.582278875758661 ], [ -111.734890331784555, 40.582206419687786 ], [ -111.734981503703793, 40.582115751825903 ], [ -111.735111320002616, 40.581993307241312 ], [ -111.735309811149591, 40.581883938541999 ], [ -111.735439086202675, 40.581820054099182 ], [ -111.735546060447447, 40.581769824686752 ], [ -111.735699014463577, 40.581710293560938 ], [ -111.735812879926172, 40.581642002451822 ], [ -111.735973758350369, 40.581550889754631 ], [ -111.736141478439919, 40.581437211282889 ], [ -111.73627926546294, 40.581287688243201 ], [ -111.736370384868806, 40.581192515222661 ], [ -111.736454168074317, 40.581074866950551 ], [ -111.736576940147444, 40.580956970008259 ], [ -111.736658750633566, 40.580767263917984 ], [ -111.736804756107801, 40.580613183438373 ], [ -111.736919894129159, 40.580445786522944 ], [ -111.737042268754706, 40.580291856488095 ], [ -111.737179556993951, 40.580097291629897 ], [ -111.737278498769442, 40.579961528441821 ], [ -111.737377242316924, 40.579807748868184 ], [ -111.737484601933971, 40.579685444937049 ], [ -111.737590532339198, 40.579540628074525 ], [ -111.737690653937278, 40.579404856990905 ], [ -111.737812090892632, 40.579273454066488 ], [ -111.737904386875442, 40.579178272299494 ], [ -111.73799525365196, 40.579060577631324 ], [ -111.738079031389034, 40.578942928185548 ], [ -111.738193427558272, 40.578816074231995 ], [ -111.738308219442658, 40.578725252767825 ], [ -111.738400167305059, 40.578598542081821 ], [ -111.738476805561419, 40.578476433586495 ], [ -111.738606162653909, 40.578313448437321 ], [ -111.738779819245011, 40.578096127125271 ], [ -111.738849565841065, 40.577992080019342 ], [ -111.738925707019064, 40.577824930473746 ], [ -111.739016322378347, 40.577684714629974 ], [ -111.739078682203271, 40.577553688282492 ], [ -111.739124253959631, 40.577400247355456 ], [ -111.739177897182799, 40.577228737187582 ], [ -111.739208853670519, 40.577142955632809 ], [ -111.739231292252214, 40.577034706614256 ], [ -111.739238669794503, 40.576953580330411 ], [ -111.73924708000375, 40.576858934257537 ], [ -111.73925425919785, 40.576759791667492 ], [ -111.739261240058866, 40.576642632772113 ], [ -111.739276837830943, 40.576556949480604 ], [ -111.739284413593495, 40.57649383949196 ], [ -111.739299812981628, 40.57639013989165 ], [ -111.739315063580122, 40.576272928059581 ], [ -111.739330760369413, 40.576196252908993 ], [ -111.739353644714654, 40.576128540539244 ], [ -111.739353198460933, 40.576088003853584 ], [ -111.739361558834531, 40.575988853684365 ], [ -111.739369125835552, 40.575817638291149 ], [ -111.739406326864696, 40.575655242000792 ], [ -111.739467543523247, 40.57542062165917 ], [ -111.739551920300428, 40.575250716281843 ], [ -111.739650979221565, 40.575126661652234 ], [ -111.739757335133845, 40.574914274077592 ], [ -111.739894555082202, 40.574715201900716 ], [ -111.739986296062256, 40.574570473631873 ], [ -111.740062877304183, 40.574443859988314 ], [ -111.740146447224092, 40.574308192724494 ], [ -111.740261079900975, 40.574203857109453 ], [ -111.740337709860725, 40.57408174736068 ], [ -111.740429062104511, 40.574009091540368 ], [ -111.740505106061462, 40.573941038174375 ], [ -111.740574260327492, 40.573891046507526 ], [ -111.740619836887134, 40.573845710360523 ], [ -111.740711674477438, 40.573709989671485 ], [ -111.740794378756377, 40.573603155607266 ], [ -111.740901950896159, 40.573501567263669 ], [ -111.740978628590298, 40.573383961168922 ], [ -111.741070464833996, 40.573248240195738 ], [ -111.741207241729128, 40.573116735195818 ], [ -111.741336780867329, 40.572971763293786 ], [ -111.741475471889885, 40.572799706127093 ], [ -111.741604126873, 40.57268176597028 ], [ -111.741725792834629, 40.572572879336207 ], [ -111.741833083361655, 40.572446067305577 ], [ -111.741909024639156, 40.572369004872009 ], [ -111.741970540950717, 40.572269513059297 ], [ -111.74200100689842, 40.572246795393703 ], [ -111.742688087432285, 40.572521652632155 ], [ -111.742611413710151, 40.572639259844102 ], [ -111.742519581412822, 40.572774982021912 ], [ -111.74243547054067, 40.572861106148281 ], [ -111.74232054487122, 40.572938419441677 ], [ -111.742222307127477, 40.573029138585419 ], [ -111.742153403811784, 40.573101651606166 ], [ -111.742084450586134, 40.573169660510544 ], [ -111.742024164750831, 40.57327364886163 ], [ -111.741931733389194, 40.573355321667535 ], [ -111.741840483159095, 40.573436986813775 ], [ -111.741749232707534, 40.573518651888769 ], [ -111.741688548157782, 40.573586607459816 ], [ -111.741611573102176, 40.573677189558168 ], [ -111.741550987725205, 40.573754153209123 ], [ -111.741512649208971, 40.573812956446538 ], [ -111.741458903176806, 40.573867354171142 ], [ -111.741382661414079, 40.573917391853392 ], [ -111.741329748571303, 40.57394025340583 ] ] ] ] } },
{ "type": "Feature", "properties": { "xid": 186, "name": null, "size_of_sl": null, "return_int": null, "starting_z": null, "vertical_f": null, "distance_t": null, "starting_1": null, "Shape__Are": 14149.15, "Shape__Len": 504.77824166900001 }, "geometry": { "type": "MultiPolygon", "coordinates": [ [ [ [ -111.631992211152863, 40.572540667088717 ], [ -111.632130479023573, 40.572670538513862 ], [ -111.632259805218851, 40.572854511650576 ], [ -111.632504022502474, 40.573069386513431 ], [ -111.632717143606754, 40.573243891468124 ], [ -111.632724372431966, 40.573509612141997 ], [ -111.632564728546711, 40.573744715811458 ], [ -111.632206089505559, 40.573674608519347 ], [ -111.631725594214259, 40.573461025390337 ], [ -111.631397165399363, 40.573336697430427 ], [ -111.631190543105461, 40.573099092764117 ], [ -111.631213909122991, 40.572819691558195 ], [ -111.631206263121825, 40.5725089289039 ], [ -111.631221697977679, 40.572265606303446 ], [ -111.631366408836769, 40.572075630169195 ], [ -111.631672211480122, 40.57205594078183 ], [ -111.631803093001693, 40.572154322115011 ], [ -111.631817189495592, 40.572271359738544 ], [ -111.631885713563534, 40.572397108481631 ], [ -111.631992211152863, 40.572540667088717 ] ] ] ] } },
{ "type": "Feature", "properties": { "xid": 187, "name": null, "size_of_sl": null, "return_int": null, "starting_z": null, "vertical_f": null, "distance_t": null, "starting_1": null, "Shape__Are": 105050.825, "Shape__Len": 1802.75101896 }, "geometry": { "type": "MultiPolygon", "coordinates": [ [ [ [ -111.608570168597879, 40.571734016463786 ], [ -111.608845185323744, 40.571966796952957 ], [ -111.609035510155579, 40.572109934999517 ], [ -111.60933313594191, 40.572229984725126 ], [ -111.609692521042064, 40.57238574306561 ], [ -111.610203041622853, 40.572531693222423 ], [ -111.610828356074535, 40.572568928231036 ], [ -111.611278213095403, 40.572539522198156 ], [ -111.611789542038792, 40.572514293294105 ], [ -111.612308164089143, 40.572511545544437 ], [ -111.612729636174606, 40.572608407918509 ], [ -111.613064386606283, 40.572782304057718 ], [ -111.61308743002661, 40.573106499591638 ], [ -111.612880914655662, 40.573391373507071 ], [ -111.61246096668296, 40.573591794948975 ], [ -111.611705040896595, 40.57361381787728 ], [ -111.610989111180629, 40.573486978661876 ], [ -111.610249163532117, 40.573317019503548 ], [ -111.609638934608469, 40.573120245492866 ], [ -111.609005465517612, 40.57296593226463 ], [ -111.607922423590352, 40.572741911644925 ], [ -111.607189278014928, 40.572669192406622 ], [ -111.606167022478814, 40.572634021230186 ], [ -111.605244206279565, 40.572620842135819 ], [ -111.604359287650396, 40.572355210126723 ], [ -111.603961956025771, 40.572050987833549 ], [ -111.603915863306781, 40.571654840169323 ], [ -111.603984726709399, 40.571298631238413 ], [ -111.604335276419164, 40.570999506409372 ], [ -111.604892877048229, 40.570865959967506 ], [ -111.605572393427408, 40.570889426401656 ], [ -111.606326741491827, 40.570957540267685 ], [ -111.606876636717175, 40.571017714614875 ], [ -111.607334795046043, 40.571123412833074 ], [ -111.607784481580126, 40.571206631720152 ], [ -111.608112857060746, 40.571331027251794 ], [ -111.608363957887164, 40.571532403889904 ], [ -111.608570168597879, 40.571734016463786 ] ] ] ] } },
{ "type": "Feature", "properties": { "xid": 188, "name": "GOAT", "size_of_sl": null, "return_int": null, "starting_z": null, "vertical_f": null, "distance_t": null, "starting_1": null, "Shape__Are": 153620.755, "Shape__Len": 3166.4074126700002 }, "geometry": { "type": "MultiPolygon", "coordinates": [ [ [ [ -111.712445061271325, 40.577446253767313 ], [ -111.712483023686787, 40.577572142733786 ], [ -111.712498175744457, 40.577663938967085 ], [ -111.712528648330391, 40.577752037180183 ], [ -111.712558197621533, 40.577864464819392 ], [ -111.712581423018634, 40.578049001798753 ], [ -111.71258905076408, 40.578211113006375 ], [ -111.712589446470915, 40.578359755634118 ], [ -111.712604688735027, 40.57857136821341 ], [ -111.712619644332065, 40.578755956177382 ], [ -111.712620470289153, 40.578945135696486 ], [ -111.712605138125554, 40.57917045005189 ], [ -111.712589614692021, 40.579377747995991 ], [ -111.712566059835623, 40.579607617449028 ], [ -111.712551478712626, 40.579792387585975 ], [ -111.712543890804113, 40.579968105788957 ], [ -111.712551853296731, 40.580161745642847 ], [ -111.712528380344523, 40.580288013480718 ], [ -111.712505241841356, 40.580445810009081 ], [ -111.712490182503487, 40.580585539119774 ], [ -111.712475457630873, 40.580756796921442 ], [ -111.712467487140003, 40.580896482298733 ], [ -111.712444574051929, 40.580964189530029 ], [ -111.712444969543697, 40.581112832090298 ], [ -111.712398821761795, 40.581329327604927 ], [ -111.712360848671139, 40.581536763894391 ], [ -111.712345419606123, 40.581753069929604 ], [ -111.712291465327667, 40.581902047621206 ], [ -111.712215718026798, 40.582001611329659 ], [ -111.712124515256662, 40.582092261483041 ], [ -111.712184737583712, 40.582199995638867 ], [ -111.712230364754348, 40.58237989003981 ], [ -111.712284664192538, 40.582597567840565 ], [ -111.712276830320462, 40.58286157355527 ], [ -111.712200021615317, 40.58319537218879 ], [ -111.712169852769136, 40.583470326116974 ], [ -111.712146581874279, 40.58372721993085 ], [ -111.712071262242262, 40.58386732040838 ], [ -111.711879290838894, 40.58392706074477 ], [ -111.711727622945247, 40.583887455819522 ], [ -111.711620985349299, 40.583748476668454 ], [ -111.711505647837626, 40.58356901147372 ], [ -111.711467540518214, 40.583429610034479 ], [ -111.711376729925234, 40.583222967275269 ], [ -111.711330627269447, 40.582998031561509 ], [ -111.711352958134682, 40.582763665626274 ], [ -111.711368486019651, 40.582556367930508 ], [ -111.711385565642004, 40.582272485986444 ], [ -111.711445036488584, 40.581974829766992 ], [ -111.711361280737449, 40.581876248932439 ], [ -111.711299926224754, 40.581773025702851 ], [ -111.711230958070701, 40.581620300986778 ], [ -111.711201266138076, 40.581494360775849 ], [ -111.711125066385961, 40.581328167330092 ], [ -111.711033459824051, 40.581157564270534 ], [ -111.7109491811499, 40.581009438002759 ], [ -111.710865141258026, 40.580883832170848 ], [ -111.710803836110173, 40.580785112747051 ], [ -111.710743092889572, 40.58062783270293 ], [ -111.710681873275078, 40.580425511606457 ], [ -111.710628304786425, 40.580164586268239 ], [ -111.710606313076667, 40.579984545758187 ], [ -111.710606245255377, 40.579754822025059 ], [ -111.710621536572091, 40.579525003797912 ], [ -111.710637066112426, 40.579317706072096 ], [ -111.710689401414882, 40.579015589590931 ], [ -111.710743918784473, 40.578808051960372 ], [ -111.710810907417951, 40.578550889200841 ], [ -111.710894721919118, 40.578320649222967 ], [ -111.710972771678129, 40.578103957846594 ], [ -111.711041113111989, 40.577974711461927 ], [ -111.711101241425254, 40.577850920869743 ], [ -111.711140313464867, 40.577747079218241 ], [ -111.711139407270934, 40.577661501259797 ], [ -111.711155184282049, 40.577589333784303 ], [ -111.71116320490674, 40.577454152501495 ], [ -111.711155114704255, 40.577359609972447 ], [ -111.711154912988576, 40.577228983701154 ], [ -111.711125223259245, 40.57710304335783 ], [ -111.711088015879511, 40.576936609705342 ], [ -111.711055868191295, 40.576801675673032 ], [ -111.711025092796817, 40.576684750771648 ], [ -111.710978625292, 40.576536391658728 ], [ -111.710948793179341, 40.57639693893686 ], [ -111.71089538059654, 40.576262135719162 ], [ -111.710857660289989, 40.576158766694057 ], [ -111.710788842092825, 40.576019553823322 ], [ -111.710750788434325, 40.575884656022488 ], [ -111.710719871024239, 40.575754218698336 ], [ -111.710689287362825, 40.575655310097879 ], [ -111.710658560817905, 40.575542889171196 ], [ -111.710620765045491, 40.575432313480867 ], [ -111.710559627003576, 40.575237198664382 ], [ -111.71051420002118, 40.575075319726487 ], [ -111.710476528637912, 40.574976454651079 ], [ -111.710429873010426, 40.574810078829543 ], [ -111.710407131169319, 40.574670582317182 ], [ -111.710407169192109, 40.57456247650299 ], [ -111.710392601882674, 40.574413920911226 ], [ -111.710384560830505, 40.574323882372937 ], [ -111.710369240984647, 40.574215870995296 ], [ -111.71036785951982, 40.574085251903654 ], [ -111.710368983719931, 40.57396813059983 ], [ -111.710383903279222, 40.573814889261094 ], [ -111.710384408172786, 40.573639214561318 ], [ -111.710415819106814, 40.573481367394692 ], [ -111.710438207761015, 40.57336411530428 ], [ -111.710460834546936, 40.573269383743906 ], [ -111.710522255555091, 40.573156395971026 ], [ -111.710606169797131, 40.573047774200681 ], [ -111.710681671314759, 40.572925690922759 ], [ -111.710750322742868, 40.572826171742697 ], [ -111.710820107656076, 40.572722141145405 ], [ -111.710895846772758, 40.572622578263633 ], [ -111.710973005386904, 40.572545528598106 ], [ -111.711032491297829, 40.572473092059845 ], [ -111.711155483634798, 40.572373238146852 ], [ -111.711231364939465, 40.57228718736841 ], [ -111.71132354635462, 40.572178514166019 ], [ -111.711438029816279, 40.572056190338472 ], [ -111.711574958274554, 40.571933728141666 ], [ -111.711689345421306, 40.571802395852849 ], [ -111.711818898529927, 40.57165295239389 ], [ -111.711925445045466, 40.571562207791793 ], [ -111.712010631862825, 40.571462585941276 ], [ -111.712116795824585, 40.571335808307396 ], [ -111.712238412121138, 40.571217944106728 ], [ -111.712360075757189, 40.571104583886253 ], [ -111.712482168941818, 40.571031760501889 ], [ -111.712589990459605, 40.570950016221062 ], [ -111.712749646353544, 40.570854438831574 ], [ -111.712902519819067, 40.57078773124833 ], [ -111.713047324573012, 40.570739991754486 ], [ -111.713275925977328, 40.570684527666842 ], [ -111.713374979609043, 40.570778508456875 ], [ -111.713344375485391, 40.570900316287741 ], [ -111.713284238228894, 40.571022306465885 ], [ -111.713191918105423, 40.571117468895686 ], [ -111.713115308776509, 40.571245866837778 ], [ -111.713039985669425, 40.571384166470587 ], [ -111.712941169511311, 40.571535223367029 ], [ -111.712872742521739, 40.571655462720869 ], [ -111.712779813152011, 40.571804681386048 ], [ -111.712628055418378, 40.571976784899441 ], [ -111.712536115294043, 40.572107979656927 ], [ -111.71241459347695, 40.572234852374343 ], [ -111.712315277932547, 40.572339066032654 ], [ -111.712185533612185, 40.572470493607966 ], [ -111.712086121867969, 40.572565698858718 ], [ -111.711994979293678, 40.572660853056711 ], [ -111.711895471525665, 40.572747049932623 ], [ -111.711811416557083, 40.572842160305811 ], [ -111.711719521393491, 40.57297785852338 ], [ -111.711650823537127, 40.573072874159855 ], [ -111.711581743756525, 40.573131856905889 ], [ -111.711498630672295, 40.573204439244904 ], [ -111.711430075393849, 40.573312967069583 ], [ -111.711399418942904, 40.573430270265298 ], [ -111.711353929350764, 40.573597213191313 ], [ -111.711353045375205, 40.57373685502759 ], [ -111.711331135213726, 40.573899148334199 ], [ -111.711353974092134, 40.574047652880658 ], [ -111.711383996749873, 40.574205121978373 ], [ -111.71145319594018, 40.574380367386382 ], [ -111.711475844420789, 40.5745108554718 ], [ -111.711506619547265, 40.57462778029867 ], [ -111.711559041488655, 40.574780606969206 ], [ -111.711605222675601, 40.574901941264152 ], [ -111.711666618949835, 40.575009668607429 ], [ -111.711742669449222, 40.575162349612654 ], [ -111.711804066186971, 40.575270076874162 ], [ -111.711865319906281, 40.575364291786819 ], [ -111.711925726603027, 40.575490042673252 ], [ -111.712001444007797, 40.575611194758686 ], [ -111.712063605628387, 40.575790987526482 ], [ -111.712138954113911, 40.575988716552409 ], [ -111.712155089165392, 40.576173297391179 ], [ -111.712185496818989, 40.576366799024022 ], [ -111.712208625087072, 40.576542327933083 ], [ -111.712231323589236, 40.576677319906054 ], [ -111.712261881342215, 40.57677352559611 ], [ -111.71233039762879, 40.576883911282621 ], [ -111.712383718041735, 40.577009705589049 ], [ -111.712421680083892, 40.577135594588206 ], [ -111.712429676476361, 40.577221128812994 ], [ -111.712444952606418, 40.577324635725589 ], [ -111.712445061271325, 40.577446253767313 ] ] ] ] } },
{ "type": "Feature", "properties": { "xid": 189, "name": "COALPIT - COALPIT # 4", "size_of_sl": "MAJOR", "return_int": "OCCASIONAL", "starting_z": "9500 FT.", "vertical_f": "3500 FT.", "distance_t": "6500 FT.", "starting_1": "NE-N-NW", "Shape__Are": 778244.94, "Shape__Len": 4512.1950246799997 }, "geometry": { "type": "MultiPolygon", "coordinates": [ [ [ [ -111.750606863887825, 40.559488790591516 ], [ -111.750713968698975, 40.559560165124203 ], [ -111.750774433148308, 40.559685895521092 ], [ -111.750783207015942, 40.559942589543773 ], [ -111.750774311615899, 40.559992195798436 ], [ -111.750751494384403, 40.56006441454484 ], [ -111.750690203309858, 40.560181927336082 ], [ -111.750652836356736, 40.560326311066952 ], [ -111.750622606313129, 40.560475152814895 ], [ -111.750584158551533, 40.56062855234687 ], [ -111.750522967294501, 40.560755073198628 ], [ -111.750492485265696, 40.560881394522475 ], [ -111.750461852220155, 40.560994203606711 ], [ -111.750431269374573, 40.561111516758118 ], [ -111.750378194486856, 40.561224471592077 ], [ -111.750325220009884, 40.561346434554061 ], [ -111.750286268190166, 40.561454793210231 ], [ -111.750232866538951, 40.561644324944531 ], [ -111.750193085252576, 40.561784219771063 ], [ -111.750133676766097, 40.561964781651596 ], [ -111.750049463707469, 40.562145504544141 ], [ -111.750019684038989, 40.562334882791177 ], [ -111.74995034794928, 40.562578570647155 ], [ -111.749881941205615, 40.562799730409679 ], [ -111.749829517518222, 40.562971237963311 ], [ -111.749789985949491, 40.563133653011725 ], [ -111.74972165367555, 40.563255715339508 ], [ -111.749676165546603, 40.563413664596865 ], [ -111.749630576707787, 40.563562605682982 ], [ -111.749584736432269, 40.563689026371989 ], [ -111.74949225150084, 40.563869802486231 ], [ -111.749424470569352, 40.564041409462554 ], [ -111.749340152612959, 40.564213123663052 ], [ -111.749233491980831, 40.564393991506734 ], [ -111.749172445513622, 40.564534023839641 ], [ -111.749126653957262, 40.564664948414404 ], [ -111.749019992048659, 40.564845816058359 ], [ -111.74896668468493, 40.565044355302312 ], [ -111.748943285153359, 40.565170630218581 ], [ -111.748889776502438, 40.565351153120972 ], [ -111.748821012174645, 40.5655407836827 ], [ -111.74878393957728, 40.565712191185966 ], [ -111.748714773048391, 40.565865789081997 ], [ -111.748668778967172, 40.565978697163033 ], [ -111.748600113770763, 40.566177335732945 ], [ -111.748547333017427, 40.566317314136626 ], [ -111.7485098578763, 40.566452688944281 ], [ -111.748462581473945, 40.566556596443434 ], [ -111.748394193216456, 40.566674153892087 ], [ -111.748332691468818, 40.566773649091843 ], [ -111.748264302767694, 40.566891206463175 ], [ -111.748195813508559, 40.566999755645249 ], [ -111.748134561958167, 40.567121771110251 ], [ -111.748089546700285, 40.567216655005886 ], [ -111.748050638155703, 40.567329516935061 ], [ -111.748027865766858, 40.567406239174467 ], [ -111.747998005829487, 40.56748300730036 ], [ -111.747982120247869, 40.56754166734197 ], [ -111.747967215305579, 40.567582303436652 ], [ -111.747921569836436, 40.567726739726147 ], [ -111.747875194185028, 40.567911720308182 ], [ -111.747837666707298, 40.568042590806719 ], [ -111.747806925838375, 40.568146390968849 ], [ -111.747798679013101, 40.568254549911671 ], [ -111.747799051974908, 40.568394183841058 ], [ -111.747813850849056, 40.568556246373234 ], [ -111.747844736339161, 40.568677665179372 ], [ -111.747890677630551, 40.568771960116102 ], [ -111.747936568906155, 40.56886175095881 ], [ -111.748004854388114, 40.568946892381923 ], [ -111.748081208356027, 40.569013963923503 ], [ -111.748157813285417, 40.569103555775811 ], [ -111.74828762617355, 40.569197307328928 ], [ -111.748516359009571, 40.569368794335702 ], [ -111.74863828539965, 40.569496830006891 ], [ -111.748722129946742, 40.569599887748481 ], [ -111.748814042944346, 40.569684875538634 ], [ -111.748951598422082, 40.569837133301874 ], [ -111.749042330744174, 40.569922128560144 ], [ -111.74911878731649, 40.569998207527604 ], [ -111.749179786765239, 40.5700653778947 ], [ -111.749249155881188, 40.570141502737243 ], [ -111.749279090192204, 40.570177343755006 ], [ -111.749317595065264, 40.57024015555109 ], [ -111.749340843612572, 40.570312075090364 ], [ -111.749416848734583, 40.570347617214843 ], [ -111.749485037112422, 40.570423749570523 ], [ -111.749577102987502, 40.570522248933287 ], [ -111.749652681137533, 40.570625359613054 ], [ -111.749722172019858, 40.570712293921865 ], [ -111.749805170272566, 40.570845085353881 ], [ -111.749881930451252, 40.570948188204021 ], [ -111.749935718328402, 40.571109997280502 ], [ -111.749995865648614, 40.571312304598948 ], [ -111.750019040385396, 40.571483321164692 ], [ -111.750004463219341, 40.571659087225441 ], [ -111.749934841005441, 40.571772149106124 ], [ -111.749835635117037, 40.571880898580311 ], [ -111.74970639299184, 40.571944798953709 ], [ -111.74954658685121, 40.572022410687097 ], [ -111.749424482408898, 40.572090768826534 ], [ -111.749271361647132, 40.572132301647365 ], [ -111.749080588762666, 40.572187591611687 ], [ -111.748921229455377, 40.5721994354153 ], [ -111.748783344953296, 40.572230058262107 ], [ -111.748622733875678, 40.572235603614999 ], [ -111.748455034769165, 40.572241194668742 ], [ -111.748279467701934, 40.572282871605196 ], [ -111.748112370413963, 40.572342511004159 ], [ -111.747943991183746, 40.572393149671619 ], [ -111.747776692749085, 40.572434772307481 ], [ -111.747623419758455, 40.572462790745838 ], [ -111.747531425825812, 40.572476899269319 ], [ -111.747371716099934, 40.572563516161644 ], [ -111.74724237007176, 40.572618405661494 ], [ -111.747143287799418, 40.572632559727566 ], [ -111.747036236656456, 40.57267379161204 ], [ -111.746943211223652, 40.572701419522886 ], [ -111.746830102896268, 40.572729177197225 ], [ -111.746707493661233, 40.572752491779958 ], [ -111.746609542350299, 40.572762133683106 ], [ -111.746510309551397, 40.572762774994622 ], [ -111.746388380986133, 40.572741040890264 ], [ -111.746280678646158, 40.57272371914744 ], [ -111.746181145682797, 40.572697335744806 ], [ -111.746074524748281, 40.572670998033864 ], [ -111.745946539719682, 40.572635789391988 ], [ -111.745845775660726, 40.572604909253734 ], [ -111.745677475320448, 40.572556447416027 ], [ -111.745556428765553, 40.57250768036581 ], [ -111.7454282443735, 40.572454454852405 ], [ -111.74533451886424, 40.572419024451335 ], [ -111.745266882804131, 40.572392434451885 ], [ -111.745143674028142, 40.572361698497872 ], [ -111.745052361426048, 40.572330756697887 ], [ -111.744961980476717, 40.572277286839324 ], [ -111.744862198946478, 40.572228381920006 ], [ -111.744762467500408, 40.57218398098653 ], [ -111.744670855712073, 40.57212601443738 ], [ -111.744572355801012, 40.572086109795251 ], [ -111.744487982054864, 40.572041609634205 ], [ -111.744411877729718, 40.571997056122449 ], [ -111.744335224489916, 40.571902957741244 ], [ -111.744289585403237, 40.571835685863164 ], [ -111.74424389650467, 40.571763909890883 ], [ -111.744228922145552, 40.571691936025722 ], [ -111.744236293157272, 40.571610809406423 ], [ -111.744236576221937, 40.571529728450159 ], [ -111.744252116644006, 40.57143954040292 ], [ -111.744258555807548, 40.571380941764446 ], [ -111.744274096168652, 40.571290753712525 ], [ -111.744297306822347, 40.571146463478755 ], [ -111.744319984870444, 40.571060733825234 ], [ -111.744365939726464, 40.570943323404151 ], [ -111.744404024564346, 40.570861998851534 ], [ -111.744450328555104, 40.570776116921657 ], [ -111.744503171155813, 40.570640644466302 ], [ -111.744556412929612, 40.570541204587435 ], [ -111.744595279215844, 40.570423839754078 ], [ -111.744640251582297, 40.570324453134631 ], [ -111.744679167532411, 40.570211592346439 ], [ -111.744716951990782, 40.570103243234911 ], [ -111.744785400053516, 40.569990192020427 ], [ -111.744846860015087, 40.569886194616515 ], [ -111.744923476785175, 40.569764081851815 ], [ -111.744982324003644, 40.569637579232776 ], [ -111.74504471486182, 40.56951105372702 ], [ -111.745098986372852, 40.569398093748305 ], [ -111.745144639008871, 40.569253658552036 ], [ -111.745205797971209, 40.569122636500694 ], [ -111.745243181262168, 40.568978254603628 ], [ -111.745265757475309, 40.568883516597928 ], [ -111.7452892150867, 40.568761746510631 ], [ -111.74531252270576, 40.568626464188945 ], [ -111.745326961708017, 40.568437186297544 ], [ -111.745319556265088, 40.568302102119937 ], [ -111.745304763468823, 40.568140039207449 ], [ -111.745280970379881, 40.568018573943299 ], [ -111.745243833796266, 40.567865663960461 ], [ -111.745212903430286, 40.567739740320327 ], [ -111.745166536965087, 40.567606709201229 ], [ -111.74512844942997, 40.567474525540071 ], [ -111.745090332076742, 40.567339639415742 ], [ -111.745074908304105, 40.567227128909288 ], [ -111.745068003049155, 40.567137085455613 ], [ -111.744999306097796, 40.566907804120937 ], [ -111.744961239285402, 40.566777422013438 ], [ -111.744907966378349, 40.566660651142669 ], [ -111.744869800016502, 40.566521260840616 ], [ -111.744800921808135, 40.566382068533287 ], [ -111.744740482243756, 40.566258136740522 ], [ -111.744701514671988, 40.566152984979844 ], [ -111.744633036560217, 40.566049825186369 ], [ -111.744587251491851, 40.565969041089382 ], [ -111.744457583166096, 40.56578069195367 ], [ -111.744380757438861, 40.565670378754866 ], [ -111.744297054231239, 40.56557902829676 ], [ -111.744236696165245, 40.565462302735902 ], [ -111.74415281382332, 40.565354737479204 ], [ -111.744092655743955, 40.565256028153875 ], [ -111.744015512011941, 40.565116888579773 ], [ -111.743946686921959, 40.564982199781255 ], [ -111.743885148809056, 40.564865481621354 ], [ -111.743824841978892, 40.564753259899483 ], [ -111.743741743532439, 40.564609654066864 ], [ -111.743671838031659, 40.564483980849694 ], [ -111.743595976968408, 40.564353841519605 ], [ -111.74352637106864, 40.564255192691213 ], [ -111.743442292044961, 40.56412961054756 ], [ -111.743359245034625, 40.563990508491912 ], [ -111.74327551543702, 40.563896454787461 ], [ -111.743213979507757, 40.563779736229129 ], [ -111.743168781096699, 40.563644894926618 ], [ -111.743092971787277, 40.563519259312649 ], [ -111.743015632936249, 40.563362102663831 ], [ -111.742931257198165, 40.56320949561519 ], [ -111.742864450056786, 40.563043262319695 ], [ -111.742824226511914, 40.562930910887886 ], [ -111.742748803229318, 40.562733202094904 ], [ -111.742679684482965, 40.562571487942357 ], [ -111.742603130660058, 40.56237829071172 ], [ -111.742557735359526, 40.562225432783457 ], [ -111.742473262586273, 40.5620638171808 ], [ -111.742390269952111, 40.56192921842306 ], [ -111.742328438858095, 40.561785474818173 ], [ -111.742282746073187, 40.561605592250167 ], [ -111.742237869463594, 40.561499576645453 ], [ -111.742168952242764, 40.561355878470266 ], [ -111.74209253064825, 40.561174391456824 ], [ -111.742061858140772, 40.561070987174716 ], [ -111.741992941748222, 40.560927288876755 ], [ -111.741901584118182, 40.560783734652276 ], [ -111.74186332805138, 40.560635334960153 ], [ -111.741817736780618, 40.560464460326571 ], [ -111.741764661257008, 40.56025759848152 ], [ -111.741741312948719, 40.56006856336495 ], [ -111.741733667313596, 40.559910958259181 ], [ -111.741741525366038, 40.55976676682485 ], [ -111.741756420352274, 40.559618025799139 ], [ -111.741771812445094, 40.559514325635433 ], [ -111.741810528365221, 40.559383449269184 ], [ -111.741794416055811, 40.55920788088978 ], [ -111.741794839275855, 40.55903220632969 ], [ -111.741771441645071, 40.558838667089113 ], [ -111.741764193841789, 40.558717094650099 ], [ -111.74177156664571, 40.558635967993162 ], [ -111.741762938918072, 40.558496386783183 ], [ -111.741763879271943, 40.558367554712277 ], [ -111.741764630712396, 40.558221607105224 ], [ -111.741786661587199, 40.558077324626872 ], [ -111.741802003600213, 40.557969120347273 ], [ -111.741833632126216, 40.557838289448874 ], [ -111.741848824858224, 40.557716572895664 ], [ -111.741855302525082, 40.557554372635124 ], [ -111.741901053935564, 40.557418946612067 ], [ -111.741924265351841, 40.557274656507779 ], [ -111.741939706427246, 40.557175460375234 ], [ -111.741977836389026, 40.557098640560909 ], [ -111.742100070717683, 40.557043802554439 ], [ -111.742168423427032, 40.557029850244113 ], [ -111.74227506771895, 40.5570606959514 ], [ -111.742359271806393, 40.557091685758131 ], [ -111.742459178178748, 40.55715410544444 ], [ -111.742542300925393, 40.557194110881341 ], [ -111.742633691266875, 40.557234063112695 ], [ -111.742733349217417, 40.557273962118728 ], [ -111.74288763533535, 40.557340536216152 ], [ -111.743038229141362, 40.557393620631778 ], [ -111.74322189326881, 40.557446492104454 ], [ -111.74337460061831, 40.55747704044628 ], [ -111.743512053782368, 40.557516695573803 ], [ -111.743702555854199, 40.557547000236013 ], [ -111.743961879641006, 40.557605689619123 ], [ -111.744221163970536, 40.557660775146985 ], [ -111.744426388502376, 40.557740532246669 ], [ -111.744640613007917, 40.557779691308852 ], [ -111.744892100254376, 40.557877167005437 ], [ -111.745053226687688, 40.557921172057185 ], [ -111.745267851705478, 40.557996362622035 ], [ -111.745487001685234, 40.558053505961176 ], [ -111.745730954827337, 40.558110488780933 ], [ -111.745921709494169, 40.558163310174848 ], [ -111.74618898507336, 40.558193114999405 ], [ -111.746356599352566, 40.558183023447455 ], [ -111.746547685201449, 40.558159266760853 ], [ -111.74671646040207, 40.558147365422514 ], [ -111.746944229745964, 40.558129677137586 ], [ -111.747265535066035, 40.558132103690951 ], [ -111.747402891617668, 40.558162745988213 ], [ -111.747662250959451, 40.558224129457898 ], [ -111.74785275680884, 40.558254427238182 ], [ -111.747982096907208, 40.558307642767495 ], [ -111.748288071470753, 40.558418271470771 ], [ -111.748470962634698, 40.558507174823198 ], [ -111.748676545941024, 40.558618452856166 ], [ -111.748866625110963, 40.558716317804986 ], [ -111.74899744918433, 40.558796549001663 ], [ -111.749118774576957, 40.558872337236458 ], [ -111.749294481027931, 40.558952277050331 ], [ -111.749416787221961, 40.559010040986905 ], [ -111.749592293422339, 40.559071964023182 ], [ -111.749728823564212, 40.559134139739349 ], [ -111.749859247406789, 40.559178337308239 ], [ -111.750019299553998, 40.55923135119032 ], [ -111.750172164762759, 40.559275402708664 ], [ -111.750316812719987, 40.559324011797919 ], [ -111.750461712379163, 40.559395141093241 ], [ -111.750606863887825, 40.559488790591516 ] ] ] ] } },
{ "type": "Feature", "properties": { "xid": 195, "name": null, "size_of_sl": null, "return_int": null, "starting_z": null, "vertical_f": null, "distance_t": null, "starting_1": null, "Shape__Are": 38280.55, "Shape__Len": 870.675723318 }, "geometry": { "type": "MultiPolygon", "coordinates": [ [ [ [ -111.610394258246188, 40.570562253360627 ], [ -111.610576763291405, 40.570754978800814 ], [ -111.610821348189845, 40.570888818303828 ], [ -111.610981204929459, 40.571059140760966 ], [ -111.611194469082278, 40.571256206932851 ], [ -111.611438777655934, 40.571489143717145 ], [ -111.6116604780768, 40.571704182018095 ], [ -111.611652839866494, 40.572033044776298 ], [ -111.61130971905817, 40.572106931642104 ], [ -111.610943004465966, 40.572054818644311 ], [ -111.610615275399851, 40.572002498419593 ], [ -111.610164639130716, 40.571815694041824 ], [ -111.609943879052892, 40.571573621406088 ], [ -111.609653502611465, 40.571340924581783 ], [ -111.609302310950582, 40.57117611403379 ], [ -111.608913317942623, 40.571011501666625 ], [ -111.608608608160495, 40.570760860065207 ], [ -111.608379300619191, 40.570356670402887 ], [ -111.608394450668669, 40.570072812346147 ], [ -111.608493839973974, 40.56969842224256 ], [ -111.608715028461035, 40.569467531671364 ], [ -111.609149753677954, 40.569465240187618 ], [ -111.609547252719992, 40.569656833441023 ], [ -111.609798801240629, 40.569907753247215 ], [ -111.610004402460049, 40.570172428371244 ], [ -111.61019509283183, 40.570356102376095 ], [ -111.610394258246188, 40.570562253360627 ] ] ] ] } },
{ "type": "Feature", "properties": { "xid": 196, "name": "MAYBIRD", "size_of_sl": "MAJOR", "return_int": "OCCASIONAL", "starting_z": "10450 FT.", "vertical_f": "3450 FT.", "distance_t": "7050 FT.", "starting_1": "S-SE", "Shape__Are": 370012.065, "Shape__Len": 5097.2428398499997 }, "geometry": { "type": "MultiPolygon", "coordinates": [ [ [ [ -111.711521218330105, 40.570875524806603 ], [ -111.711620878550818, 40.570915450544696 ], [ -111.711803279031557, 40.570959370804623 ], [ -111.711979534444836, 40.570980806640748 ], [ -111.712116949621532, 40.571015994847791 ], [ -111.712162603854907, 40.57108778383224 ], [ -111.712161900050845, 40.571132832187224 ], [ -111.712078551309688, 40.571182894406256 ], [ -111.711948796602883, 40.571201711763287 ], [ -111.711773626490341, 40.571171260392042 ], [ -111.711551442146785, 40.5711636203593 ], [ -111.711292875276214, 40.571178725932043 ], [ -111.711048817917842, 40.571225272430048 ], [ -111.710895817651419, 40.571280266897304 ], [ -111.710751086422306, 40.571335210285874 ], [ -111.710536818579811, 40.571405896183997 ], [ -111.710384979751254, 40.571459081070351 ], [ -111.710216906835953, 40.571541193735861 ], [ -111.710056111948148, 40.571641279027652 ], [ -111.709889171904933, 40.571718879850835 ], [ -111.70975176486192, 40.571796298985724 ], [ -111.709575420962281, 40.571878461533373 ], [ -111.709407536272778, 40.571978589469197 ], [ -111.709240031542038, 40.572114750038061 ], [ -111.709118123039573, 40.5722055864656 ], [ -111.708980904269225, 40.572301021130329 ], [ -111.70884397029792, 40.572423480290482 ], [ -111.708721164492175, 40.572541348209015 ], [ -111.708591840331877, 40.57271330879059 ], [ -111.708499796271582, 40.572835492174697 ], [ -111.708416448907116, 40.57299816175847 ], [ -111.708333053645148, 40.573156327171546 ], [ -111.708294359788724, 40.573296200844183 ], [ -111.708271118506502, 40.573444988559409 ], [ -111.708232614333383, 40.573602878643356 ], [ -111.708233142702468, 40.573765033812244 ], [ -111.708232964637958, 40.57397223730797 ], [ -111.708256224157509, 40.57416127950053 ], [ -111.708271119157047, 40.574341364167928 ], [ -111.708331945709915, 40.574507653995333 ], [ -111.708354920699335, 40.574669671497688 ], [ -111.70837075996576, 40.574827228348902 ], [ -111.70839340262954, 40.574957717077702 ], [ -111.708386035487536, 40.575043345839916 ], [ -111.708385918213651, 40.575144245099381 ], [ -111.70839361141428, 40.575313563325217 ], [ -111.708408174529623, 40.575462119181545 ], [ -111.70844735713456, 40.575592506452772 ], [ -111.708461920438111, 40.575741062293645 ], [ -111.708477807757163, 40.575903123203943 ], [ -111.708484528952766, 40.576092266715172 ], [ -111.708493090363802, 40.576231850553036 ], [ -111.708507511380503, 40.57636689404972 ], [ -111.708523113877703, 40.576501930294725 ], [ -111.708546470229621, 40.576699980545051 ], [ -111.708560938987702, 40.576839528128687 ], [ -111.708591852743055, 40.576969966037339 ], [ -111.708606701850059, 40.577145546455519 ], [ -111.708629488394322, 40.577289547393093 ], [ -111.708659981510237, 40.577492058209216 ], [ -111.708669820001958, 40.577640642959004 ], [ -111.708659716626201, 40.577802863234901 ], [ -111.708652261264092, 40.57799209364201 ], [ -111.70863766965158, 40.578176863423856 ], [ -111.70865247166202, 40.578347939691405 ], [ -111.708667979908327, 40.578473967654645 ], [ -111.708667613261781, 40.578663154552821 ], [ -111.708675374247036, 40.578838778394314 ], [ -111.708698446762426, 40.579009803896923 ], [ -111.708728845871605, 40.579203306418009 ], [ -111.708752108810032, 40.579392348313355 ], [ -111.708797392004357, 40.579540715523173 ], [ -111.708850708004221, 40.579666511440763 ], [ -111.708888950295758, 40.579819426208182 ], [ -111.708995766133569, 40.579976424489111 ], [ -111.709126640192821, 40.58017381453444 ], [ -111.709262756438463, 40.580308110706724 ], [ -111.70937732096678, 40.58041551269698 ], [ -111.709507340399895, 40.580531828434808 ], [ -111.709621715312707, 40.580621213762761 ], [ -111.709751592749427, 40.580724016908285 ], [ -111.709866444457504, 40.580858443004644 ], [ -111.709950149118413, 40.580952520867861 ], [ -111.710087450096978, 40.58108680876164 ], [ -111.710171250625137, 40.5811898946586 ], [ -111.710262188068199, 40.581297441003727 ], [ -111.710331010745492, 40.581436654025254 ], [ -111.710407303970527, 40.581611856208717 ], [ -111.710445503316805, 40.581760266269811 ], [ -111.71046966764753, 40.581922275818542 ], [ -111.710513965537331, 40.582088665912536 ], [ -111.710544885642989, 40.582219103128232 ], [ -111.710582428450209, 40.582417065490453 ], [ -111.710620676334358, 40.582569979565719 ], [ -111.710682745636205, 40.582740764638707 ], [ -111.710727558696178, 40.582844089956716 ], [ -111.710865818837988, 40.583068458820634 ], [ -111.710948823061528, 40.583207584150635 ], [ -111.71102582454796, 40.583337737581559 ], [ -111.711094507851357, 40.58346343777238 ], [ -111.711154968321793, 40.583593692935636 ], [ -111.711200868821464, 40.583688002573005 ], [ -111.711262463539626, 40.583813746298574 ], [ -111.711292252105807, 40.583948694629925 ], [ -111.711323384586237, 40.584098949606272 ], [ -111.711330819321688, 40.584243044356697 ], [ -111.711337072536864, 40.584387146378958 ], [ -111.711360839199315, 40.584511321222621 ], [ -111.711353438701451, 40.584705055624852 ], [ -111.711368476436036, 40.584786042059399 ], [ -111.711383800545349, 40.584894053073889 ], [ -111.711421717663995, 40.585015438111782 ], [ -111.711436946462925, 40.585114440919824 ], [ -111.711475006996395, 40.585249338224337 ], [ -111.711460935238804, 40.585371043447587 ], [ -111.711368365958464, 40.585556293584517 ], [ -111.711323584314655, 40.585790797668267 ], [ -111.711292456490071, 40.58597566935623 ], [ -111.71123197966466, 40.586178739304721 ], [ -111.711169520986516, 40.586417856537025 ], [ -111.711079074161944, 40.586580571397285 ], [ -111.710987159109251, 40.586716268881823 ], [ -111.710918075649246, 40.586887860891473 ], [ -111.710842654611227, 40.587018952350931 ], [ -111.710720016748468, 40.587154838677421 ], [ -111.710590755246713, 40.587223199777696 ], [ -111.710430342707653, 40.58725121282307 ], [ -111.710262363868594, 40.587234228275975 ], [ -111.710132996990069, 40.587180970995931 ], [ -111.710018705372335, 40.587100594568597 ], [ -111.709888862680316, 40.587002296040566 ], [ -111.709759020368566, 40.58690399736173 ], [ -111.709606728044378, 40.586805836452172 ], [ -111.709530153634248, 40.58671621904184 ], [ -111.70939288967763, 40.586586434801085 ], [ -111.709300859908438, 40.586487903369772 ], [ -111.709187228701239, 40.58635797375657 ], [ -111.709026897571107, 40.58616977361411 ], [ -111.708913124760414, 40.586026331419077 ], [ -111.708790796050195, 40.585855915263309 ], [ -111.708698435365434, 40.585725854629843 ], [ -111.708569065823326, 40.585559985816602 ], [ -111.708461814156678, 40.585362450461197 ], [ -111.708354705688564, 40.585178427294025 ], [ -111.708263053225863, 40.58500331803539 ], [ -111.708187160664281, 40.584865948966552 ], [ -111.708111277917155, 40.584729480662098 ], [ -111.708042123862029, 40.584558737681625 ], [ -111.707974009241894, 40.584374475107182 ], [ -111.707913316748787, 40.584221697745008 ], [ -111.707851442984577, 40.584068927585051 ], [ -111.707798499612494, 40.583866554350109 ], [ -111.70776063178387, 40.583637062358434 ], [ -111.707729004253366, 40.583439062861082 ], [ -111.707714298232602, 40.583276994819109 ], [ -111.707713865657666, 40.58312384810818 ], [ -111.707736778891828, 40.582943531998787 ], [ -111.707758576947469, 40.582769528863025 ], [ -111.707791065604141, 40.582600865485553 ], [ -111.707843848913996, 40.582451897065717 ], [ -111.707874515480555, 40.582334594909355 ], [ -111.707882258241114, 40.582172389288253 ], [ -111.70790445846599, 40.581924511578869 ], [ -111.707890411601852, 40.581712891143184 ], [ -111.707865351426179, 40.581465303033603 ], [ -111.707851447241666, 40.581267194885051 ], [ -111.707843308206307, 40.581055538216745 ], [ -111.707836630138189, 40.580758289086347 ], [ -111.707821497248034, 40.580555684043901 ], [ -111.707806174556879, 40.580335062574548 ], [ -111.70781358499346, 40.580141328171891 ], [ -111.707820568115451, 40.579907056821455 ], [ -111.707806189710098, 40.579663907562768 ], [ -111.707774986010023, 40.579393835008574 ], [ -111.70776774416936, 40.579155146392388 ], [ -111.707745095927166, 40.578912047763446 ], [ -111.707706524520063, 40.578727603827943 ], [ -111.707691487497257, 40.578534006902004 ], [ -111.707668460072185, 40.578254875379876 ], [ -111.707653655507386, 40.577971189069139 ], [ -111.707600290688561, 40.577728278527175 ], [ -111.707583128641161, 40.577557216556521 ], [ -111.707553630356585, 40.577336681767541 ], [ -111.707524274628966, 40.577129659282207 ], [ -111.707507867330762, 40.576918053078828 ], [ -111.707478511945638, 40.576711030564198 ], [ -111.707439705399338, 40.576504065914932 ], [ -111.707402127957906, 40.576301598116302 ], [ -111.707371643787539, 40.576211696823698 ], [ -111.707317432113456, 40.576000322048394 ], [ -111.707294174522119, 40.575811279709882 ], [ -111.707271861315178, 40.57559970958372 ], [ -111.707235229180313, 40.575374713914073 ], [ -111.707195574798277, 40.575199285117357 ], [ -111.707180255637979, 40.574978663333859 ], [ -111.707142395368749, 40.574749170728261 ], [ -111.707103448822068, 40.57452869354946 ], [ -111.707088793988078, 40.574371129259617 ], [ -111.707028222720425, 40.574116550963062 ], [ -111.707005298546875, 40.573959037263002 ], [ -111.70697413333076, 40.573804276629701 ], [ -111.706944216000878, 40.573655814507447 ], [ -111.706906029243498, 40.573507402977746 ], [ -111.706867040500569, 40.573395031544052 ], [ -111.706829375446929, 40.573296165197682 ], [ -111.706783109216857, 40.573165820656477 ], [ -111.706746644735219, 40.573068748693551 ], [ -111.706714725707712, 40.572954532185584 ], [ -111.706661659429656, 40.572963865621155 ], [ -111.70654011871413, 40.572865512232248 ], [ -111.706417207523586, 40.5727491494888 ], [ -111.706333328710073, 40.572637052358509 ], [ -111.706264353074076, 40.572481621796264 ], [ -111.706172799606151, 40.572313716884643 ], [ -111.706089392898434, 40.572134050654917 ], [ -111.70602928203364, 40.571922711168476 ], [ -111.705997902312561, 40.571747231272219 ], [ -111.705936139462224, 40.571603467851084 ], [ -111.705883638199069, 40.571441630191039 ], [ -111.705844792509282, 40.571230160638137 ], [ -111.705836992760922, 40.571050032193448 ], [ -111.705830232400857, 40.570856384183593 ], [ -111.705814918918421, 40.570635762008074 ], [ -111.70584525264708, 40.570486931369892 ], [ -111.705905543031562, 40.570265847218522 ], [ -111.705966779724079, 40.570134845311998 ], [ -111.706073850364689, 40.569981041221197 ], [ -111.706196088043257, 40.569809126696804 ], [ -111.70631813567033, 40.569619195586817 ], [ -111.706401957692563, 40.569501568556142 ], [ -111.706562468781016, 40.569374463626978 ], [ -111.70674566072816, 40.569269741736015 ], [ -111.706929326080157, 40.569210060695809 ], [ -111.707088373652866, 40.569168547663658 ], [ -111.707332616123352, 40.569140026010295 ], [ -111.707592452345025, 40.569133930345984 ], [ -111.707875160153776, 40.5691682335842 ], [ -111.70813240211811, 40.569252240675716 ], [ -111.70830955427364, 40.569359260302271 ], [ -111.70841644061872, 40.56941265772879 ], [ -111.708538025238795, 40.569515513343447 ], [ -111.708660553956207, 40.569595841019378 ], [ -111.708828630821543, 40.569626340656392 ], [ -111.708988296139637, 40.569643378463304 ], [ -111.709140778653193, 40.56965145133573 ], [ -111.709256926288333, 40.569686773514597 ], [ -111.709370100895114, 40.569776166669548 ], [ -111.709423600213483, 40.56991997903399 ], [ -111.709446243127644, 40.570050467663478 ], [ -111.709438219714087, 40.570185649021148 ], [ -111.709408036784012, 40.570347992874076 ], [ -111.709370432889884, 40.570478851467165 ], [ -111.709308401720364, 40.570645895253719 ], [ -111.709255535455853, 40.570785856319979 ], [ -111.709201677866815, 40.570943841053989 ], [ -111.70917135139598, 40.571092672501088 ], [ -111.709133936839848, 40.571241547448054 ], [ -111.709095626074429, 40.571417454291868 ], [ -111.709087668396407, 40.571558941354489 ], [ -111.709056894494807, 40.571665434128086 ], [ -111.709209849620052, 40.571605937970389 ], [ -111.709324668936347, 40.571515144969332 ], [ -111.709431361346844, 40.571437914968079 ], [ -111.709529974519739, 40.571378752098532 ], [ -111.70969809547266, 40.571301144536051 ], [ -111.70981995396312, 40.571205803393227 ], [ -111.709926835719472, 40.571146589376895 ], [ -111.710033717286734, 40.571087375262699 ], [ -111.710125098634521, 40.571014743127471 ], [ -111.710194034697494, 40.570942248910711 ], [ -111.710270106151398, 40.57087421518294 ], [ -111.710369775231797, 40.570803333656542 ], [ -111.710506826999577, 40.570692583388571 ], [ -111.710705230394424, 40.570574248481442 ], [ -111.710864840458711, 40.570474169566701 ], [ -111.71103281456746, 40.570383047754689 ], [ -111.711231883749733, 40.570327769476279 ], [ -111.711452359257905, 40.570285872229604 ], [ -111.711620200492078, 40.570293847233707 ], [ -111.711788328115389, 40.570328846642902 ], [ -111.711941416480514, 40.570505376721336 ], [ -111.711956480137658, 40.570589065763095 ], [ -111.711863120582166, 40.570697746752813 ], [ -111.711750334683515, 40.570756998937021 ], [ -111.711635281381547, 40.570825273782653 ], [ -111.711521218330105, 40.570875524806603 ] ] ] ] } },
{ "type": "Feature", "properties": { "xid": 197, "name": "Y COULOIR", "size_of_sl": null, "return_int": null, "starting_z": null, "vertical_f": null, "distance_t": null, "starting_1": null, "Shape__Are": 150553.155, "Shape__Len": 4826.4997024000004 }, "geometry": { "type": "MultiPolygon", "coordinates": [ [ [ [ -111.727009219511999, 40.568792650905252 ], [ -111.727077137345731, 40.568846276270804 ], [ -111.72713104568281, 40.568915304740749 ], [ -111.727169655976397, 40.568989834763165 ], [ -111.727215763619085, 40.569102154542357 ], [ -111.727237953150265, 40.569187598470144 ], [ -111.72726018047959, 40.569385652170773 ], [ -111.727283912302155, 40.569504418939644 ], [ -111.727321829477873, 40.569623997270554 ], [ -111.727344848373022, 40.569786010753241 ], [ -111.727375551235511, 40.569893923042436 ], [ -111.727383310999002, 40.570065041387956 ], [ -111.727367894493781, 40.570168739659039 ], [ -111.727337413596743, 40.570299559175027 ], [ -111.72730707888303, 40.570443890959375 ], [ -111.727252825272103, 40.570561346917501 ], [ -111.727146593774378, 40.570679130037554 ], [ -111.727077676422695, 40.570751634214879 ], [ -111.726955551051162, 40.570819968796258 ], [ -111.726818762307005, 40.570843351511655 ], [ -111.726650918220514, 40.570835398618769 ], [ -111.726459898551298, 40.570760025231664 ], [ -111.726375635695391, 40.570724519899656 ], [ -111.72624550917314, 40.570599214852379 ], [ -111.726154414991271, 40.570478168705598 ], [ -111.726055051997974, 40.57035717445423 ], [ -111.725910897160844, 40.570245470387931 ], [ -111.725795629362025, 40.570183133052169 ], [ -111.725681640391542, 40.570129796367382 ], [ -111.725482987060801, 40.570113026506284 ], [ -111.725307070343661, 40.57012313995331 ], [ -111.725108806062366, 40.570142402208738 ], [ -111.724971872192, 40.570152270447728 ], [ -111.724858175524687, 40.570125957516503 ], [ -111.724705155847346, 40.570068360365319 ], [ -111.724619276205274, 40.569992324281522 ], [ -111.724560032234848, 40.569866572665845 ], [ -111.724559756105165, 40.569731442376316 ], [ -111.724621247308804, 40.569627455460946 ], [ -111.724689826074041, 40.569523424049663 ], [ -111.724758453222222, 40.569423896693706 ], [ -111.724803745984033, 40.569351542109523 ], [ -111.724880933407462, 40.569278987375739 ], [ -111.72494912257342, 40.569138923041528 ], [ -111.725010466813089, 40.569021423629636 ], [ -111.725087118875024, 40.568899323700919 ], [ -111.725186263572269, 40.568781586925098 ], [ -111.725299729126419, 40.568677273354432 ], [ -111.725414424239759, 40.568577456351782 ], [ -111.725513567892492, 40.568459719297522 ], [ -111.725628116368242, 40.568346389796517 ], [ -111.725727259308698, 40.568228652560336 ], [ -111.725811191423901, 40.568124524012106 ], [ -111.725925398144554, 40.567979665546261 ], [ -111.725994862454044, 40.567848601362854 ], [ -111.726047594153385, 40.567699624691663 ], [ -111.726086442620058, 40.567577761667039 ], [ -111.726139173912031, 40.567428784950657 ], [ -111.726169334609935, 40.567268238641198 ], [ -111.726177999003767, 40.567086206316404 ], [ -111.726184661135349, 40.566937519151679 ], [ -111.726186646954247, 40.56679336578155 ], [ -111.726162548106586, 40.566640367570606 ], [ -111.726138955656964, 40.566534211958533 ], [ -111.726100711393599, 40.566384005282082 ], [ -111.726048282769227, 40.566232986856193 ], [ -111.725986365602395, 40.566078424509158 ], [ -111.725910293454234, 40.565925752831987 ], [ -111.725803315165081, 40.565755257665415 ], [ -111.725672323794598, 40.565548878006709 ], [ -111.725550136797821, 40.565391991337968 ], [ -111.725452950444904, 40.565252965156709 ], [ -111.725337803162489, 40.565091529641244 ], [ -111.725238512736567, 40.564866932798125 ], [ -111.725162492305586, 40.564718764669578 ], [ -111.725086423606768, 40.564566092384773 ], [ -111.72498776662357, 40.564400048589135 ], [ -111.724925630098696, 40.564224766729367 ], [ -111.724881017465151, 40.564031357253626 ], [ -111.724849495385143, 40.563846874429075 ], [ -111.724825415807786, 40.56358577000173 ], [ -111.724803586510845, 40.563423748362709 ], [ -111.724781757324905, 40.563261726714124 ], [ -111.724751319923328, 40.56306822822021 ], [ -111.724742678245448, 40.562924141444419 ], [ -111.724758549751741, 40.562752874444094 ], [ -111.72475803055417, 40.562595223485431 ], [ -111.72478881987297, 40.5623833232249 ], [ -111.724803704327996, 40.562230080021763 ], [ -111.72485025655935, 40.562055917850884 ], [ -111.724880670782127, 40.561918793053295 ], [ -111.724949533011369, 40.561841786032055 ], [ -111.725032811939982, 40.56178721052553 ], [ -111.725178142683035, 40.561790802751453 ], [ -111.725292262864372, 40.561857652439265 ], [ -111.725338362308548, 40.561969973174925 ], [ -111.725323479122849, 40.562123216442835 ], [ -111.725300522196022, 40.562294528020068 ], [ -111.725284749397105, 40.562474803297604 ], [ -111.725300075907029, 40.562690918569736 ], [ -111.725308120997738, 40.562889061923698 ], [ -111.725336537905434, 40.563114103799506 ], [ -111.725368950385601, 40.563271554487592 ], [ -111.725399486916885, 40.563474060996136 ], [ -111.72544542772394, 40.563680975162946 ], [ -111.725490979757993, 40.563851856503931 ], [ -111.725529007138078, 40.563982245433685 ], [ -111.725544202842258, 40.564076742503794 ], [ -111.725582279098958, 40.564211635508386 ], [ -111.725644806473809, 40.564422949793865 ], [ -111.725681896522843, 40.564575866569683 ], [ -111.725719473245064, 40.564773824316127 ], [ -111.725788699629504, 40.564949061183839 ], [ -111.725848927994335, 40.565056788478003 ], [ -111.725927180028151, 40.565083323208533 ], [ -111.726040686931796, 40.564983513005622 ], [ -111.726139775590283, 40.564861271297758 ], [ -111.726216177537864, 40.564716650099065 ], [ -111.726284018606009, 40.564545056241755 ], [ -111.726337295399333, 40.564337518674698 ], [ -111.726368080448282, 40.564125618092852 ], [ -111.72636825168874, 40.563922918796614 ], [ -111.72636088498092, 40.563787832964906 ], [ -111.726353128782478, 40.563616714336987 ], [ -111.726329871166911, 40.563432179949629 ], [ -111.726314930640314, 40.563252097666883 ], [ -111.72628300280644, 40.563139688257849 ], [ -111.726253498910211, 40.562923662268204 ], [ -111.726268538946286, 40.562675825396056 ], [ -111.726239084003112, 40.562464303483353 ], [ -111.726208448091683, 40.562252788978824 ], [ -111.726192375716096, 40.562077218163914 ], [ -111.726177594879928, 40.56180254227808 ], [ -111.726138837449355, 40.561604592000798 ], [ -111.726093298466253, 40.561325605000974 ], [ -111.726017342159452, 40.561073835572635 ], [ -111.725902652145507, 40.560844831507197 ], [ -111.725766056467847, 40.560665513419721 ], [ -111.725681431356563, 40.560485868720612 ], [ -111.725643614145085, 40.560265390282098 ], [ -111.725666666856284, 40.56010308679528 ], [ -111.725810937294796, 40.559899482123825 ], [ -111.725963377380381, 40.559686817113302 ], [ -111.72614740154215, 40.559555032728738 ], [ -111.72632252433003, 40.559364746703565 ], [ -111.726444252767067, 40.559152274126632 ], [ -111.726550966945538, 40.558971426702477 ], [ -111.726627604998356, 40.558849325663047 ], [ -111.726772150075107, 40.558780850300231 ], [ -111.726940548699019, 40.558842852519604 ], [ -111.727008834444021, 40.559040616802434 ], [ -111.726993554124974, 40.559265933386563 ], [ -111.726948550953082, 40.559473419360899 ], [ -111.726871754761092, 40.559690114167132 ], [ -111.7267959443504, 40.559888785081824 ], [ -111.726733966033137, 40.560055838074277 ], [ -111.726696194458711, 40.560276791656989 ], [ -111.726681509518201, 40.560448051519458 ], [ -111.726680900710278, 40.560610214019711 ], [ -111.726649923273229, 40.560804098387067 ], [ -111.72664350610566, 40.560975306225806 ], [ -111.726612382296921, 40.561155678271149 ], [ -111.726597599577872, 40.561317929899346 ], [ -111.726589270557938, 40.561421583642726 ], [ -111.726597428919561, 40.561520629280871 ], [ -111.726628625886022, 40.561565477131055 ], [ -111.726688133959811, 40.56149753672274 ], [ -111.726712219538953, 40.561321713348583 ], [ -111.726741565409583, 40.561195405350681 ], [ -111.726772786316204, 40.561024041475918 ], [ -111.726819069571249, 40.560825556382404 ], [ -111.726841182067247, 40.560685780635033 ], [ -111.726872305061974, 40.560505408520626 ], [ -111.726917942508393, 40.560356475918752 ], [ -111.726994094157007, 40.560189333646321 ], [ -111.727069795293858, 40.560089760272497 ], [ -111.727200120332384, 40.560016869469038 ], [ -111.727276844639292, 40.560011882082321 ], [ -111.727367390083742, 40.560083382558517 ], [ -111.727413686746033, 40.560213718883638 ], [ -111.727413079698863, 40.560375881379017 ], [ -111.727405483367917, 40.560547096692652 ], [ -111.72735276006695, 40.560696074092874 ], [ -111.72732154078173, 40.560867438119956 ], [ -111.727260841544307, 40.561043492127567 ], [ -111.727222242538687, 40.561187876133857 ], [ -111.727192203857712, 40.561359232681134 ], [ -111.727146712592884, 40.561521677665979 ], [ -111.727094085457352, 40.561679663134335 ], [ -111.727031315005036, 40.561882756474382 ], [ -111.726970565397949, 40.562054306213483 ], [ -111.726925073150284, 40.562216751100294 ], [ -111.726886862577885, 40.562397167773163 ], [ -111.726832955564163, 40.562546152343053 ], [ -111.726787413949594, 40.562704093068312 ], [ -111.726765300739586, 40.562843868763494 ], [ -111.726757215406423, 40.562970042986947 ], [ -111.726765325520091, 40.563064584483989 ], [ -111.726795683186779, 40.563140968393846 ], [ -111.7268719725718, 40.56309544435706 ], [ -111.726948078609283, 40.562923798067061 ], [ -111.727032501202402, 40.562756603790277 ], [ -111.72710063070673, 40.562612034025264 ], [ -111.727176930603321, 40.562458403976663 ], [ -111.727230300567328, 40.56225987415975 ], [ -111.727283962725579, 40.562088368910111 ], [ -111.727337400349796, 40.561896144775531 ], [ -111.727413484377422, 40.561722696525642 ], [ -111.727451644415979, 40.561537775573569 ], [ -111.727504964111759, 40.561334741511878 ], [ -111.727596383375158, 40.561050388144615 ], [ -111.72769601054317, 40.560869584356091 ], [ -111.727795246924174, 40.56065274768131 ], [ -111.727841331774357, 40.560436245793539 ], [ -111.727901189352906, 40.560291727623209 ], [ -111.727939786410062, 40.56014734338482 ], [ -111.728000424243504, 40.56007489076363 ], [ -111.728092649572133, 40.560083318375938 ], [ -111.728168973653382, 40.560150403440772 ], [ -111.728206955206801, 40.560276287445554 ], [ -111.728215652694615, 40.560424878066407 ], [ -111.728176265407356, 40.56060530262797 ], [ -111.728138449495134, 40.560821752523644 ], [ -111.728115256128604, 40.560970544136126 ], [ -111.728062328960704, 40.561209611267792 ], [ -111.728015853945266, 40.561390080420352 ], [ -111.727971009058479, 40.561502973179017 ], [ -111.727885848295941, 40.56171071247735 ], [ -111.727848285067481, 40.561841576929055 ], [ -111.727802551159101, 40.561981501653541 ], [ -111.72775701219237, 40.562139442753441 ], [ -111.72768789851726, 40.562302036736163 ], [ -111.727642622458973, 40.562484299919099 ], [ -111.727588892637129, 40.562649499580516 ], [ -111.727543352737484, 40.562807440586262 ], [ -111.727489544399361, 40.562965433639114 ], [ -111.727428551219191, 40.563114463093719 ], [ -111.727359533293125, 40.563286065064752 ], [ -111.727299574466159, 40.563421574716436 ], [ -111.727230409657949, 40.563579664312272 ], [ -111.727169805327065, 40.563764726409161 ], [ -111.727093309012474, 40.563900340039055 ], [ -111.727016714921021, 40.564026945421666 ], [ -111.72697821123738, 40.564180337487443 ], [ -111.726925435524464, 40.564324810534266 ], [ -111.726916510261162, 40.564482520853012 ], [ -111.726902616495138, 40.564617740408416 ], [ -111.726917315302089, 40.564775302068732 ], [ -111.726902630112306, 40.564946561830233 ], [ -111.72684197497297, 40.565127119632621 ], [ -111.72677251505894, 40.565258184348409 ], [ -111.726711225971314, 40.565380188813357 ], [ -111.726651166598046, 40.565506689912475 ], [ -111.72656654486434, 40.565655867480373 ], [ -111.726535175334078, 40.56581371889429 ], [ -111.726528611465724, 40.565971414294467 ], [ -111.726544150017858, 40.566097439863277 ], [ -111.726574642787355, 40.566295441824295 ], [ -111.7266198585654, 40.56643479392698 ], [ -111.726688102698475, 40.566628053986044 ], [ -111.726720313326439, 40.566875593512108 ], [ -111.726734805470997, 40.567123244484215 ], [ -111.7267875482042, 40.56730308876886 ], [ -111.726833983365495, 40.567555043142903 ], [ -111.726902911581021, 40.567811360356558 ], [ -111.726932244489603, 40.568011171219865 ], [ -111.726940628493608, 40.568130935546847 ], [ -111.726963743384445, 40.568301957349057 ], [ -111.726993653584501, 40.568445909969419 ], [ -111.727009583593428, 40.568607968165594 ], [ -111.727030981371271, 40.568729452333429 ], [ -111.727009219511999, 40.568792650905252 ] ] ] ] } },
{ "type": "Feature", "properties": { "xid": 198, "name": "Y-NOT", "size_of_sl": null, "return_int": null, "starting_z": null, "vertical_f": null, "distance_t": null, "starting_1": null, "Shape__Are": 67556.064999900002, "Shape__Len": 2447.71648211 }, "geometry": { "type": "MultiPolygon", "coordinates": [ [ [ [ -111.732113817360101, 40.570305422453004 ], [ -111.732297263099071, 40.570335790505446 ], [ -111.732372569150172, 40.570416392288642 ], [ -111.732417456060119, 40.570524213281722 ], [ -111.732410728918239, 40.570665694057524 ], [ -111.732342288710271, 40.570781440565938 ], [ -111.732212292298712, 40.570885865780788 ], [ -111.732052124486657, 40.570931924867097 ], [ -111.731846281325176, 40.570906202726128 ], [ -111.73170083250001, 40.570893610892853 ], [ -111.731571774960685, 40.570867401877166 ], [ -111.731434546415642, 40.570850253251066 ], [ -111.731327934002834, 40.570823901844655 ], [ -111.731228409546617, 40.570797505473756 ], [ -111.731115052578687, 40.570802727354909 ], [ -111.730968814887277, 40.570826174782944 ], [ -111.73084630136735, 40.570858480733158 ], [ -111.730701440748064, 40.570899936706446 ], [ -111.730556237053548, 40.570909863875443 ], [ -111.730403896450412, 40.570915331588211 ], [ -111.730221680212523, 40.570889457160497 ], [ -111.730075742172517, 40.570831822381962 ], [ -111.729931188152847, 40.570684090689511 ], [ -111.729884830164622, 40.570549251623 ], [ -111.729862098486279, 40.570414263264404 ], [ -111.729854723850352, 40.570279177873452 ], [ -111.729885346642007, 40.570161870006437 ], [ -111.729923797957824, 40.570003973066989 ], [ -111.730007774646154, 40.569904345629034 ], [ -111.730083873630278, 40.569840803114566 ], [ -111.730129503579107, 40.569799975127857 ], [ -111.730129558926606, 40.569696373580612 ], [ -111.73009885174578, 40.569588462057233 ], [ -111.73008566820566, 40.569462422175633 ], [ -111.730068549262484, 40.569300371958981 ], [ -111.73002923075309, 40.569160984028265 ], [ -111.729992421805235, 40.569035093423622 ], [ -111.729946035517457, 40.568897551879807 ], [ -111.729893703889658, 40.568756444357547 ], [ -111.72984720056435, 40.568608092944103 ], [ -111.729802172300936, 40.568486758594545 ], [ -111.729755865079667, 40.56835642350179 ], [ -111.729702372590324, 40.568217124971568 ], [ -111.729655918996997, 40.568073277552685 ], [ -111.729610842534484, 40.567947439018901 ], [ -111.729564389331671, 40.567803591553229 ], [ -111.729534327207148, 40.567646127349562 ], [ -111.729519095670724, 40.567548928462237 ], [ -111.729503678329039, 40.567434614017849 ], [ -111.729458700407207, 40.567317783590759 ], [ -111.729405013786305, 40.567160468512647 ], [ -111.72935166970332, 40.567034682056885 ], [ -111.729298472504013, 40.56692240785263 ], [ -111.729205805600898, 40.566765338747658 ], [ -111.729153399037145, 40.566617024260182 ], [ -111.729100006990606, 40.566486733574585 ], [ -111.729023536327759, 40.566298031269532 ], [ -111.72894854054482, 40.56613634601743 ], [ -111.728893723736846, 40.565983542199355 ], [ -111.728863712922092, 40.565830581845987 ], [ -111.728832032424307, 40.565632587982108 ], [ -111.728779245423326, 40.56534013478246 ], [ -111.728740429292145, 40.565137681487023 ], [ -111.728717661830956, 40.564890082899453 ], [ -111.728702714526719, 40.5647100010288 ], [ -111.728680142764489, 40.564480418797324 ], [ -111.728671794390451, 40.564255251242656 ], [ -111.728657042758414, 40.564093185729632 ], [ -111.728656514356715, 40.563935534903955 ], [ -111.728649347345112, 40.563710359875053 ], [ -111.728641536488723, 40.563534737351944 ], [ -111.728649334197428, 40.563273432679502 ], [ -111.72864944974809, 40.563066229312412 ], [ -111.728642478266607, 40.562859070637792 ], [ -111.7286359464144, 40.562692448832607 ], [ -111.728611257526623, 40.562485401888075 ], [ -111.728611470908575, 40.56228720668755 ], [ -111.728565277206386, 40.562057773315857 ], [ -111.728535317858146, 40.561909316850326 ], [ -111.72848857833587, 40.561738444156319 ], [ -111.72845079069964, 40.561630576681637 ], [ -111.728420138912909, 40.561527168605515 ], [ -111.72841317854386, 40.561429917311493 ], [ -111.728451355673528, 40.561355804322559 ], [ -111.728565585097272, 40.561323553142024 ], [ -111.728673509007209, 40.56136341212607 ], [ -111.728786597283758, 40.561443778088261 ], [ -111.728847128983872, 40.56147042265048 ], [ -111.728924245683515, 40.561501466943071 ], [ -111.729007707987847, 40.561573010798327 ], [ -111.729061739406816, 40.56165374914162 ], [ -111.729084221901786, 40.561766217412128 ], [ -111.729084213637606, 40.561874323211889 ], [ -111.729129724737732, 40.562040699004299 ], [ -111.729160125345686, 40.562229692176587 ], [ -111.729190917161688, 40.562454718110338 ], [ -111.729213791204003, 40.562603219112006 ], [ -111.729236461826986, 40.562841809496689 ], [ -111.729244665196703, 40.563053464760728 ], [ -111.729244698132163, 40.563274180402317 ], [ -111.729237448437161, 40.563476924387416 ], [ -111.729198404400577, 40.563688877867428 ], [ -111.729184018510026, 40.563887162474778 ], [ -111.729175489637257, 40.564080905700699 ], [ -111.729152590827781, 40.564256722002334 ], [ -111.729138351341177, 40.564468518873639 ], [ -111.729153348628856, 40.564653104781236 ], [ -111.729160028668844, 40.564833238774042 ], [ -111.729191582623699, 40.565019521922835 ], [ -111.729221623125198, 40.56517518466606 ], [ -111.729260342950596, 40.565368629596215 ], [ -111.729283071563486, 40.56550361821575 ], [ -111.729313278744058, 40.56567459483977 ], [ -111.729351363503028, 40.565809486491659 ], [ -111.729412087339909, 40.565962252798094 ], [ -111.729457797781492, 40.566146644689127 ], [ -111.729526888627575, 40.566308366897317 ], [ -111.729580330263872, 40.566443161477288 ], [ -111.72963382103373, 40.566582460120991 ], [ -111.729672151568138, 40.566739872102602 ], [ -111.72971038444507, 40.566888275879386 ], [ -111.72972494364042, 40.56703232478057 ], [ -111.729770362156145, 40.567189691943113 ], [ -111.729787284058659, 40.567333725902948 ], [ -111.729847220509328, 40.567522532122723 ], [ -111.729900069753612, 40.567711383083811 ], [ -111.729984470781162, 40.567868503832152 ], [ -111.73008417969109, 40.568021023369283 ], [ -111.730192108967557, 40.568168986454886 ], [ -111.730312145196692, 40.568343899302391 ], [ -111.730427407993787, 40.568514337799691 ], [ -111.730534157555169, 40.568662308008804 ], [ -111.730663596806338, 40.568832656608322 ], [ -111.73078575304497, 40.568985033527419 ], [ -111.730907811830392, 40.569128402128172 ], [ -111.731144254984017, 40.569361134701104 ], [ -111.731274142977142, 40.56946391375066 ], [ -111.731411119111968, 40.569566647773534 ], [ -111.731541204105881, 40.569687442868869 ], [ -111.731663069561776, 40.56981279427346 ], [ -111.73179197419077, 40.56993359655511 ], [ -111.731868509552115, 40.570018695287004 ], [ -111.731960451085584, 40.57010820075007 ], [ -111.732082219920386, 40.570224543513618 ], [ -111.732113817360101, 40.570305422453004 ] ] ] ] } },
{ "type": "Feature", "properties": { "xid": 199, "name": "COALPIT - COALPIT GULCH", "size_of_sl": "MAJOR", "return_int": "OCCASIONAL", "starting_z": null, "vertical_f": null, "distance_t": null, "starting_1": null, "Shape__Are": 907672.38, "Shape__Len": 8060.3666035400001 }, "geometry": { "type": "MultiPolygon", "coordinates": [ [ [ [ -111.73749915286993, 40.56583883747826 ], [ -111.737567867102598, 40.565964522031898 ], [ -111.737620978381983, 40.5660677841609 ], [ -111.737652481532564, 40.566139653430589 ], [ -111.73769860461158, 40.566251968944897 ], [ -111.73774354661478, 40.566364291980797 ], [ -111.737766830862526, 40.566440718103145 ], [ -111.737820190155077, 40.566566500552277 ], [ -111.73784229332577, 40.566642934199727 ], [ -111.737882431731506, 40.566748080811898 ], [ -111.737903680299169, 40.566854248949561 ], [ -111.737941733495148, 40.566984633500645 ], [ -111.737979588938785, 40.567097001696474 ], [ -111.738018526801838, 40.567200354161152 ], [ -111.738056382500559, 40.567312722325468 ], [ -111.738077700810919, 40.567425196134764 ], [ -111.738109650474556, 40.567537602010781 ], [ -111.738139924116751, 40.567604974582139 ], [ -111.738163209265522, 40.567681400600534 ], [ -111.738178473120854, 40.567780399869896 ], [ -111.738201857361389, 40.567865834044916 ], [ -111.738247735107223, 40.567955628869683 ], [ -111.738278306067343, 40.568050025898692 ], [ -111.73831596469833, 40.568144377619561 ], [ -111.738346288331698, 40.568216254208991 ], [ -111.738384194680265, 40.568333126319658 ], [ -111.738452715142444, 40.568440793923706 ], [ -111.738519975331926, 40.568541262502286 ], [ -111.738620568866736, 40.568664940793688 ], [ -111.738705281207046, 40.568740973915837 ], [ -111.738849255664931, 40.56883464555748 ], [ -111.738987175496504, 40.568914842551457 ], [ -111.739139469227226, 40.569012965007047 ], [ -111.739261785299178, 40.569070739511112 ], [ -111.739384498169471, 40.56916454653603 ], [ -111.739468278618943, 40.56926310704705 ], [ -111.739522031360181, 40.569316815738652 ], [ -111.739559394953929, 40.569384142524648 ], [ -111.739529623628712, 40.569469916690458 ], [ -111.739437780721588, 40.56949753099817 ], [ -111.739369117335528, 40.569484457291054 ], [ -111.739299809584892, 40.569412830483977 ], [ -111.739231881522315, 40.5693592124003 ], [ -111.739162871402371, 40.569314609997143 ], [ -111.739102080802908, 40.569265450565048 ], [ -111.739024851436852, 40.569225405063683 ], [ -111.738942013016967, 40.569212421782858 ], [ -111.738873151857362, 40.569181331448661 ], [ -111.738948464419408, 40.569261928903281 ], [ -111.739009651295078, 40.569347121071942 ], [ -111.739086244602916, 40.569436719037846 ], [ -111.739155353917141, 40.569490329648303 ], [ -111.739247056513037, 40.569557308834071 ], [ -111.739300024579066, 40.56964705783578 ], [ -111.7393232126459, 40.569714475413278 ], [ -111.739323072336859, 40.569809068678239 ], [ -111.739293201391149, 40.56988583461893 ], [ -111.739215830736654, 40.56994038252089 ], [ -111.739101938887501, 40.57000417283696 ], [ -111.739017232403953, 40.570036245548877 ], [ -111.738911064309477, 40.570050437884312 ], [ -111.738788457074591, 40.570073744053552 ], [ -111.738657432086455, 40.570083590722938 ], [ -111.738552296575875, 40.57008426293141 ], [ -111.738423238038067, 40.570058061576518 ], [ -111.738323613016576, 40.570022663165709 ], [ -111.738223839607187, 40.569973752421475 ], [ -111.738139175722338, 40.569902223053518 ], [ -111.738056775633524, 40.569821670361726 ], [ -111.738017149670142, 40.569763366342471 ], [ -111.737972353291212, 40.56966455575057 ], [ -111.737941979901677, 40.569588175000419 ], [ -111.73791263944355, 40.569498274446502 ], [ -111.73789649111113, 40.569426307214279 ], [ -111.737896583962183, 40.569327209844261 ], [ -111.737896924185534, 40.569250632887773 ], [ -111.737888945961572, 40.569169604665582 ], [ -111.737889335668882, 40.569097531790113 ], [ -111.737888643043334, 40.569034474625596 ], [ -111.737887604109204, 40.568939888877495 ], [ -111.737896064863563, 40.568849746847853 ], [ -111.737889218497685, 40.568764206990764 ], [ -111.737872773549611, 40.568665215243414 ], [ -111.737857757275037, 40.568588736364532 ], [ -111.737835406069848, 40.568489782333025 ], [ -111.737788984378227, 40.5683504424291 ], [ -111.737743991458672, 40.568233615377615 ], [ -111.737689499131918, 40.568112344567083 ], [ -111.73763845187969, 40.567982042929984 ], [ -111.737606601684462, 40.567878645096023 ], [ -111.737567565145355, 40.567766284333437 ], [ -111.737529611101479, 40.567644907843473 ], [ -111.737453313242327, 40.56747422771403 ], [ -111.737415409015767, 40.567357355262189 ], [ -111.737392861150582, 40.567240384774422 ], [ -111.737369132120705, 40.567123421819019 ], [ -111.73733117881504, 40.567002045244145 ], [ -111.737308680655332, 40.566889578815932 ], [ -111.737285297906453, 40.566804144432837 ], [ -111.737255025490896, 40.566736771617592 ], [ -111.737217023195839, 40.566610890907619 ], [ -111.737170900663557, 40.566498575203099 ], [ -111.737133294010434, 40.566408727146062 ], [ -111.737095193307326, 40.566273838213021 ], [ -111.737057438647952, 40.566170477867018 ], [ -111.737018552289001, 40.566071629128331 ], [ -111.736995021984697, 40.56597268240926 ], [ -111.737003582440536, 40.565891548564828 ], [ -111.737012093468408, 40.565805910632172 ], [ -111.737018637305724, 40.565756320463215 ], [ -111.736423230103114, 40.565106979218328 ], [ -111.736102770285768, 40.564861279458064 ], [ -111.735661137349595, 40.564445183179316 ], [ -111.735355248421229, 40.564019212378156 ], [ -111.735011909070238, 40.563516904141729 ], [ -111.734761100538009, 40.56305004158515 ], [ -111.734462606165366, 40.562651047687197 ], [ -111.734172580274873, 40.562378122503794 ], [ -111.733852142346009, 40.562024310470967 ], [ -111.733608729496609, 40.561584424715122 ], [ -111.733127518952799, 40.561001906722517 ], [ -111.732578888862619, 40.560627016894301 ], [ -111.73219694769405, 40.560372687064515 ], [ -111.731890458002681, 40.559996258982501 ], [ -111.731197251882207, 40.559685340031891 ], [ -111.730533225207395, 40.559558913094463 ], [ -111.729999632246447, 40.559478504051917 ], [ -111.729443071375556, 40.559349589957172 ], [ -111.728993573369095, 40.55918125972854 ], [ -111.728535175079173, 40.55895442655833 ], [ -111.728054973299109, 40.558786286273708 ], [ -111.727673157136692, 40.55854094937132 ], [ -111.72761200530411, 40.558347644946359 ], [ -111.728008814304999, 40.558232534868679 ], [ -111.728458703453882, 40.558328795968343 ], [ -111.729000857413624, 40.558546092174886 ], [ -111.729488361504721, 40.558734001820262 ], [ -111.72983970871465, 40.558892139667307 ], [ -111.730388958258331, 40.559109384490334 ], [ -111.730754655004077, 40.559174638010063 ], [ -111.731083395057794, 40.559208593391922 ], [ -111.731259287051714, 40.559090365565027 ], [ -111.731128586327316, 40.558911016476429 ], [ -111.73067057458492, 40.558720224602567 ], [ -111.730198392260576, 40.558529520467324 ], [ -111.729641787677039, 40.558287096467701 ], [ -111.729076098556689, 40.557969053025317 ], [ -111.728763470016816, 40.557786344769539 ], [ -111.728382838118236, 40.557541002693313 ], [ -111.728039115101197, 40.557322453217132 ], [ -111.728025011131933, 40.557110834833708 ], [ -111.728404974775316, 40.557076908921537 ], [ -111.728848161039949, 40.557209246079609 ], [ -111.729381306359997, 40.557359031251274 ], [ -111.729786645691263, 40.557595205146818 ], [ -111.730076486209171, 40.557854629600072 ], [ -111.730541081268399, 40.558108443969253 ], [ -111.730847119350798, 40.55833623316741 ], [ -111.731190415556213, 40.558514237242797 ], [ -111.731518510786827, 40.558597743969365 ], [ -111.731838882580021, 40.558622741381363 ], [ -111.732105074748389, 40.558553488685945 ], [ -111.731930328989606, 40.558342888740228 ], [ -111.731601552353879, 40.558088219967814 ], [ -111.731220467446377, 40.557802350471697 ], [ -111.730778067624541, 40.557525876381973 ], [ -111.730403677991774, 40.557312032347703 ], [ -111.729976981115982, 40.557066986739414 ], [ -111.729526609437087, 40.556925690466308 ], [ -111.729289914928046, 40.556774034939593 ], [ -111.728945460180327, 40.556487926594826 ], [ -111.72871754226982, 40.556165046900887 ], [ -111.728779618769607, 40.555898895097812 ], [ -111.728946750441679, 40.555735681889246 ], [ -111.729236750717149, 40.555684303209951 ], [ -111.729627131932304, 40.555740395747591 ], [ -111.730045705322624, 40.555890901439255 ], [ -111.730572392891531, 40.556099279307269 ], [ -111.730869381787144, 40.556038843516703 ], [ -111.730885437733903, 40.555777486136762 ], [ -111.73076228302655, 40.555422416756272 ], [ -111.730533821614728, 40.555049995514764 ], [ -111.730312889398888, 40.554718065899742 ], [ -111.730007128275318, 40.554296583648473 ], [ -111.729663977209498, 40.553803266106094 ], [ -111.729374171967365, 40.553327628368109 ], [ -111.729030616616924, 40.552469453922036 ], [ -111.728786858149533, 40.551664701789377 ], [ -111.728572532086119, 40.550850754584857 ], [ -111.728328590048491, 40.550027984732317 ], [ -111.728199926550971, 40.549380159918861 ], [ -111.728245759754628, 40.548596102613622 ], [ -111.728351642684885, 40.548122471404731 ], [ -111.72845157083627, 40.54764437319227 ], [ -111.728694825614866, 40.547205910719022 ], [ -111.729068805565618, 40.546843197956306 ], [ -111.729503454455951, 40.546412534644737 ], [ -111.729832055927972, 40.546113167753163 ], [ -111.730290054630061, 40.545876043935749 ], [ -111.730594579659922, 40.545752499360326 ], [ -111.731113923965523, 40.545618585957243 ], [ -111.731563492310613, 40.545584209261918 ], [ -111.73198309313932, 40.545617586956091 ], [ -111.732243178780394, 40.545642965379109 ], [ -111.733051918274697, 40.546056747751749 ], [ -111.733784304549729, 40.54639893869345 ], [ -111.734203663556428, 40.546950317791925 ], [ -111.734599804642102, 40.547321666273739 ], [ -111.734898082678129, 40.547707149148245 ], [ -111.735095888111204, 40.548084261699053 ], [ -111.735363320727018, 40.548456426314608 ], [ -111.735615256442372, 40.548815175706821 ], [ -111.735477978631934, 40.549113341083086 ], [ -111.73556194851416, 40.549447934964078 ], [ -111.736011725189485, 40.549754073332736 ], [ -111.736439535084031, 40.550210797376543 ], [ -111.736782515521824, 40.55057797252919 ], [ -111.736988108903191, 40.550801881890557 ], [ -111.737187107317396, 40.550962771170745 ], [ -111.737141453803588, 40.551215309603784 ], [ -111.737096293855359, 40.551512888988093 ], [ -111.73694947073362, 40.551802108047113 ], [ -111.736781833011591, 40.552131999363496 ], [ -111.736676440522231, 40.552429962650606 ], [ -111.736553727058919, 40.552764071553426 ], [ -111.736385344888646, 40.553026400820528 ], [ -111.73621824108649, 40.553297730510351 ], [ -111.736072933886561, 40.553510363730958 ], [ -111.735943324130531, 40.553754427648457 ], [ -111.73571455741039, 40.554003627314117 ], [ -111.735441008790886, 40.554262120423616 ], [ -111.735279724448716, 40.554526204611726 ], [ -111.735026869058501, 40.554733214742562 ], [ -111.734745244559207, 40.555009775207907 ], [ -111.73458555968773, 40.555204480312035 ], [ -111.73437946890418, 40.555476055160689 ], [ -111.734226720133719, 40.555981519954557 ], [ -111.734051331801581, 40.556577216547623 ], [ -111.734143108506515, 40.557301843242392 ], [ -111.734211462502287, 40.557936530464374 ], [ -111.734355457420094, 40.558683346977709 ], [ -111.734555017141204, 40.559434314330922 ], [ -111.734752907842875, 40.560140247782229 ], [ -111.734974328200181, 40.560945128037218 ], [ -111.735179658299757, 40.561574438333601 ], [ -111.735523188067205, 40.562202868383146 ], [ -111.735980116756082, 40.562830574946354 ], [ -111.736446401146594, 40.563341105475828 ], [ -111.736995775615014, 40.563995244916157 ], [ -111.737232028560641, 40.564318054497335 ], [ -111.737354053158256, 40.564673123534838 ], [ -111.73749915286993, 40.56583883747826 ] ] ] ] } },
{ "type": "Feature", "properties": { "xid": 241, "name": "WILLOWS", "size_of_sl": "SIGNIFICANT", "return_int": "FREQUENT", "starting_z": "9500 FT.", "vertical_f": "1700 FT.", "distance_t": "2600 FT.", "starting_1": "SW-S", "Shape__Are": 260266.695, "Shape__Len": 2042.9075288 }, "geometry": { "type": "MultiPolygon", "coordinates": [ [ [ [ -111.675180324252111, 40.584865400210674 ], [ -111.67307903098235, 40.583889398632337 ], [ -111.673061992522506, 40.583839949538806 ], [ -111.67295502825931, 40.58366039683402 ], [ -111.672847884031171, 40.583462827480069 ], [ -111.672711111525459, 40.583256421771772 ], [ -111.67252798901896, 40.583023259365518 ], [ -111.672343821555145, 40.582803615934516 ], [ -111.672199277214759, 40.582646803211375 ], [ -111.672069958235966, 40.582476388523645 ], [ -111.671978358720651, 40.582296745467531 ], [ -111.671871309720657, 40.582108183394894 ], [ -111.671802160191433, 40.58192840960605 ], [ -111.671726923207686, 40.581730653571206 ], [ -111.671665088831944, 40.581573359146176 ], [ -111.67165101089202, 40.58146533541229 ], [ -111.671627491099997, 40.581240252178311 ], [ -111.671620006809121, 40.581082641697989 ], [ -111.671634475613644, 40.580875355172701 ], [ -111.671664944731731, 40.580613922801952 ], [ -111.671719403975729, 40.580388386115622 ], [ -111.671780130794218, 40.580198848151468 ], [ -111.671871070480861, 40.580076700437253 ], [ -111.671947020726392, 40.579873560629331 ], [ -111.672016422504768, 40.579724511672921 ], [ -111.672085598587927, 40.579552941979628 ], [ -111.672177177326731, 40.579376737482072 ], [ -111.672260755800949, 40.579227605874308 ], [ -111.672344288812837, 40.579073970066297 ], [ -111.672412687830487, 40.57894294429736 ], [ -111.672458954402614, 40.578843578139342 ], [ -111.672542621815879, 40.578703454602298 ], [ -111.672649963273599, 40.578567697552224 ], [ -111.672771256225246, 40.578409337137792 ], [ -111.672847878830993, 40.578273758802709 ], [ -111.672963082973467, 40.578097416038162 ], [ -111.673069286312469, 40.577966169620638 ], [ -111.673282045592259, 40.577856824107563 ], [ -111.673435957543347, 40.577770343295107 ], [ -111.67364912222142, 40.577701534361772 ], [ -111.673931262380506, 40.577677366670763 ], [ -111.67414564700421, 40.577730168563896 ], [ -111.674221027865897, 40.577824321066565 ], [ -111.67428250285306, 40.577945581100977 ], [ -111.674312666716986, 40.578125581102888 ], [ -111.674312977698705, 40.578274224545893 ], [ -111.674328647678223, 40.578422778327528 ], [ -111.674381078792408, 40.578584630702288 ], [ -111.674457597187128, 40.578674271991758 ], [ -111.674618366958597, 40.578682342003546 ], [ -111.674740605791328, 40.578618566439481 ], [ -111.67500666597951, 40.578522419619276 ], [ -111.675205830962, 40.578588821666855 ], [ -111.675297437749165, 40.578651347795258 ], [ -111.675388361523176, 40.578763426256529 ], [ -111.675456928305309, 40.578884644176014 ], [ -111.675496822893507, 40.578974498913709 ], [ -111.675549577851655, 40.579050765224906 ], [ -111.675625370011716, 40.579185453984564 ], [ -111.675741377998122, 40.579324411844304 ], [ -111.67582303292275, 40.579454561769744 ], [ -111.675922546387909, 40.579598120339796 ], [ -111.676014517959516, 40.579696678952814 ], [ -111.67615770180609, 40.579835477337681 ], [ -111.676288617761344, 40.579929303362768 ], [ -111.676402584926151, 40.579982688881969 ], [ -111.67656294798762, 40.580067333360041 ], [ -111.676693774182809, 40.58015215064588 ], [ -111.676815648132234, 40.58028656863214 ], [ -111.676922617171087, 40.580466117826717 ], [ -111.677045037104051, 40.58065458515599 ], [ -111.677135420897088, 40.58082972694725 ], [ -111.677197039723325, 40.581081612083707 ], [ -111.677235074648422, 40.581221025470889 ], [ -111.677258477312535, 40.581315480642331 ], [ -111.677242254145369, 40.581347106549885 ], [ -111.677304283054553, 40.581522414422068 ], [ -111.677311644449759, 40.581666512017996 ], [ -111.677333683890254, 40.581860071927629 ], [ -111.677342181484079, 40.581999658452375 ], [ -111.67731923226053, 40.582184473349713 ], [ -111.677288966581472, 40.582346809144944 ], [ -111.677249611938947, 40.582545233400538 ], [ -111.677227162409196, 40.582662479365418 ], [ -111.677128094018244, 40.582915306414648 ], [ -111.677043930796629, 40.58312300203302 ], [ -111.676929955941802, 40.583303845905228 ], [ -111.676846065109217, 40.583421451824911 ], [ -111.676746086251683, 40.583584195909459 ], [ -111.676654468574611, 40.583755899720174 ], [ -111.676548217902436, 40.583882645188901 ], [ -111.676456644698973, 40.584058852972348 ], [ -111.676349481948449, 40.584329744292369 ], [ -111.676272905069254, 40.584469828938339 ], [ -111.676182421208338, 40.584637021319239 ], [ -111.676060735265736, 40.584756649644596 ], [ -111.675884524185321, 40.584859480184278 ], [ -111.675655616145505, 40.584892350119084 ], [ -111.675518598826642, 40.584897655878521 ], [ -111.675396534175604, 40.584862334480455 ], [ -111.675266379837723, 40.584845077830273 ], [ -111.675180324252111, 40.584865400210674 ] ] ] ] } },
{ "type": "Feature", "properties": { "xid": 242, "name": "COTTONWOOD DRAW", "size_of_sl": "MAJOR", "return_int": "OCCASIONAL", "starting_z": "10320 FT.", "vertical_f": "2300 FT.", "distance_t": "4600 FT.", "starting_1": "SE-S", "Shape__Are": 243678.03, "Shape__Len": 3432.9171717499999 }, "geometry": { "type": "MultiPolygon", "coordinates": [ [ [ [ -111.670360534756711, 40.587837545063991 ], [ -111.670624254325674, 40.586319834767885 ], [ -111.670864728652361, 40.585196843683754 ], [ -111.670857671951126, 40.584490595195838 ], [ -111.670676472929188, 40.5831484359272 ], [ -111.670241657283341, 40.581611356051297 ], [ -111.670228862708598, 40.580329477986069 ], [ -111.670468361235052, 40.579110098074317 ], [ -111.670788415822358, 40.578267718598383 ], [ -111.67100130346131, 40.578289004201274 ], [ -111.671184879816636, 40.578332981733382 ], [ -111.67126830236613, 40.57840456742565 ], [ -111.671337637595386, 40.578485243731606 ], [ -111.671375613808408, 40.57862015507898 ], [ -111.671383862681239, 40.578854336028769 ], [ -111.671306550264219, 40.579039465812947 ], [ -111.671238239025129, 40.579179499222356 ], [ -111.671139434162427, 40.579342231765715 ], [ -111.671061490393825, 40.579464303423848 ], [ -111.670970955071553, 40.579626987776585 ], [ -111.670909731461336, 40.579766979811673 ], [ -111.670841643648913, 40.57992953367949 ], [ -111.670795733888141, 40.580064932312702 ], [ -111.670765183355414, 40.580200241738986 ], [ -111.670727201819361, 40.580301360857099 ], [ -111.670696396271211, 40.580529462391802 ], [ -111.670697059227095, 40.580714138959777 ], [ -111.670697080534907, 40.5809528720496 ], [ -111.670696382053109, 40.581119538908773 ], [ -111.670718402240226, 40.581313100251975 ], [ -111.670750009665383, 40.581520119114202 ], [ -111.670772671751322, 40.581659623910845 ], [ -111.670826278472234, 40.581821470995941 ], [ -111.670887244613084, 40.582010301704969 ], [ -111.670963345934311, 40.582176522467229 ], [ -111.671046986951211, 40.582387743364414 ], [ -111.671146809834454, 40.582562834984202 ], [ -111.67122277736479, 40.582715543138278 ], [ -111.671398715190648, 40.582939740600416 ], [ -111.671589383574315, 40.583100790564565 ], [ -111.671772648151972, 40.583230352477301 ], [ -111.671993948374109, 40.58338221482051 ], [ -111.672161673978209, 40.583493848910983 ], [ -111.672451325599425, 40.583627295023639 ], [ -111.672596242077518, 40.583703026073138 ], [ -111.672786554442766, 40.583828040921041 ], [ -111.672901797367658, 40.583890431215387 ], [ -111.673039444968836, 40.583948186456524 ], [ -111.673092434487572, 40.583929860108789 ], [ -111.67307903098235, 40.583889398632337 ], [ -111.675180324252111, 40.584865400210674 ], [ -111.675175621201703, 40.584985244646113 ], [ -111.67524328432475, 40.585133494210105 ], [ -111.675334624682947, 40.585286109700867 ], [ -111.675396108690364, 40.585407368915824 ], [ -111.675518760151959, 40.585618358318825 ], [ -111.675617871223636, 40.585838494061932 ], [ -111.675678216968862, 40.586081378450189 ], [ -111.675716523716872, 40.586247817000924 ], [ -111.675755238677979, 40.586454792702561 ], [ -111.675769548200194, 40.586702450719258 ], [ -111.675769814524628, 40.586963704065212 ], [ -111.675747675507651, 40.587229592869477 ], [ -111.675716902312814, 40.587459497011281 ], [ -111.675694218950483, 40.58767133623698 ], [ -111.675662856082027, 40.587842686673774 ], [ -111.675594771894609, 40.588005243090407 ], [ -111.675411344026998, 40.588096403655776 ], [ -111.675259230774216, 40.588128823750615 ], [ -111.675098207843561, 40.588215348445559 ], [ -111.674938094430033, 40.588274841237819 ], [ -111.674762438385628, 40.5883164070273 ], [ -111.674572964564945, 40.588394088396846 ], [ -111.674411849608092, 40.588471603883988 ], [ -111.67426845886412, 40.588549015685551 ], [ -111.674054078907261, 40.588617832798384 ], [ -111.673763802208668, 40.588660065878194 ], [ -111.673450712462454, 40.588666396086474 ], [ -111.673244609981424, 40.588618049198196 ], [ -111.672916094581097, 40.588500146590022 ], [ -111.67267293797434, 40.588409673230629 ], [ -111.672450663454057, 40.588280340001226 ], [ -111.672291268772142, 40.588057849858785 ], [ -111.672215003968617, 40.587876316169961 ], [ -111.672024510088974, 40.587616169701903 ], [ -111.671796746751298, 40.587410292406325 ], [ -111.671604378133182, 40.587316818743403 ], [ -111.671513483644517, 40.587326355978306 ], [ -111.671451297988341, 40.587488875696302 ], [ -111.671444603316246, 40.587646568434899 ], [ -111.671482079313634, 40.587849048353007 ], [ -111.671543728830272, 40.588105440450555 ], [ -111.671650741644825, 40.588289498430605 ], [ -111.671795522407308, 40.588468832261483 ], [ -111.671955818571362, 40.588663390586696 ], [ -111.672047273639436, 40.588827719347513 ], [ -111.67214661285513, 40.588953264366623 ], [ -111.672215139368063, 40.589069979829958 ], [ -111.67229116199232, 40.589227191163054 ], [ -111.672290783416386, 40.589425386679302 ], [ -111.672231231712288, 40.589614917788346 ], [ -111.672077606898668, 40.589732925963197 ], [ -111.671924532035206, 40.589787869229305 ], [ -111.671734645097516, 40.589825008803601 ], [ -111.671566849062401, 40.589825984486737 ], [ -111.671352878098091, 40.589818219523025 ], [ -111.671223581516614, 40.589769422611717 ], [ -111.67113887300485, 40.589688835741661 ], [ -111.671055076205278, 40.589581217150645 ], [ -111.671032815843944, 40.589482249813884 ], [ -111.670985977038114, 40.589288832981296 ], [ -111.670956356867663, 40.589162882014051 ], [ -111.670934468158833, 40.58898283340158 ], [ -111.670925802737827, 40.588825229944248 ], [ -111.670864413579167, 40.588712976647386 ], [ -111.670833747290331, 40.58860054489368 ], [ -111.670764638609683, 40.588425274849108 ], [ -111.670688710477165, 40.588277070720395 ], [ -111.670589464971755, 40.588160532670038 ], [ -111.670505715974485, 40.588057417763515 ], [ -111.670452599640811, 40.587945116208225 ], [ -111.670360534756711, 40.587837545063991 ] ] ] ] } },
{ "type": "Feature", "properties": { "xid": 243, "name": "MONTE CRISTO GULLY", "size_of_sl": null, "return_int": null, "starting_z": null, "vertical_f": null, "distance_t": null, "starting_1": null, "Shape__Are": 80367.46, "Shape__Len": 2430.5388640900001 }, "geometry": { "type": "MultiPolygon", "coordinates": [ [ [ [ -111.669544659969588, 40.579018160584397 ], [ -111.669545917367586, 40.579144276545982 ], [ -111.669536586387409, 40.5792749582779 ], [ -111.669506213270566, 40.579428283971922 ], [ -111.66949128910035, 40.579590528920825 ], [ -111.669467914853115, 40.579734805230949 ], [ -111.669437765891274, 40.579910651602354 ], [ -111.669422019176238, 40.580108936504416 ], [ -111.669429992083835, 40.580316092742464 ], [ -111.669422740265048, 40.58053685040467 ], [ -111.669399171863546, 40.580780224615147 ], [ -111.669376335823102, 40.580978550564026 ], [ -111.66936154573942, 40.581154307878094 ], [ -111.669338709475568, 40.581352633808635 ], [ -111.669323667806296, 40.58150316792517 ], [ -111.669307543324621, 40.581663617989605 ], [ -111.669323233818687, 40.581933791057814 ], [ -111.669300038044383, 40.582096083842401 ], [ -111.669307696621786, 40.582271711044626 ], [ -111.669284635388991, 40.582447516235142 ], [ -111.669292742936378, 40.582668184817045 ], [ -111.669262592302786, 40.582844031067836 ], [ -111.669231484435784, 40.583042404845429 ], [ -111.669208737003515, 40.583249738970892 ], [ -111.669177628805542, 40.583448112722856 ], [ -111.669155389318746, 40.583587877906581 ], [ -111.669094786790495, 40.583790926877732 ], [ -111.669079411964304, 40.583908130285735 ], [ -111.669017402969544, 40.584088665362991 ], [ -111.668987026637566, 40.584241990819827 ], [ -111.668965010895775, 40.584404276642275 ], [ -111.668919318772637, 40.584562195168267 ], [ -111.668880581263338, 40.584706560208929 ], [ -111.668850518445538, 40.584891414581278 ], [ -111.668857548080567, 40.585003983810957 ], [ -111.668827888895009, 40.585229375405589 ], [ -111.668782913768652, 40.585459360057492 ], [ -111.668758578860661, 40.585626163632803 ], [ -111.668735560019385, 40.585806472769477 ], [ -111.668727767211308, 40.585973180559876 ], [ -111.66872129055713, 40.58615339391492 ], [ -111.668690314272311, 40.586365279868069 ], [ -111.668644290935546, 40.586608783680184 ], [ -111.668620957485288, 40.586757563814352 ], [ -111.668644245095734, 40.586960126830171 ], [ -111.668659396123857, 40.587176250121622 ], [ -111.668705269381761, 40.587392195552269 ], [ -111.668750335334252, 40.5875270665139 ], [ -111.668820215592561, 40.587661793779226 ], [ -111.668865102462775, 40.587778648145267 ], [ -111.66891848528914, 40.587917975266869 ], [ -111.668980962327353, 40.588021214531409 ], [ -111.669033941609001, 40.588120004376364 ], [ -111.669079561899196, 40.588191810452571 ], [ -111.669132915008021, 40.588209518977656 ], [ -111.66894213473978, 40.588868265586974 ], [ -111.668880524454565, 40.588733490538004 ], [ -111.668789642615863, 40.58862591130238 ], [ -111.668659901539954, 40.588532070129915 ], [ -111.668568152685538, 40.588456026496772 ], [ -111.668491720476098, 40.588375389753509 ], [ -111.668423156286011, 40.588254167874965 ], [ -111.668339365635546, 40.588146547238495 ], [ -111.668247124497483, 40.588020957846254 ], [ -111.668163379252022, 40.587917841209055 ], [ -111.668118448678015, 40.587796482428196 ], [ -111.66804870413921, 40.587675267139865 ], [ -111.668003863574413, 40.587562916578939 ], [ -111.667950482932909, 40.587423589008885 ], [ -111.667904192226942, 40.587284220415263 ], [ -111.66788916143669, 40.587198723806509 ], [ -111.667865545728773, 40.587081746060605 ], [ -111.667820616271769, 40.586960387137736 ], [ -111.6678052272446, 40.586838857415877 ], [ -111.667795522309476, 40.586694772847771 ], [ -111.667789586242392, 40.586573188468051 ], [ -111.66780484738446, 40.586444274505951 ], [ -111.667819803812478, 40.58628473240492 ], [ -111.667834957309935, 40.586145008503323 ], [ -111.667866608285394, 40.586000684815609 ], [ -111.667896075171043, 40.585874391331657 ], [ -111.667935084299003, 40.585757051454721 ], [ -111.667950595935878, 40.58565336063068 ], [ -111.667965211301407, 40.585459587044838 ], [ -111.667988142482557, 40.58527026975937 ], [ -111.668002936923756, 40.585094512710292 ], [ -111.668033825218984, 40.584873618605869 ], [ -111.668063979914194, 40.5846977727047 ], [ -111.668094403367832, 40.584548951622878 ], [ -111.66812582897748, 40.584382107141543 ], [ -111.668170805686756, 40.584152122690654 ], [ -111.668194228957418, 40.584012350857577 ], [ -111.668233790510342, 40.583831946074376 ], [ -111.668262942009136, 40.58367412348904 ], [ -111.66827840787245, 40.583565928452451 ], [ -111.668307828144805, 40.583435130685729 ], [ -111.668331161235443, 40.583286350533179 ], [ -111.668344817699733, 40.583115104366335 ], [ -111.668392693979484, 40.582939155793753 ], [ -111.668430400295307, 40.582691195660608 ], [ -111.66845392794805, 40.58244331755504 ], [ -111.668468361928092, 40.582231527255225 ], [ -111.668460840068477, 40.582069412399164 ], [ -111.668460916334269, 40.581839687572604 ], [ -111.668461351317404, 40.581645995860832 ], [ -111.668476188688828, 40.581474742798036 ], [ -111.668469339497008, 40.581380190031339 ], [ -111.668468144578569, 40.581141463733232 ], [ -111.668460578040111, 40.580974844704713 ], [ -111.668453235727696, 40.580830746376229 ], [ -111.668438356084479, 40.580641647652385 ], [ -111.668468732154508, 40.580488322247582 ], [ -111.668476749341806, 40.580344135024312 ], [ -111.668499213454183, 40.580226890598155 ], [ -111.668514588538812, 40.580109687191623 ], [ -111.668545457466067, 40.580005907314707 ], [ -111.668552831058619, 40.57991577661501 ], [ -111.668560518528537, 40.579857174906195 ], [ -111.66856780240208, 40.579758035919809 ], [ -111.668591044061387, 40.579600247351159 ], [ -111.668582789237831, 40.579483180688456 ], [ -111.668644062312225, 40.57934769398554 ], [ -111.668659123028377, 40.579198961550169 ], [ -111.668682633392223, 40.579068197804958 ], [ -111.668712185577505, 40.578950912282764 ], [ -111.6687435623666, 40.578779563362708 ], [ -111.6687893408658, 40.578630653061673 ], [ -111.668865882072097, 40.578486069022233 ], [ -111.668941555549495, 40.578373020771039 ], [ -111.669025543860272, 40.578264428715094 ], [ -111.66912469669451, 40.578254845612832 ], [ -111.669284687457164, 40.578303467186984 ], [ -111.669384783106125, 40.578388470848644 ], [ -111.669452202144086, 40.578514203417711 ], [ -111.669482771483246, 40.578617627504869 ], [ -111.669513565440525, 40.578743572290307 ], [ -111.669536358663748, 40.578896589849073 ], [ -111.669544659969588, 40.579018160584397 ] ] ] ] } },
{ "type": "Feature", "properties": { "xid": 244, "name": "MONTE CRISTO", "size_of_sl": "MAJOR", "return_int": "INFREQUENT", "starting_z": "11000 FT.", "vertical_f": "3100 FT.", "distance_t": "5800 FT.", "starting_1": "S-SW", "Shape__Are": 151565.36, "Shape__Len": 3542.8609576099998 }, "geometry": { "type": "MultiPolygon", "coordinates": [ [ [ [ -111.66775165840194, 40.592145343227656 ], [ -111.667469741011956, 40.592079406770452 ], [ -111.667270677618063, 40.592026504194941 ], [ -111.6671638319891, 40.591977573062202 ], [ -111.667058123454851, 40.591924130870936 ], [ -111.6669960932078, 40.591865931979598 ], [ -111.666966058429537, 40.591816557095051 ], [ -111.666950848727055, 40.591713043893698 ], [ -111.666972916254323, 40.591555262736463 ], [ -111.667034516583712, 40.591451305995861 ], [ -111.66709489027194, 40.59134285191255 ], [ -111.66719430424277, 40.591238676692633 ], [ -111.667270487141693, 40.591175175124846 ], [ -111.667393444733264, 40.591061854936534 ], [ -111.667484854770848, 40.590984752066142 ], [ -111.667598402995225, 40.590875990423534 ], [ -111.667690815020507, 40.590780864025575 ], [ -111.66780549943735, 40.590667591216246 ], [ -111.667888233403374, 40.590549998645002 ], [ -111.668003291981037, 40.590355644394187 ], [ -111.668087520680572, 40.590269573784703 ], [ -111.668179438021411, 40.590124901522628 ], [ -111.668262125834488, 40.590002804548888 ], [ -111.668354176972343, 40.589871644549497 ], [ -111.668437884363072, 40.589733325729178 ], [ -111.66853793726969, 40.589575092910465 ], [ -111.668621922059984, 40.589464699588007 ], [ -111.668682022236538, 40.589329219866691 ], [ -111.66877425112915, 40.589216076068354 ], [ -111.668858342791808, 40.589116492496117 ], [ -111.668926623960999, 40.588971956480407 ], [ -111.66894213473978, 40.588868265586974 ], [ -111.669132915008021, 40.588209518977656 ], [ -111.669171549770994, 40.588173260007522 ], [ -111.669185519194102, 40.588033542838559 ], [ -111.669239394539403, 40.587866568096089 ], [ -111.669268545293505, 40.587708745371664 ], [ -111.669315195731485, 40.58752829926059 ], [ -111.669376519352539, 40.587397316445831 ], [ -111.669453113939824, 40.587257236301909 ], [ -111.669529753129524, 40.587121660241536 ], [ -111.669605300247241, 40.586995099249812 ], [ -111.669675163670064, 40.586891093136558 ], [ -111.669742663659648, 40.586787100683061 ], [ -111.669795759473942, 40.586660669733419 ], [ -111.669841271136988, 40.586484734381251 ], [ -111.669872603358485, 40.586308881236533 ], [ -111.669933520307481, 40.586137360895457 ], [ -111.669978986325674, 40.585956921343104 ], [ -111.670009316162322, 40.585799091546754 ], [ -111.670047827081746, 40.585632205489574 ], [ -111.670070707484527, 40.585438383706347 ], [ -111.670093960179855, 40.585163480607257 ], [ -111.67009425548288, 40.584956276628475 ], [ -111.670063784937298, 40.584744746715657 ], [ -111.670032267868393, 40.584546736049582 ], [ -111.670009156796439, 40.584362189803578 ], [ -111.669987362255995, 40.584191149104129 ], [ -111.66997147563481, 40.584020074129668 ], [ -111.669925632589639, 40.583925747652458 ], [ -111.669903241063494, 40.583813267561055 ], [ -111.669841961437541, 40.583592907418733 ], [ -111.669803985350086, 40.583457995680732 ], [ -111.669796235436209, 40.583273360282753 ], [ -111.669773080569769, 40.583084309802238 ], [ -111.669743240934295, 40.582935837658013 ], [ -111.669704995892431, 40.582773901037129 ], [ -111.669682155926736, 40.582616379488847 ], [ -111.669652033573598, 40.582557996929516 ], [ -111.669613744062048, 40.582391556125572 ], [ -111.669597440916391, 40.582297058246816 ], [ -111.669605410925897, 40.582148366868665 ], [ -111.669604975482613, 40.581986211012286 ], [ -111.669597316170666, 40.581810583827021 ], [ -111.669582298312037, 40.581607972891348 ], [ -111.669574728941583, 40.581441353971542 ], [ -111.669567339262429, 40.581292751605154 ], [ -111.669599312507856, 40.581062841863599 ], [ -111.669590606582503, 40.580900733917822 ], [ -111.669621218419522, 40.580652814444676 ], [ -111.669628694167017, 40.580454577481227 ], [ -111.669628676681938, 40.580215844340543 ], [ -111.66964346589279, 40.580040086971024 ], [ -111.669643762779231, 40.579832882799415 ], [ -111.669666238357323, 40.579598523640186 ], [ -111.669690074937179, 40.579382174183351 ], [ -111.669742132014122, 40.579152147894256 ], [ -111.669811493056059, 40.578998596069816 ], [ -111.66986531496984, 40.578827116703614 ], [ -111.669963807652891, 40.578632856227053 ], [ -111.670101782403322, 40.578487915059014 ], [ -111.670277967891607, 40.578383291633912 ], [ -111.670544168600571, 40.578300667468866 ], [ -111.670788415822358, 40.578267718598383 ], [ -111.670468361235052, 40.579110098074317 ], [ -111.670228862708598, 40.580329477986069 ], [ -111.670241657283341, 40.581611356051297 ], [ -111.670676472929188, 40.5831484359272 ], [ -111.670857671951126, 40.584490595195838 ], [ -111.670864728652361, 40.585196843683754 ], [ -111.670624254325674, 40.586319834767885 ], [ -111.670360534756711, 40.587837545063991 ], [ -111.670306821852833, 40.587783804033343 ], [ -111.670246064248985, 40.587734608248908 ], [ -111.670185891262349, 40.587743966175218 ], [ -111.670124254200132, 40.587843420463201 ], [ -111.670093609070278, 40.587969721301143 ], [ -111.670055918990897, 40.588100567390029 ], [ -111.670024913991682, 40.588190835134988 ], [ -111.670025080970419, 40.58832596600508 ], [ -111.670032517603602, 40.588479072281423 ], [ -111.670101669395592, 40.588658846910626 ], [ -111.670185976110332, 40.588817813351319 ], [ -111.670239074722417, 40.588928313357123 ], [ -111.670307373038241, 40.589022509314184 ], [ -111.670399259567688, 40.589112063935211 ], [ -111.670490324583611, 40.589237658400329 ], [ -111.670567210090425, 40.589363335107421 ], [ -111.67059774131728, 40.589462254520718 ], [ -111.670604684474426, 40.589565815263661 ], [ -111.670536868159317, 40.589638279256526 ], [ -111.670452148573546, 40.589674806174521 ], [ -111.67034497734511, 40.589711463328115 ], [ -111.670238075821246, 40.589775145177917 ], [ -111.67015489728044, 40.589847698082977 ], [ -111.670085988452342, 40.589929176934383 ], [ -111.670025441032038, 40.590019616029274 ], [ -111.670002437082744, 40.590082810969797 ], [ -111.669971745805157, 40.590204607604178 ], [ -111.669963955706478, 40.590371315331254 ], [ -111.670055336368875, 40.590528439029704 ], [ -111.670154989207134, 40.59068551465775 ], [ -111.670238741003146, 40.590788629750087 ], [ -111.670375668716318, 40.590891436175042 ], [ -111.670521003604549, 40.591007706809286 ], [ -111.670658708874697, 40.59106996884811 ], [ -111.67077300573294, 40.591154888621254 ], [ -111.670817988434621, 40.591280750374047 ], [ -111.670818292138591, 40.591429393550207 ], [ -111.670704793255368, 40.591542662444496 ], [ -111.670544026201981, 40.591656205635353 ], [ -111.670383123654133, 40.591756236212191 ], [ -111.670207725443689, 40.591824819929904 ], [ -111.669963743373287, 40.59188929680672 ], [ -111.669719581071405, 40.591935756646116 ], [ -111.669484557566633, 40.591950632258623 ], [ -111.669216625959635, 40.591983715624522 ], [ -111.668926196866678, 40.592012424266422 ], [ -111.668743437012708, 40.592054022043079 ], [ -111.668591356340883, 40.592090937563313 ], [ -111.668277426955456, 40.59213329377431 ], [ -111.668003406168566, 40.592148391989021 ], [ -111.66775165840194, 40.592145343227656 ] ] ] ] } },
{ "type": "Feature", "properties": { "xid": 245, "name": "#10 SPRING FACE", "size_of_sl": "SIGNIFICANT", "return_int": "FREQUENT", "starting_z": "9400 FT.", "vertical_f": "1500 FT.", "distance_t": "2700 FT.", "starting_1": "SW-S", "Shape__Are": 113549.17, "Shape__Len": 1802.2116239699999 }, "geometry": { "type": "MultiPolygon", "coordinates": [ [ [ [ -111.667682627761607, 40.582353185944513 ], [ -111.667667743414626, 40.582519934756448 ], [ -111.667667261383968, 40.582709122313787 ], [ -111.66767527408517, 40.58292078276066 ], [ -111.667660568761249, 40.583105548116784 ], [ -111.667658994754831, 40.583303750764294 ], [ -111.66764529172184, 40.583470492718838 ], [ -111.667629225517814, 40.583637248325552 ], [ -111.667591157487223, 40.583849175068018 ], [ -111.667545865512253, 40.584047630343299 ], [ -111.667492391877119, 40.584255141669018 ], [ -111.667469459604476, 40.584444458897579 ], [ -111.667453616640941, 40.584633735152465 ], [ -111.667461270769934, 40.58480936243614 ], [ -111.667484957133297, 40.585052463035368 ], [ -111.667484385109319, 40.585232642236406 ], [ -111.667454183896027, 40.585403983845502 ], [ -111.667424985022365, 40.58555730206222 ], [ -111.667400422835968, 40.585701584684209 ], [ -111.667370489845084, 40.585899951089829 ], [ -111.667279068840145, 40.586094168300761 ], [ -111.667194647397565, 40.586279336211618 ], [ -111.667133499522876, 40.586428334470661 ], [ -111.66617868617864, 40.584996942345839 ], [ -111.666088253596911, 40.584814585301103 ], [ -111.666020056922562, 40.584610478863112 ], [ -111.665988864571815, 40.584443995978432 ], [ -111.665936046808611, 40.584241602567531 ], [ -111.665897899486126, 40.584088672937781 ], [ -111.665874862477636, 40.583910431556575 ], [ -111.665859837422687, 40.583706018468881 ], [ -111.665829246829304, 40.583480974859327 ], [ -111.66580623703102, 40.583305435927628 ], [ -111.665760777989021, 40.583130026374121 ], [ -111.665737411240144, 40.582918454280097 ], [ -111.665691907998891, 40.582738540542152 ], [ -111.665653940738267, 40.582603627350224 ], [ -111.665638800611106, 40.582387503409663 ], [ -111.66561521129465, 40.582153410545367 ], [ -111.665598244126031, 40.581991349911448 ], [ -111.665599556357591, 40.581766122341413 ], [ -111.665607758411923, 40.581639951871665 ], [ -111.665600198895746, 40.581473332614578 ], [ -111.665607507990615, 40.58125707927146 ], [ -111.665614995634101, 40.581058842494393 ], [ -111.665630753782708, 40.580860558053359 ], [ -111.665653734806284, 40.58067574518541 ], [ -111.665676313862093, 40.580450395012441 ], [ -111.665676578325304, 40.580238686624952 ], [ -111.665676485603328, 40.579990945075259 ], [ -111.665683773749038, 40.579891806239317 ], [ -111.665676366105259, 40.579740501028269 ], [ -111.665683835577482, 40.579540462539946 ], [ -111.665714262133434, 40.579391641929462 ], [ -111.665760181725645, 40.579256245222908 ], [ -111.665836908809524, 40.579129679728574 ], [ -111.665928036606388, 40.579025553176294 ], [ -111.666111497619042, 40.578938911766677 ], [ -111.666293955440068, 40.578870293461399 ], [ -111.66650048929921, 40.578846579981303 ], [ -111.666699110445293, 40.57885894701942 ], [ -111.666928405164256, 40.578866632224482 ], [ -111.667049362548099, 40.578910977839541 ], [ -111.667156589893025, 40.579000446647207 ], [ -111.667248637369468, 40.579108020645485 ], [ -111.667355444746505, 40.579274066523567 ], [ -111.667423353330733, 40.579449345855728 ], [ -111.667477174009051, 40.579633715349566 ], [ -111.667522366399368, 40.579782099459912 ], [ -111.667583276566248, 40.579966427924724 ], [ -111.667598467074953, 40.58018705579795 ], [ -111.667598987159096, 40.580358220035222 ], [ -111.66761350612785, 40.580511285758597 ], [ -111.667629206669517, 40.580664344647019 ], [ -111.667606696120103, 40.580777084766332 ], [ -111.667614439633638, 40.580961720440598 ], [ -111.667606627218035, 40.581245542822835 ], [ -111.667621280768714, 40.581412120944506 ], [ -111.66762971332966, 40.58154720421367 ], [ -111.667621738996402, 40.581695895504943 ], [ -111.667622035291473, 40.581844538991589 ], [ -111.667644914926683, 40.582006565149428 ], [ -111.667667929035687, 40.582182103719717 ], [ -111.667682627761607, 40.582353185944513 ] ] ] ] } },
{ "type": "Feature", "properties": { "xid": 246, "name": "#10 SPRINGS GULLY", "size_of_sl": "SIGNIFICANT", "return_int": "FREQUENT", "starting_z": "9400 FT.", "vertical_f": "1400 FT.", "distance_t": "2900 FT.", "starting_1": "SE-S", "Shape__Are": 103633.95, "Shape__Len": 1935.97112485 }, "geometry": { "type": "MultiPolygon", "coordinates": [ [ [ [ -111.667133499522876, 40.586428334470661 ], [ -111.667065172238793, 40.586568365361963 ], [ -111.666995797308985, 40.586721915448223 ], [ -111.666897615973667, 40.586830587843977 ], [ -111.666767262382848, 40.58691241949149 ], [ -111.666538968697409, 40.587008329369986 ], [ -111.666370534390097, 40.587063353925529 ], [ -111.666203147333107, 40.587104859007404 ], [ -111.666049894777828, 40.587141777950364 ], [ -111.665882462647247, 40.587178778431614 ], [ -111.665622819489059, 40.587211805670307 ], [ -111.665402035545739, 40.587231095294911 ], [ -111.665164753437622, 40.587254983898958 ], [ -111.664959151805604, 40.58725616766516 ], [ -111.664661250126031, 40.587244369017696 ], [ -111.664410301245653, 40.587200768768405 ], [ -111.664242199569699, 40.587170204780939 ], [ -111.664136278162616, 40.587094239092849 ], [ -111.664043176554131, 40.587000182023303 ], [ -111.663967710307034, 40.586897014715383 ], [ -111.663945015883669, 40.586753004471625 ], [ -111.663921496288182, 40.586645034136517 ], [ -111.663944751044113, 40.586487246585477 ], [ -111.663967961151243, 40.586324954885391 ], [ -111.664005368165249, 40.586164383326725 ], [ -111.664013110354148, 40.585991369970351 ], [ -111.664036676526507, 40.585865111375242 ], [ -111.664034716412175, 40.585666929157661 ], [ -111.664035520420413, 40.585509270621948 ], [ -111.664013428849913, 40.585306699720604 ], [ -111.663967750343986, 40.585108768786533 ], [ -111.663944231323796, 40.585000798421156 ], [ -111.663899221303083, 40.584870429578437 ], [ -111.663868479425886, 40.584748987510849 ], [ -111.663860567494424, 40.58454633505881 ], [ -111.663829469586574, 40.584388859831975 ], [ -111.663806954501254, 40.584262866060563 ], [ -111.663791707004094, 40.584154848113805 ], [ -111.663769699687506, 40.584080201557725 ], [ -111.663730378623882, 40.58404709495035 ], [ -111.664326296976171, 40.582174343544203 ], [ -111.66439511587663, 40.582083859739832 ], [ -111.66439306583392, 40.581876669118479 ], [ -111.664401916893596, 40.58169644219349 ], [ -111.664423452635745, 40.581484611497991 ], [ -111.664448532791369, 40.581272760403351 ], [ -111.66447878454052, 40.581105923556827 ], [ -111.664516303481022, 40.580957062496715 ], [ -111.664562962272115, 40.580776618031109 ], [ -111.664585344209058, 40.58065036603027 ], [ -111.66464642133937, 40.580494162336777 ], [ -111.664700106036648, 40.580307371215163 ], [ -111.664769033922482, 40.580108780898179 ], [ -111.664837181252238, 40.579950734642672 ], [ -111.664927999516848, 40.579815079856886 ], [ -111.665065876710429, 40.579778250913115 ], [ -111.665187882180746, 40.579809079230053 ], [ -111.665264300561105, 40.579889718386781 ], [ -111.665301953064557, 40.579993102775596 ], [ -111.665295155205783, 40.580141787180594 ], [ -111.665249724921722, 40.580326729282973 ], [ -111.66521133877464, 40.580507126396284 ], [ -111.665173866232251, 40.580660491823863 ], [ -111.665149925460881, 40.580867832131119 ], [ -111.665089268523488, 40.581066375028186 ], [ -111.665042789392857, 40.581264836263486 ], [ -111.664974218012603, 40.581499459857604 ], [ -111.664936053506551, 40.581702377572341 ], [ -111.664913716506859, 40.581833133759382 ], [ -111.664897733050225, 40.582008897370557 ], [ -111.664891067951771, 40.582171094138751 ], [ -111.664882262759718, 40.582355825219807 ], [ -111.66489742236034, 40.582454834759311 ], [ -111.664928789430007, 40.582639334596223 ], [ -111.664944618233221, 40.582805906266046 ], [ -111.664988937980738, 40.582985827113632 ], [ -111.665043579610611, 40.583134157717645 ], [ -111.665095033761844, 40.583318541837428 ], [ -111.665127003332202, 40.583444480934979 ], [ -111.66517315166989, 40.583570338374216 ], [ -111.665233701980185, 40.58371863484669 ], [ -111.665326199283314, 40.583871251679327 ], [ -111.665448727092354, 40.584073243820228 ], [ -111.66552318938642, 40.584194433590184 ], [ -111.665637735912981, 40.584306383535363 ], [ -111.665707293903935, 40.584409583848547 ], [ -111.665782938614171, 40.584530766627907 ], [ -111.665837136625015, 40.584634055387738 ], [ -111.665935008370482, 40.584732587948864 ], [ -111.665987757140485, 40.584808858601477 ], [ -111.666057271515342, 40.584907554546398 ], [ -111.66611938381719, 40.584974762348978 ], [ -111.66617868617864, 40.584996942345839 ], [ -111.667133499522876, 40.586428334470661 ] ] ] ] } },
{ "type": "Feature", "properties": { "xid": 247, "name": "TED'S HOUSE", "size_of_sl": "SIGNIFICANT", "return_int": "FREQUENT", "starting_z": "9280 FT.", "vertical_f": "1320 FT.", "distance_t": "2350 FT.", "starting_1": "S-SW", "Shape__Are": 99763.165000099994, "Shape__Len": 1816.37148217 }, "geometry": { "type": "MultiPolygon", "coordinates": [ [ [ [ -111.66432524376151, 40.579201444758148 ], [ -111.66432593369079, 40.579390625689172 ], [ -111.664310528427407, 40.579624943197089 ], [ -111.664295256736096, 40.579872773131392 ], [ -111.664288255396926, 40.58012055549375 ], [ -111.664295922116764, 40.58041780191072 ], [ -111.664294516362702, 40.580634021262377 ], [ -111.664288161798552, 40.580827747059267 ], [ -111.664296163546311, 40.581039407894863 ], [ -111.664287552877639, 40.581243957214689 ], [ -111.66429500216357, 40.581399766643386 ], [ -111.664325497455593, 40.581615802499407 ], [ -111.664318207150671, 40.581714941237429 ], [ -111.664310492828463, 40.581890657218288 ], [ -111.664318361134846, 40.582088805580213 ], [ -111.664326296976171, 40.582174343544203 ], [ -111.663730378623882, 40.58404709495035 ], [ -111.663700058706254, 40.584087808751789 ], [ -111.663692989871222, 40.584209468131654 ], [ -111.663700411486047, 40.584362575041609 ], [ -111.66370043205022, 40.584484193682499 ], [ -111.663707631099555, 40.584614779871828 ], [ -111.663700606759605, 40.584740943383871 ], [ -111.663707672269652, 40.584858017140292 ], [ -111.663707737384087, 40.584984139912898 ], [ -111.663699887630074, 40.585146343343112 ], [ -111.663693041330689, 40.585290523411665 ], [ -111.663684853132864, 40.585418495354524 ], [ -111.663685033982091, 40.58555632888396 ], [ -111.663654822924514, 40.585727669567483 ], [ -111.663609046192647, 40.585878379435592 ], [ -111.663555185046292, 40.586048054191707 ], [ -111.663486450039542, 40.586147545757647 ], [ -111.663402220495669, 40.586233613078868 ], [ -111.663311593220328, 40.586270168708261 ], [ -111.663189018090819, 40.586302403296905 ], [ -111.663036413470024, 40.586285261760601 ], [ -111.662923627588896, 40.586231856330969 ], [ -111.662830795685338, 40.586164823099949 ], [ -111.662769644815128, 40.586075086034874 ], [ -111.662723810407329, 40.58598075666432 ], [ -111.662693470240114, 40.585899851576478 ], [ -111.662678313039223, 40.585800841787133 ], [ -111.662670289892105, 40.585706295465116 ], [ -111.662670182251375, 40.585575668549659 ], [ -111.662692658145218, 40.585458425265145 ], [ -111.66273185399919, 40.585359103638822 ], [ -111.662730964802222, 40.585269020781787 ], [ -111.662739172588829, 40.585142850546269 ], [ -111.662747113585269, 40.58498965544922 ], [ -111.662738779235994, 40.584863580116469 ], [ -111.662723355472309, 40.584737545454246 ], [ -111.662701109074391, 40.584638576319954 ], [ -111.662678329283409, 40.584485557456865 ], [ -111.662664042843858, 40.584355011854811 ], [ -111.662647863657412, 40.584152406724833 ], [ -111.662647667199224, 40.584012771486059 ], [ -111.662616527945971, 40.583850791749839 ], [ -111.662593881983327, 40.583711285278341 ], [ -111.662588000116955, 40.583594204637023 ], [ -111.662593844905075, 40.583468047929735 ], [ -111.662593755254463, 40.583339222620353 ], [ -111.662601945332966, 40.583211250694596 ], [ -111.662616709053793, 40.583030990021044 ], [ -111.662623983413141, 40.58281023270316 ], [ -111.662609945620204, 40.582585093229191 ], [ -111.662616482915553, 40.582409384124972 ], [ -111.662640520900084, 40.582211052622917 ], [ -111.66260947145139, 40.582058081118724 ], [ -111.662586115042373, 40.581846508267169 ], [ -111.662586878083161, 40.581684345465455 ], [ -111.662571010983413, 40.581513269246329 ], [ -111.662571374081807, 40.581310569120134 ], [ -111.662556421984945, 40.581112461232351 ], [ -111.662548088573089, 40.580986385794915 ], [ -111.662495399041305, 40.580675884291395 ], [ -111.662465087836011, 40.580477864455162 ], [ -111.66242615089034, 40.580243858853819 ], [ -111.662365565570738, 40.580091056600196 ], [ -111.662297021053917, 40.579969830758742 ], [ -111.662256477165599, 40.579812409129914 ], [ -111.6622807819125, 40.579641102499131 ], [ -111.662318953366949, 40.579438185535743 ], [ -111.662349387348783, 40.579289365750789 ], [ -111.662410690644407, 40.579155683911637 ], [ -111.662532746579473, 40.579072102922638 ], [ -111.662769823009512, 40.579030203320421 ], [ -111.663013943510165, 40.578983758399289 ], [ -111.663258375063023, 40.578968841995987 ], [ -111.663471954706964, 40.578940589070996 ], [ -111.663684575262636, 40.57893486327535 ], [ -111.663838344779663, 40.578951997317482 ], [ -111.664004976969736, 40.578955544010654 ], [ -111.664157787865008, 40.578995205150584 ], [ -111.664279055568016, 40.579071082702853 ], [ -111.66432524376151, 40.579201444758148 ] ] ] ] } },
{ "type": "Feature", "properties": { "xid": 248, "name": "VALERIE'S", "size_of_sl": "SIGNIFICANT", "return_int": "FREQUENT", "starting_z": "9000 FT.", "vertical_f": "900 FT.", "distance_t": "1400 FT.", "starting_1": "S-SE", "Shape__Are": 57537.04, "Shape__Len": 1233.39585786 }, "geometry": { "type": "MultiPolygon", "coordinates": [ [ [ [ -111.660449871856386, 40.584737053422153 ], [ -111.660449842235565, 40.58485416795655 ], [ -111.660448941181443, 40.585002818260641 ], [ -111.660412238216097, 40.585115638067791 ], [ -111.660358860051844, 40.585215039996172 ], [ -111.660289988230787, 40.585301017269522 ], [ -111.660213982422079, 40.585382530877503 ], [ -111.660091938771487, 40.585468811924734 ], [ -111.659954357043034, 40.585537164024529 ], [ -111.659801502880356, 40.585614611993265 ], [ -111.659695469489748, 40.585646748391731 ], [ -111.658332363312283, 40.584133840068723 ], [ -111.657842014765151, 40.583292509095351 ], [ -111.657532939301959, 40.582620410536023 ], [ -111.657483039507056, 40.582109895499471 ], [ -111.657459399709225, 40.581988411217694 ], [ -111.65739210528838, 40.58187348153713 ], [ -111.657337728494056, 40.581750370384583 ], [ -111.65727632449692, 40.581633605350575 ], [ -111.657185206401465, 40.581498991727841 ], [ -111.657109272086288, 40.581346274049658 ], [ -111.657070229490657, 40.581220372886804 ], [ -111.657100852180449, 40.58108957103866 ], [ -111.657200310888243, 40.580989908384801 ], [ -111.657291895535494, 40.580930830067643 ], [ -111.657452316180411, 40.580902890733057 ], [ -111.657574099778344, 40.580911206342144 ], [ -111.657711772415155, 40.5809734841799 ], [ -111.657795360539083, 40.581063096259179 ], [ -111.657901750667065, 40.581188613626459 ], [ -111.657978382628045, 40.581291778391929 ], [ -111.658046479369347, 40.581367965316986 ], [ -111.658138515645234, 40.581475546619551 ], [ -111.658215192452332, 40.581583215367338 ], [ -111.658276333096055, 40.581672954992499 ], [ -111.658359922851247, 40.581762566639739 ], [ -111.658443662997527, 40.581867492331504 ], [ -111.65852019056193, 40.581959846754536 ], [ -111.658565707038392, 40.582022648881669 ], [ -111.658626936915155, 40.582121396605871 ], [ -111.658701296373906, 40.582233582629534 ], [ -111.658779112303876, 40.582336740088785 ], [ -111.658856029789661, 40.582468730782104 ], [ -111.658924332052109, 40.582565636240176 ], [ -111.659000746147825, 40.582646279536618 ], [ -111.65909978654237, 40.582744811283476 ], [ -111.659168283995584, 40.582861534839097 ], [ -111.659252097547309, 40.582973666540958 ], [ -111.65933630943843, 40.583126335506599 ], [ -111.659404586531906, 40.583220538170515 ], [ -111.659496494829284, 40.583314605877717 ], [ -111.65958044223828, 40.583440249765488 ], [ -111.659672351085078, 40.583534317324947 ], [ -111.659763167150373, 40.583637399850012 ], [ -111.659848075705909, 40.583740516047023 ], [ -111.659923576314668, 40.583848190326513 ], [ -111.659985296888365, 40.583996482881616 ], [ -111.660061196519038, 40.584144694378573 ], [ -111.660116301314332, 40.584220954272645 ], [ -111.660213159708306, 40.58433751509547 ], [ -111.660274349859478, 40.584431757725753 ], [ -111.660360397488233, 40.584530362618466 ], [ -111.660403908726323, 40.584629210640188 ], [ -111.660449871856386, 40.584737053422153 ] ] ] ] } },
{ "type": "Feature", "properties": { "xid": 249, "name": "HILTON", "size_of_sl": "SIGNIFICANT", "return_int": "FREQUENT", "starting_z": "9280 FT.", "vertical_f": "960 FT.", "distance_t": "1800 FT.", "starting_1": "S-SE", "Shape__Are": 86047.065000100003, "Shape__Len": 1408.48189938 }, "geometry": { "type": "MultiPolygon", "coordinates": [ [ [ [ -111.655979111839144, 40.582981488996602 ], [ -111.656249097598646, 40.583403369130409 ], [ -111.656783631321147, 40.584052568244608 ], [ -111.657364556203262, 40.584490694910677 ], [ -111.659145877192657, 40.585875105743526 ], [ -111.65922063978428, 40.586027828630726 ], [ -111.65935885529575, 40.58614415410068 ], [ -111.65952739473137, 40.586219766688686 ], [ -111.659725979179839, 40.586346557567857 ], [ -111.659908902446958, 40.586442807670984 ], [ -111.660053766827517, 40.586514050338373 ], [ -111.66018309344733, 40.586567364037428 ], [ -111.660305685013384, 40.586656751269054 ], [ -111.660366744541037, 40.586737481363421 ], [ -111.660374498764426, 40.586805002990118 ], [ -111.660328120313423, 40.586895356066933 ], [ -111.660275319811134, 40.586933494828095 ], [ -111.660221390786958, 40.586977045291647 ], [ -111.660145028711824, 40.587022525695566 ], [ -111.660046215819946, 40.587068134338146 ], [ -111.659923814721381, 40.587118382056829 ], [ -111.659809596232947, 40.587159574112341 ], [ -111.659657300259028, 40.587173957131682 ], [ -111.659504827231984, 40.587170323373421 ], [ -111.659305089483382, 40.587166959197553 ], [ -111.659062282889451, 40.587109787654377 ], [ -111.658817290269852, 40.587070645655935 ], [ -111.658581574122167, 40.587013432659084 ], [ -111.658337410395546, 40.586938249736519 ], [ -111.658115653710624, 40.586858434238181 ], [ -111.657956567119982, 40.586782765755039 ], [ -111.65777262293301, 40.586702734206369 ], [ -111.657650475829257, 40.586658385725698 ], [ -111.657505613645156, 40.586587140028549 ], [ -111.657369155324844, 40.586529359515836 ], [ -111.657184992076267, 40.586426806282311 ], [ -111.657046956028481, 40.586328494780901 ], [ -111.656872114434989, 40.586212374825287 ], [ -111.656659241971369, 40.586073948814075 ], [ -111.656482955861648, 40.585930810083298 ], [ -111.656337391969501, 40.585787496519103 ], [ -111.656208679152684, 40.58567561782916 ], [ -111.656078653132681, 40.585550233255347 ], [ -111.655895236108265, 40.585402629711922 ], [ -111.655727224493361, 40.585259442820018 ], [ -111.655583109139783, 40.585143146453859 ], [ -111.655461400365212, 40.585022218364017 ], [ -111.655369451343418, 40.584923643298289 ], [ -111.655232294931182, 40.584793793804451 ], [ -111.655124722382581, 40.584668280763402 ], [ -111.654987654846366, 40.584547439266473 ], [ -111.654888459588463, 40.584432689055866 ], [ -111.654804589931018, 40.584314248362425 ], [ -111.65473614243534, 40.584202026351946 ], [ -111.654682005708381, 40.584103236391357 ], [ -111.654606311168976, 40.583974839531777 ], [ -111.65459097314185, 40.583856010286389 ], [ -111.654598365831319, 40.58376588038842 ], [ -111.654636259440878, 40.583653055636148 ], [ -111.654713056423745, 40.583531001576347 ], [ -111.654834927864528, 40.583426709551269 ], [ -111.654972290908873, 40.583335842760356 ], [ -111.655094425259065, 40.583258575372469 ], [ -111.655285133138776, 40.583185423271935 ], [ -111.65549850986686, 40.583134664224204 ], [ -111.655643488461052, 40.583097806225751 ], [ -111.655781421602256, 40.583065492444 ], [ -111.655911039784741, 40.583028721311393 ], [ -111.655979111839144, 40.582981488996602 ] ] ] ] } },
{ "type": "Feature", "properties": { "xid": 250, "name": "VALERIE'S EAST", "size_of_sl": "SIGNIFICANT", "return_int": "FREQUENT", "starting_z": "9000 FT.", "vertical_f": "800 FT.", "distance_t": "1350 FT.", "starting_1": "S-SE", "Shape__Are": 41859.7899999, "Shape__Len": 1080.80397507 }, "geometry": { "type": "MultiPolygon", "coordinates": [ [ [ [ -111.655979111839144, 40.582981488996602 ], [ -111.656026039211184, 40.582946989050434 ], [ -111.656139812800163, 40.582860759236667 ], [ -111.656238534195694, 40.582806145628872 ], [ -111.656368496612686, 40.582683788411522 ], [ -111.656505635860967, 40.582570399060003 ], [ -111.656688986705717, 40.582470260046719 ], [ -111.65688043149251, 40.582352057111024 ], [ -111.65704763638881, 40.582292548951003 ], [ -111.657154671012435, 40.582242391673006 ], [ -111.657290106317177, 40.582196577096795 ], [ -111.657413814326162, 40.582159837906993 ], [ -111.657483039507056, 40.582109895499471 ], [ -111.657532939301959, 40.582620410536023 ], [ -111.657842014765151, 40.583292509095351 ], [ -111.658332363312283, 40.584133840068723 ], [ -111.659695469489748, 40.585646748391731 ], [ -111.659519766304868, 40.585683786894464 ], [ -111.659381873896379, 40.585720609299266 ], [ -111.659206479907922, 40.58578917634722 ], [ -111.659145877192657, 40.585875105743526 ], [ -111.657364556203262, 40.584490694910677 ], [ -111.656783631321147, 40.584052568244608 ], [ -111.656249097598646, 40.583403369130409 ], [ -111.655979111839144, 40.582981488996602 ] ] ] ] } },
{ "type": "Feature", "properties": { "xid": 251, "name": "MAIN SUPERIOR", "size_of_sl": "MAJOR", "return_int": "FREQUENT", "starting_z": "10960 FT.", "vertical_f": "2760 FT.", "distance_t": "5000 FT.", "starting_1": "SE-S-SW", "Shape__Are": 381329.43, "Shape__Len": 3593.1895181599998 }, "geometry": { "type": "MultiPolygon", "coordinates": [ [ [ [ -111.660488381107271, 40.59225466981632 ], [ -111.659300668470379, 40.590928154703128 ], [ -111.658255195003136, 40.589881890740919 ], [ -111.656168424492009, 40.588085699245305 ], [ -111.655125945186228, 40.587336679483037 ], [ -111.653476378973096, 40.586129835802225 ], [ -111.652302917604473, 40.58515000497016 ], [ -111.651058535317986, 40.58416425556851 ], [ -111.651798728260644, 40.583362802375142 ], [ -111.651958850220637, 40.583424960369371 ], [ -111.652119059965145, 40.583496126446427 ], [ -111.652203125407112, 40.583513669436051 ], [ -111.65243199722272, 40.583597960583681 ], [ -111.652653736475301, 40.583677787174246 ], [ -111.65285149469517, 40.583721713669867 ], [ -111.653003259938529, 40.583774908637395 ], [ -111.653246312371849, 40.583859117998841 ], [ -111.653462145623578, 40.583938976429295 ], [ -111.653629403705352, 40.58400559612609 ], [ -111.653812110183935, 40.584081136941393 ], [ -111.654003570636021, 40.584206176303866 ], [ -111.654186716927171, 40.584326758031061 ], [ -111.654369688284916, 40.584429322855776 ], [ -111.654543471070994, 40.584558965852445 ], [ -111.654674366449782, 40.584652816461713 ], [ -111.654827800012157, 40.584755547955076 ], [ -111.654995676630193, 40.584885223741772 ], [ -111.655132788828027, 40.585010569366666 ], [ -111.655269989456897, 40.585144923121597 ], [ -111.65537611766679, 40.585243417815555 ], [ -111.655544040543532, 40.585377596926051 ], [ -111.655750038926158, 40.585538586035987 ], [ -111.655950306352437, 40.585717624910522 ], [ -111.656131361174118, 40.5858652417743 ], [ -111.656292417671025, 40.586021980769864 ], [ -111.656506382735301, 40.586151392454219 ], [ -111.65667308448586, 40.586281072435042 ], [ -111.656811163958096, 40.586383888536488 ], [ -111.656956289420734, 40.586482159999342 ], [ -111.65713117595314, 40.586602783962462 ], [ -111.657314202094852, 40.586709848146157 ], [ -111.657497228818755, 40.586816912033328 ], [ -111.657642400339654, 40.586919686757966 ], [ -111.657886131960979, 40.58707144836675 ], [ -111.658054804555604, 40.587160575523292 ], [ -111.658245840054406, 40.587240566202908 ], [ -111.65840514892129, 40.587338754996679 ], [ -111.658588134904662, 40.587441312971691 ], [ -111.658734137504197, 40.587508046394078 ], [ -111.658939265884356, 40.587578946755102 ], [ -111.659107631597806, 40.587636543334916 ], [ -111.659344532002038, 40.587693748486686 ], [ -111.65954239481033, 40.587746671658032 ], [ -111.659733035362279, 40.58778612254973 ], [ -111.659916630630335, 40.587830117772619 ], [ -111.660076327808113, 40.587847222891128 ], [ -111.66025979056721, 40.587877705135575 ], [ -111.660480977060459, 40.587898962600072 ], [ -111.660648812981734, 40.587902507200425 ], [ -111.660793149298243, 40.587919699180439 ], [ -111.660976479527307, 40.58793666785467 ], [ -111.661167948190496, 40.587940076466182 ], [ -111.661350096930235, 40.587957051309694 ], [ -111.661502660574939, 40.587969690900678 ], [ -111.661586689607233, 40.58798272284271 ], [ -111.6617096237498, 40.587986523067357 ], [ -111.661853960501034, 40.588003713717981 ], [ -111.662029241860907, 40.588043248817833 ], [ -111.662159799041945, 40.58810105762312 ], [ -111.662281125535969, 40.58818144118348 ], [ -111.662380267864137, 40.588288978203501 ], [ -111.662426547853045, 40.588428349071357 ], [ -111.662380304406923, 40.588532215355961 ], [ -111.66228066468662, 40.588613865804938 ], [ -111.662204835335459, 40.588713397249414 ], [ -111.662197807845246, 40.588839560606345 ], [ -111.662244647440161, 40.588915866793045 ], [ -111.662319757861695, 40.588983002071068 ], [ -111.662435000114769, 40.589045402759702 ], [ -111.662556061932193, 40.589098761161672 ], [ -111.662753975821659, 40.589156182906308 ], [ -111.662937888122556, 40.589231702249435 ], [ -111.663120218749725, 40.589266690824672 ], [ -111.663288191689375, 40.589283743979024 ], [ -111.663494066704075, 40.589309587972792 ], [ -111.663783973022888, 40.589348461921908 ], [ -111.663998209110616, 40.589383265757355 ], [ -111.664211174627425, 40.589409067711735 ], [ -111.664432367321879, 40.589430317554509 ], [ -111.664622881653443, 40.589456247890119 ], [ -111.664821890766092, 40.589504650991188 ], [ -111.665028123977436, 40.589566525339897 ], [ -111.665241849242165, 40.589668895718965 ], [ -111.665409150994336, 40.589737299743142 ], [ -111.665584733660154, 40.589806556686526 ], [ -111.665729763146899, 40.589893106153752 ], [ -111.665927867621207, 40.590088355794421 ], [ -111.666073148431806, 40.59020012797987 ], [ -111.666210470929471, 40.59034347663507 ], [ -111.666325208060627, 40.59047344223027 ], [ -111.666431450315798, 40.590580934752765 ], [ -111.666544917156585, 40.590701898665152 ], [ -111.666652833855778, 40.590858929640092 ], [ -111.666714352221192, 40.590984697578278 ], [ -111.666767643757595, 40.591115017362696 ], [ -111.666798393940667, 40.591236458460912 ], [ -111.666828741539874, 40.591317362337982 ], [ -111.666820630333689, 40.591452540943649 ], [ -111.666797515011382, 40.591623841301363 ], [ -111.666752636873852, 40.591745718958123 ], [ -111.666675360611151, 40.591818235275795 ], [ -111.666561585669541, 40.591904475346766 ], [ -111.666439225490777, 40.591959234093146 ], [ -111.666309953740907, 40.592032050148582 ], [ -111.666134416471195, 40.592087115312935 ], [ -111.665935378879567, 40.592155828875605 ], [ -111.66567671956291, 40.592170833007039 ], [ -111.665470367735296, 40.592217065959858 ], [ -111.665180849799995, 40.592218733584986 ], [ -111.66487365086472, 40.592225006651489 ], [ -111.664638625140441, 40.59223987241932 ], [ -111.664417556867065, 40.592232135462922 ], [ -111.664142352978075, 40.592247231324748 ], [ -111.663860794956506, 40.592217319126206 ], [ -111.663562737822801, 40.592192005417395 ], [ -111.663334446035591, 40.592170794706504 ], [ -111.662976077839616, 40.592141321426489 ], [ -111.662671934957061, 40.592098022776234 ], [ -111.662357157123168, 40.592054784308395 ], [ -111.662174730418457, 40.592010786325474 ], [ -111.661953441029681, 40.59198052395314 ], [ -111.661716656502293, 40.591936836746207 ], [ -111.661442057842763, 40.591893365596817 ], [ -111.661236663699128, 40.591917063542652 ], [ -111.661075952285827, 40.591917983438442 ], [ -111.660869509262795, 40.591955199913855 ], [ -111.660740187057669, 40.59202350564356 ], [ -111.660618220789047, 40.592118795515937 ], [ -111.660488381107271, 40.59225466981632 ] ] ] ] } },
{ "type": "Feature", "properties": { "xid": 252, "name": "LITTLE SUPERIOR", "size_of_sl": "MAJOR", "return_int": "FREQUENT", "starting_z": "10200 FT.", "vertical_f": "2000 FT.", "distance_t": "3700 FT.", "starting_1": "SE-S-SW", "Shape__Are": 197537.665, "Shape__Len": 2773.19273423 }, "geometry": { "type": "MultiPolygon", "coordinates": [ [ [ [ -111.656917485915685, 40.59302276269527 ], [ -111.656554297858037, 40.592259080823887 ], [ -111.656327105500409, 40.591141480530517 ], [ -111.655754787954507, 40.589896112791735 ], [ -111.654055984660033, 40.588131012384615 ], [ -111.651400061140066, 40.585385725166553 ], [ -111.650715036546416, 40.584688701533757 ], [ -111.650814466407084, 40.584584540171797 ], [ -111.650883262387126, 40.584489560141193 ], [ -111.650951970837355, 40.584385571761132 ], [ -111.650998403939127, 40.584299726480062 ], [ -111.651035515397083, 40.584227446918085 ], [ -111.651065974127278, 40.584200248844908 ], [ -111.651058535317986, 40.58416425556851 ], [ -111.652302917604473, 40.58515000497016 ], [ -111.653476378973096, 40.586129835802225 ], [ -111.655125945186228, 40.587336679483037 ], [ -111.656168424492009, 40.588085699245305 ], [ -111.658255195003136, 40.589881890740919 ], [ -111.659300668470379, 40.590928154703128 ], [ -111.660488381107271, 40.59225466981632 ], [ -111.660343400223994, 40.592413152494004 ], [ -111.660282010154731, 40.592539626434025 ], [ -111.660220929977427, 40.592697629316071 ], [ -111.660176172072582, 40.592833016911925 ], [ -111.660145638932676, 40.592972827583836 ], [ -111.660098650140213, 40.593121741070711 ], [ -111.660030611537096, 40.593293296780537 ], [ -111.659870353440454, 40.593460874923281 ], [ -111.659671747910309, 40.593574619149173 ], [ -111.659428191593889, 40.593684115273085 ], [ -111.659252246079049, 40.593698632786008 ], [ -111.659031085031657, 40.593681877275564 ], [ -111.65877893378746, 40.593638271741632 ], [ -111.658588011938832, 40.593571794599377 ], [ -111.65844331049658, 40.593518566848381 ], [ -111.658260573074742, 40.593443033722266 ], [ -111.658077924381914, 40.59337650858437 ], [ -111.657993403530469, 40.593313928599549 ], [ -111.657886606634705, 40.593269493000037 ], [ -111.657749957778705, 40.593193696547566 ], [ -111.657550589633104, 40.593109248206595 ], [ -111.657306360658907, 40.593029559205597 ], [ -111.657108836690568, 40.593012665495145 ], [ -111.656917485915685, 40.59302276269527 ] ] ] ] } },
{ "type": "Feature", "properties": { "xid": 253, "name": "HELLGATE BACKBOWL", "size_of_sl": null, "return_int": null, "starting_z": null, "vertical_f": null, "distance_t": null, "starting_1": null, "Shape__Are": 201872.84, "Shape__Len": 2764.5583233900002 }, "geometry": { "type": "MultiPolygon", "coordinates": [ [ [ [ -111.653431256873631, 40.589628205971273 ], [ -111.652072244154098, 40.588044032039541 ], [ -111.651173015813285, 40.586708595967721 ], [ -111.651204045570466, 40.586618333069154 ], [ -111.651187636133983, 40.58651032001125 ], [ -111.651127114151166, 40.586362016026683 ], [ -111.651074118853444, 40.586258713571205 ], [ -111.65098217450938, 40.586160134997414 ], [ -111.650929546419462, 40.586094667353379 ], [ -111.650813909392184, 40.585989915993281 ], [ -111.650714963522233, 40.585900385446607 ], [ -111.65056977852872, 40.585794899406459 ], [ -111.650455324175027, 40.585690141018816 ], [ -111.650364519484853, 40.585587051123319 ], [ -111.650280717370379, 40.58547491293384 ], [ -111.650234944486755, 40.585385082613271 ], [ -111.65022637183732, 40.585231981280153 ], [ -111.65030326589546, 40.585118938418312 ], [ -111.650379414421835, 40.585050943700104 ], [ -111.650448386031243, 40.584973980544717 ], [ -111.650547816725236, 40.58486981941094 ], [ -111.650639107007933, 40.584779217242698 ], [ -111.650715036546416, 40.584688701533757 ], [ -111.651400061140066, 40.585385725166553 ], [ -111.654055984660033, 40.588131012384615 ], [ -111.655754787954507, 40.589896112791735 ], [ -111.656327105500409, 40.591141480530517 ], [ -111.656554297858037, 40.592259080823887 ], [ -111.656917485915685, 40.59302276269527 ], [ -111.656780890956554, 40.593073087782393 ], [ -111.656628104157235, 40.593159539897286 ], [ -111.656528626804032, 40.593259201995942 ], [ -111.656436195474569, 40.593354319572356 ], [ -111.656353658168001, 40.593494424778108 ], [ -111.656268845132544, 40.59364355163698 ], [ -111.656199394288663, 40.593792591158355 ], [ -111.656101104136056, 40.594013864726001 ], [ -111.656025567739675, 40.594144921133768 ], [ -111.655918432071232, 40.594307687678018 ], [ -111.655773127899835, 40.59443463568747 ], [ -111.655544968742049, 40.594548540601473 ], [ -111.655354448929316, 40.594644213947063 ], [ -111.655063567511974, 40.594749464978861 ], [ -111.65490403087064, 40.594750369637858 ], [ -111.654689869974604, 40.594724557348727 ], [ -111.654507396931749, 40.594676043150592 ], [ -111.65433872752341, 40.594588712696442 ], [ -111.654202018449681, 40.594506606252828 ], [ -111.654064321089379, 40.594444324567057 ], [ -111.653897168078871, 40.594391218256014 ], [ -111.653729052933784, 40.59436063910853 ], [ -111.653576388354068, 40.594338981076781 ], [ -111.653377460404528, 40.59429956697727 ], [ -111.653171354551461, 40.594251184339718 ], [ -111.652980480201379, 40.594189202050622 ], [ -111.652836744469127, 40.594113439852428 ], [ -111.652698611162705, 40.5940061150677 ], [ -111.652645826247351, 40.59392533426103 ], [ -111.652584156205364, 40.593781542128688 ], [ -111.652531432911232, 40.593707067067889 ], [ -111.652492592797046, 40.593601883685288 ], [ -111.652461867305817, 40.59348043863595 ], [ -111.652477141790996, 40.593349724954066 ], [ -111.652516225897841, 40.593236894339185 ], [ -111.652576537132077, 40.593119439391963 ], [ -111.652645295396809, 40.593019954257493 ], [ -111.65272109998638, 40.592915924869523 ], [ -111.652835787179214, 40.592799964253793 ], [ -111.652942254535333, 40.592689455260469 ], [ -111.653065502196199, 40.592603175021019 ], [ -111.653172030225008, 40.592498971621772 ], [ -111.653277288538916, 40.592385766516607 ], [ -111.653340136472735, 40.59228631438652 ], [ -111.653476774090166, 40.592118878876313 ], [ -111.653568681700619, 40.59196971387761 ], [ -111.653675819440025, 40.591806949431991 ], [ -111.653759191090316, 40.591630806215399 ], [ -111.653827638992112, 40.591499791354281 ], [ -111.653904051345677, 40.59133720060143 ], [ -111.653980770507061, 40.59120613881958 ], [ -111.654049305325259, 40.59108413211667 ], [ -111.654133637346163, 40.59088546119974 ], [ -111.654193504725697, 40.590722963935264 ], [ -111.654255647380083, 40.590551444958244 ], [ -111.65427870660865, 40.590371138540036 ], [ -111.654256251165748, 40.590249647060119 ], [ -111.654217120714605, 40.59011473683136 ], [ -111.654148755935495, 40.590011522917209 ], [ -111.654049711887822, 40.589912987075408 ], [ -111.653918807018243, 40.589819135916123 ], [ -111.653759586425764, 40.58972994926647 ], [ -111.653606467530906, 40.589660547210819 ], [ -111.653431256873631, 40.589628205971273 ] ] ] ] } },
{ "type": "Feature", "properties": { "xid": 254, "name": "WEST HELLGATE", "size_of_sl": "SIGNIFICANT", "return_int": "FREQUENT", "starting_z": "9880 FT.", "vertical_f": "1450 FT.", "distance_t": "2500 FT.", "starting_1": "S- SW", "Shape__Are": 120803.76, "Shape__Len": 1810.0077384599999 }, "geometry": { "type": "MultiPolygon", "coordinates": [ [ [ [ -111.653431256873631, 40.589628205971273 ], [ -111.653278778497835, 40.589624564036406 ], [ -111.653156323778106, 40.589670300488727 ], [ -111.653072644732958, 40.589693295606644 ], [ -111.652767706133815, 40.589809430934672 ], [ -111.65259927954547, 40.589867138012906 ], [ -111.652469733902862, 40.589912913798962 ], [ -111.652347496949304, 40.589981170142593 ], [ -111.652248718106534, 40.590031276314576 ], [ -111.652171427994546, 40.590103783056122 ], [ -111.652088185597236, 40.590171818952506 ], [ -111.652020217298116, 40.590230759779736 ], [ -111.651943057941978, 40.590316778815676 ], [ -111.651852199380528, 40.59045242345929 ], [ -111.651836618101896, 40.59055160808807 ], [ -111.651889793008337, 40.590672926675829 ], [ -111.651966383058294, 40.590771591100456 ], [ -111.652049888438981, 40.590852198854577 ], [ -111.652118951244702, 40.590905861714425 ], [ -111.652226222013894, 40.590999848350663 ], [ -111.652325133718435, 40.591084873302634 ], [ -111.652386319128226, 40.591179120040024 ], [ -111.652470280841939, 40.591306570610655 ], [ -111.652538714455602, 40.591416992140658 ], [ -111.652576266543775, 40.59151137227947 ], [ -111.652622397165871, 40.591637234697302 ], [ -111.652638241668797, 40.591808312162016 ], [ -111.652638154788136, 40.591920922510219 ], [ -111.652629988657708, 40.592053397839216 ], [ -111.652630339696714, 40.592211049648839 ], [ -111.652637194177728, 40.592308305830365 ], [ -111.652614917522342, 40.592448067905536 ], [ -111.652553600381324, 40.592583546142748 ], [ -111.652470136839526, 40.592750680201135 ], [ -111.65238553494315, 40.592922325018229 ], [ -111.652324960903854, 40.593012754993545 ], [ -111.652172824876914, 40.593166763452587 ], [ -111.652057934633447, 40.593262004343508 ], [ -111.651920372476255, 40.593334851114953 ], [ -111.65175322303277, 40.593403360279943 ], [ -111.651608045150141, 40.59342219693206 ], [ -111.65147070212889, 40.593395945280236 ], [ -111.651294362140732, 40.593369913357883 ], [ -111.651134260633, 40.593312258874398 ], [ -111.650936361589629, 40.593256618937581 ], [ -111.650784340590107, 40.593179099097597 ], [ -111.650661793203284, 40.593094206002817 ], [ -111.650562531349308, 40.592973146479842 ], [ -111.650471454600932, 40.592843031987165 ], [ -111.650387468516797, 40.592712877493959 ], [ -111.650356834537263, 40.592600440130212 ], [ -111.650303093536493, 40.592420566937115 ], [ -111.650303315234979, 40.592321469015985 ], [ -111.65031846278066, 40.592177243117 ], [ -111.650356149962363, 40.59204189909677 ], [ -111.650416376657716, 40.591915436934777 ], [ -111.650470520030439, 40.591770991418109 ], [ -111.650509344737074, 40.591631136538979 ], [ -111.650555346770162, 40.591500250010306 ], [ -111.650555087935103, 40.591351606435708 ], [ -111.650546731871188, 40.591221026041659 ], [ -111.650531873751063, 40.591029222488224 ], [ -111.650463321619426, 40.590906188114651 ], [ -111.650349356079616, 40.590852777086539 ], [ -111.650245367764484, 40.590853362524904 ], [ -111.65023417243404, 40.589697597571238 ], [ -111.650271302196899, 40.589138843384639 ], [ -111.6502800980914, 40.588582951284813 ], [ -111.650341500020261, 40.588578101201165 ], [ -111.650409642705171, 40.588537177952311 ], [ -111.65042535658408, 40.588451505923445 ], [ -111.650363783736921, 40.588316720697719 ], [ -111.650303567300838, 40.588199945389022 ], [ -111.650257268952586, 40.588056065310909 ], [ -111.650226419294057, 40.587921107043783 ], [ -111.650196620526216, 40.587772629656293 ], [ -111.650180648617365, 40.587709657989727 ], [ -111.650173475456441, 40.587579070826479 ], [ -111.650173130355753, 40.587421418838737 ], [ -111.650227358005012, 40.587285981653153 ], [ -111.650279745727062, 40.587204607576339 ], [ -111.650326356115798, 40.587136779196122 ], [ -111.650455985197979, 40.587100014127145 ], [ -111.650585221307026, 40.587022711541337 ], [ -111.650738307737257, 40.586967796442764 ], [ -111.650874851292173, 40.586912974357091 ], [ -111.650997258918622, 40.586862736176307 ], [ -111.651104261695323, 40.586808080301097 ], [ -111.651173015813285, 40.586708595967721 ], [ -111.652072244154098, 40.588044032039541 ], [ -111.653431256873631, 40.589628205971273 ] ] ] ] } },
{ "type": "Feature", "properties": { "xid": 255, "name": "EAST HELLGATE", "size_of_sl": "SIGNIFICANT", "return_int": "FREQUENT", "starting_z": "9760 FT.", "vertical_f": "1300 FT.", "distance_t": "2000 FT.", "starting_1": "S-SE", "Shape__Are": 101557.875, "Shape__Len": 1371.1807969199999 }, "geometry": { "type": "MultiPolygon", "coordinates": [ [ [ [ -111.64773820996858, 40.590171970357495 ], [ -111.64775463911792, 40.591874539771297 ], [ -111.647701045207228, 40.591831598114304 ], [ -111.647571370496308, 40.591742237278055 ], [ -111.647450185253604, 40.591675350684973 ], [ -111.647327601371487, 40.591585949825472 ], [ -111.647182435285458, 40.591483162175784 ], [ -111.647144447279572, 40.591465357430991 ], [ -111.646954594372403, 40.591385341821166 ], [ -111.646770650385974, 40.591305292811384 ], [ -111.646580624829753, 40.591207259966957 ], [ -111.646404866863193, 40.591118155755822 ], [ -111.646275151884851, 40.59102428927644 ], [ -111.646130205392879, 40.590944021039427 ], [ -111.64598390418044, 40.590845742611023 ], [ -111.645732661940002, 40.590648953981379 ], [ -111.6454734525867, 40.590483740091109 ], [ -111.645252750896489, 40.59039038085217 ], [ -111.644977865787212, 40.590315341335639 ], [ -111.644725692684375, 40.590267200775592 ], [ -111.644504459724999, 40.590241409015455 ], [ -111.644283183700452, 40.590211112674602 ], [ -111.644092432622983, 40.590159925477728 ], [ -111.643963483176222, 40.590145329492138 ], [ -111.643848428751099, 40.590100926893271 ], [ -111.643696310715498, 40.590011686758963 ], [ -111.64358888065199, 40.589899675455882 ], [ -111.643489593098238, 40.589774105497852 ], [ -111.643420899715736, 40.589634851845261 ], [ -111.643375046730455, 40.589536010508553 ], [ -111.643367990162105, 40.589416232841195 ], [ -111.643390656419683, 40.589315208088195 ], [ -111.643413512558467, 40.589234001620945 ], [ -111.643489171907376, 40.58911376318143 ], [ -111.643542949509737, 40.589053104652784 ], [ -111.643634643592407, 40.589003045384835 ], [ -111.643856276219921, 40.588947757438739 ], [ -111.644016635394593, 40.588910828299539 ], [ -111.644177210493254, 40.588896419722502 ], [ -111.644268111272424, 40.588886903955675 ], [ -111.644413238307664, 40.588863572417061 ], [ -111.644512280838313, 40.588840497843108 ], [ -111.644550756384817, 40.588786230381466 ], [ -111.644542801583555, 40.588696186812733 ], [ -111.644535423033673, 40.588543078455231 ], [ -111.644549357347856, 40.588394355567289 ], [ -111.64459695372004, 40.588182383255443 ], [ -111.644696138720221, 40.58805120216919 ], [ -111.644809589478825, 40.58792895015835 ], [ -111.645001243976367, 40.587828783371094 ], [ -111.645313787999584, 40.587765777913589 ], [ -111.645595747623389, 40.587717356627664 ], [ -111.645886732247178, 40.587747260723141 ], [ -111.646168134005492, 40.587763704496773 ], [ -111.646382182856073, 40.587780524501447 ], [ -111.646618682825746, 40.58779721843208 ], [ -111.646838987229344, 40.587850037757129 ], [ -111.647014433283175, 40.587907612334284 ], [ -111.647145020911893, 40.587969942368467 ], [ -111.647251532651566, 40.588108981928478 ], [ -111.647335419944383, 40.588230130587199 ], [ -111.647427448722723, 40.588337720356499 ], [ -111.647502674127722, 40.588418377857806 ], [ -111.647548228260419, 40.588485688456089 ], [ -111.647643387179514, 40.58928513591642 ], [ -111.64773820996858, 40.590171970357495 ] ] ] ] } },
{ "type": "Feature", "properties": { "xid": 256, "name": "SIXTY-FOUR CHUTE", "size_of_sl": "SIGNIFICANT", "return_int": "FREQUENT", "starting_z": "9760 FT.", "vertical_f": "1300 FT.", "distance_t": "2000 FT.", "starting_1": "SOUTH", "Shape__Are": 112423.94, "Shape__Len": 1466.84444072 }, "geometry": { "type": "MultiPolygon", "coordinates": [ [ [ [ -111.6502800980914, 40.588582951284813 ], [ -111.650271302196899, 40.589138843384639 ], [ -111.65023417243404, 40.589697597571238 ], [ -111.650245367764484, 40.590853362524904 ], [ -111.65019573697667, 40.590853641905674 ], [ -111.650113102346509, 40.590984734489624 ], [ -111.650059002432897, 40.591133684009144 ], [ -111.649999081047909, 40.591291675049398 ], [ -111.649960255462815, 40.591431529771867 ], [ -111.649945107293931, 40.591575755647057 ], [ -111.649952324153219, 40.591710846883991 ], [ -111.649968161875535, 40.591881924765055 ], [ -111.649960321938849, 40.59204863148004 ], [ -111.649975549166328, 40.592156651263416 ], [ -111.649960488115042, 40.592309885421422 ], [ -111.649883934271188, 40.592458961173584 ], [ -111.649777270354278, 40.592549649133161 ], [ -111.649661854592608, 40.592590837882206 ], [ -111.649493963730777, 40.592582773256744 ], [ -111.649326160049583, 40.592583716685425 ], [ -111.649150917583697, 40.59254866652244 ], [ -111.648944907162928, 40.592509284562922 ], [ -111.648746994848111, 40.59245183917519 ], [ -111.648578625691641, 40.592394227565606 ], [ -111.648449253315974, 40.592336396792327 ], [ -111.648335199899634, 40.592273975495722 ], [ -111.648181802316046, 40.592175739717469 ], [ -111.647991424397304, 40.592041676037191 ], [ -111.647830868062456, 40.591936272914666 ], [ -111.64775463911792, 40.591874539771297 ], [ -111.64773820996858, 40.590171970357495 ], [ -111.647643387179514, 40.58928513591642 ], [ -111.647548228260419, 40.588485688456089 ], [ -111.647586605714167, 40.588544030475205 ], [ -111.647632429172702, 40.588516747180257 ], [ -111.647625608469454, 40.588422193071935 ], [ -111.647579228791244, 40.58826930357472 ], [ -111.647563789146574, 40.588138762595101 ], [ -111.647587430448155, 40.588017011313426 ], [ -111.647647919579427, 40.587917575421464 ], [ -111.647815806707371, 40.587804024034959 ], [ -111.647999228361087, 40.587708402850609 ], [ -111.648197524851355, 40.587684768274876 ], [ -111.648349520147207, 40.587638871260879 ], [ -111.648502522826192, 40.587574950798547 ], [ -111.64867771500144, 40.587483879136173 ], [ -111.648784720678293, 40.587429225393443 ], [ -111.64895290942161, 40.587347201445141 ], [ -111.649059914654657, 40.587292547449564 ], [ -111.649196286044202, 40.587219710721165 ], [ -111.649341407688325, 40.587196373024717 ], [ -111.649509067176083, 40.587181917216597 ], [ -111.649677293219625, 40.587226015156681 ], [ -111.649776196100817, 40.587311042414434 ], [ -111.649829935910518, 40.587369297279437 ], [ -111.649883453416308, 40.587526650126797 ], [ -111.649951809089615, 40.587629866679734 ], [ -111.649960032636727, 40.587746934752666 ], [ -111.649975433228519, 40.587872971233274 ], [ -111.65000580264666, 40.587958383897885 ], [ -111.650043349185339, 40.588052764958817 ], [ -111.650066934250461, 40.588169746566201 ], [ -111.650090344934796, 40.58826871155798 ], [ -111.65011257404835, 40.588367683193276 ], [ -111.650150295456058, 40.588480080816879 ], [ -111.650204123786224, 40.588547343789664 ], [ -111.6502800980914, 40.588582951284813 ] ] ] ] } },
{ "type": "Feature", "properties": { "xid": 257, "name": "TOLEDO BOWL", "size_of_sl": "MAJOR", "return_int": "FREQUENT", "starting_z": "10260 FT.", "vertical_f": "1700 FT.", "distance_t": "4200 FT.", "starting_1": null, "Shape__Are": 297705.965, "Shape__Len": 3825.1790600499999 }, "geometry": { "type": "MultiPolygon", "coordinates": [ [ [ [ -111.640352656995532, 40.587478980192842 ], [ -111.640687740593606, 40.588539259387254 ], [ -111.64102959043916, 40.589193203163958 ], [ -111.642009484734601, 40.590948980312412 ], [ -111.641934158149468, 40.590980929735309 ], [ -111.641895851524822, 40.591053212958677 ], [ -111.641880255389054, 40.591152396347155 ], [ -111.641909908172138, 40.591287363451563 ], [ -111.641971466906668, 40.591422153223228 ], [ -111.642064008581528, 40.591583797117231 ], [ -111.642209321311526, 40.59182622666907 ], [ -111.642360863281056, 40.591978533472378 ], [ -111.642513846333799, 40.592157858428308 ], [ -111.642658558214379, 40.592337229193475 ], [ -111.642780559465535, 40.592489699781964 ], [ -111.642948820875361, 40.592659930329006 ], [ -111.64310872477806, 40.592821198366572 ], [ -111.643270027005897, 40.593004980362934 ], [ -111.643392004966543, 40.593154747775735 ], [ -111.643550884857419, 40.593332236706644 ], [ -111.643650151960387, 40.593455104001713 ], [ -111.643757743412394, 40.593583330087327 ], [ -111.643817521420175, 40.593655067217121 ], [ -111.643879576615262, 40.593717782832876 ], [ -111.643978654750399, 40.593820831555 ], [ -111.644100791392745, 40.593986813125113 ], [ -111.644238334559361, 40.594157213025149 ], [ -111.64436764943396, 40.594332163051256 ], [ -111.644466988723494, 40.594462236243892 ], [ -111.644580812225939, 40.594623759272658 ], [ -111.644672096391417, 40.594776399197499 ], [ -111.644809772460988, 40.594960310824852 ], [ -111.644932216223452, 40.59515782051016 ], [ -111.64503080895598, 40.595332941289918 ], [ -111.645104152139112, 40.595463159075884 ], [ -111.64526760070099, 40.595746022819348 ], [ -111.645405323730856, 40.595934437828568 ], [ -111.645550311509737, 40.596140829632049 ], [ -111.645717580725687, 40.596329079118163 ], [ -111.645870019262546, 40.596449845408515 ], [ -111.646092487310227, 40.596601750538255 ], [ -111.646374045874168, 40.596753324574856 ], [ -111.646648828767908, 40.596814848026611 ], [ -111.646893276295259, 40.596917080242548 ], [ -111.647083935807814, 40.596956551806471 ], [ -111.64725205457114, 40.596987140585739 ], [ -111.647365724038423, 40.597009025519711 ], [ -111.647511388952154, 40.597039739764405 ], [ -111.647662789106349, 40.597052404102485 ], [ -111.647869994581583, 40.597091781588048 ], [ -111.648036932231392, 40.597122375847512 ], [ -111.648235075308477, 40.5972023430378 ], [ -111.648357453174043, 40.597269222027307 ], [ -111.64839635865097, 40.597381613401474 ], [ -111.648319534612043, 40.597503663179751 ], [ -111.648205508781601, 40.597567364608835 ], [ -111.648113146711466, 40.597671483882849 ], [ -111.648128589861329, 40.597802024549253 ], [ -111.648097942462968, 40.597932823834512 ], [ -111.648014417813812, 40.598095450509 ], [ -111.647891631920075, 40.59823127101162 ], [ -111.647770201254389, 40.598385101340924 ], [ -111.647710884895787, 40.598484530560974 ], [ -111.647663690870132, 40.598615422505077 ], [ -111.647610457140303, 40.598732835121979 ], [ -111.647541416498413, 40.598926910953281 ], [ -111.647495812185483, 40.599100135168548 ], [ -111.647450398678174, 40.599170658214867 ], [ -111.647305728417194, 40.599243539295244 ], [ -111.647198181537163, 40.599244141958835 ], [ -111.647022479133554, 40.599285665836241 ], [ -111.64690101067967, 40.599313372543534 ], [ -111.646732572553447, 40.599372872852236 ], [ -111.646510951445819, 40.599432670609595 ], [ -111.646328287225785, 40.599487745566584 ], [ -111.646145492595863, 40.599529307796516 ], [ -111.645969762761112, 40.599568127593116 ], [ -111.645792772857533, 40.599598846267007 ], [ -111.645603678382315, 40.599599903359334 ], [ -111.645527205369504, 40.599636365891783 ], [ -111.645374531269638, 40.599614697110418 ], [ -111.64510726203784, 40.599598172606449 ], [ -111.644901188914645, 40.599554279481907 ], [ -111.644650249437689, 40.59951514079556 ], [ -111.644413189541709, 40.599444393400645 ], [ -111.644267607245965, 40.599422683587136 ], [ -111.64391797106758, 40.599321032328604 ], [ -111.643718817736712, 40.599259080952578 ], [ -111.643574072324355, 40.599201330479907 ], [ -111.64338284702697, 40.599103299227863 ], [ -111.643237756851732, 40.599009515130817 ], [ -111.64311604467396, 40.598888574343924 ], [ -111.64303967393451, 40.598812424910136 ], [ -111.642911708142563, 40.59865548359457 ], [ -111.642811054283243, 40.598511903308669 ], [ -111.642736098917766, 40.598336649197002 ], [ -111.642688886467297, 40.598219797747348 ], [ -111.642620850118405, 40.598026487488298 ], [ -111.642543661559941, 40.597864758832777 ], [ -111.642429172928487, 40.597757290280725 ], [ -111.642307144860638, 40.597726438189255 ], [ -111.642179380264565, 40.597713635427247 ], [ -111.642529092868003, 40.597207198745444 ], [ -111.642460738604328, 40.59710397795763 ], [ -111.642428675287078, 40.59696452015222 ], [ -111.642422352849451, 40.596797892819176 ], [ -111.642422111852014, 40.596649249225223 ], [ -111.642436802932508, 40.5964554786555 ], [ -111.642467245161384, 40.596302159998039 ], [ -111.642514059701682, 40.596130732687563 ], [ -111.642551290424635, 40.595945845490448 ], [ -111.642559407834312, 40.595806164163427 ], [ -111.642574917709723, 40.595697972456691 ], [ -111.642590168791457, 40.595562755828801 ], [ -111.642581655090112, 40.595414158227292 ], [ -111.642551309087111, 40.595207124964439 ], [ -111.642482758906439, 40.594959764656103 ], [ -111.642383656044245, 40.594730591790622 ], [ -111.642300433876485, 40.594555383246714 ], [ -111.642215064136337, 40.594402708546056 ], [ -111.642101566636512, 40.594151093476029 ], [ -111.642010626475752, 40.593910163452165 ], [ -111.641896190079137, 40.593683777982903 ], [ -111.641773585689478, 40.593468248319482 ], [ -111.641712111544607, 40.593342466812068 ], [ -111.641582547175503, 40.59314048878182 ], [ -111.641475651579043, 40.592960906683125 ], [ -111.641330984509366, 40.59278603859763 ], [ -111.641193236403652, 40.592593114335443 ], [ -111.641041394548523, 40.592409276909642 ], [ -111.640903949100533, 40.592247881376444 ], [ -111.640751099099433, 40.592082066731727 ], [ -111.640606349858416, 40.5918981893685 ], [ -111.640438053305616, 40.591723451169294 ], [ -111.640300782583253, 40.591580071509611 ], [ -111.640141017232835, 40.591432311951557 ], [ -111.639950485566047, 40.591280218228796 ], [ -111.639826515942531, 40.591168295074354 ], [ -111.63965979123688, 40.591034086575263 ], [ -111.639507204552729, 40.590895295160927 ], [ -111.639355542787285, 40.590729472038966 ], [ -111.63920143262952, 40.590554653466192 ], [ -111.639087714793874, 40.590402133192661 ], [ -111.638981173290702, 40.590258581898723 ], [ -111.63888956534467, 40.590069903929141 ], [ -111.638835771390376, 40.589881016752486 ], [ -111.638820758465044, 40.589669393084677 ], [ -111.638828754464399, 40.58951619933265 ], [ -111.638912205316103, 40.589344570650134 ], [ -111.639034026204484, 40.589231286812655 ], [ -111.639179668528413, 40.589137690383261 ], [ -111.639286410157709, 40.589054218746767 ], [ -111.639408015385342, 40.588918413713181 ], [ -111.639439019082559, 40.588823649720844 ], [ -111.639469765266668, 40.588701860753183 ], [ -111.639461516961035, 40.588580287653642 ], [ -111.639439003134612, 40.588449784724858 ], [ -111.639401085136328, 40.588314862659551 ], [ -111.639408950990898, 40.588148156358244 ], [ -111.639438386593952, 40.588012861442813 ], [ -111.63959180798895, 40.587867871267065 ], [ -111.639751179808385, 40.587727352328628 ], [ -111.639973263241501, 40.587595494538732 ], [ -111.640201640506262, 40.58750414103276 ], [ -111.640352656995532, 40.587478980192842 ] ], [ [ -111.640582602688937, 40.58978125459609 ], [ -111.64061347615835, 40.589672977834354 ], [ -111.64060666519741, 40.589578423256228 ], [ -111.64056760550659, 40.589448012335602 ], [ -111.640499692047555, 40.589389831762006 ], [ -111.640369666267631, 40.589386048280652 ], [ -111.640224579589756, 40.589413878915714 ], [ -111.64008776442985, 40.589441663533009 ], [ -111.639949724553432, 40.58946495037565 ], [ -111.639835317855358, 40.589488106146298 ], [ -111.639729096880458, 40.589502207673171 ], [ -111.639575695110977, 40.589525579146915 ], [ -111.639392966110904, 40.58957163474814 ], [ -111.63926358340504, 40.589635412430901 ], [ -111.63923253620942, 40.589725672207145 ], [ -111.639240484032456, 40.589815716178599 ], [ -111.63928620246557, 40.589901046715809 ], [ -111.639339482927284, 40.590035883751362 ], [ -111.639371707940356, 40.590193359294602 ], [ -111.639392997684624, 40.590319364575059 ], [ -111.639447160044696, 40.590422665887949 ], [ -111.639507983568009, 40.590480886322958 ], [ -111.639615576653753, 40.590486596748207 ], [ -111.639690586187996, 40.590421318050403 ], [ -111.639766751499465, 40.590353330263611 ], [ -111.639897016223713, 40.590258016356117 ], [ -111.640064427882109, 40.590216549234988 ], [ -111.640225092935481, 40.590211154443764 ], [ -111.640361780700786, 40.590169857178765 ], [ -111.64045292005963, 40.590061246348256 ], [ -111.640514474352798, 40.589948295103497 ], [ -111.640560838651822, 40.589853445651585 ], [ -111.640582602688937, 40.58978125459609 ] ] ] ] } },
{ "type": "Feature", "properties": { "xid": 258, "name": "COFFIN CHUTES", "size_of_sl": null, "return_int": null, "starting_z": null, "vertical_f": null, "distance_t": null, "starting_1": null, "Shape__Are": 51614.925, "Shape__Len": 1485.4607221000001 }, "geometry": { "type": "MultiPolygon", "coordinates": [ [ [ [ -111.680446501185685, 40.573747368561634 ], [ -111.680592186191745, 40.574016774585466 ], [ -111.680564966144829, 40.574361972295321 ], [ -111.680279257441569, 40.574498787278863 ], [ -111.679938059448119, 40.574406203583607 ], [ -111.67968566330407, 40.574215801293597 ], [ -111.679294570119438, 40.573862253800506 ], [ -111.67896159360528, 40.573413770887797 ], [ -111.678543225008028, 40.572815341447381 ], [ -111.678069766206775, 40.572025346099721 ], [ -111.677570665347446, 40.571503060833408 ], [ -111.676660135567388, 40.570832736821991 ], [ -111.676182612483814, 40.570574277293794 ], [ -111.675587146017051, 40.570217408616138 ], [ -111.675307892567261, 40.569937966347908 ], [ -111.675190561934855, 40.569665685041123 ], [ -111.675303926170102, 40.569543403380443 ], [ -111.67562626826647, 40.569526203628385 ], [ -111.676281270581157, 40.569695340270265 ], [ -111.676902798801692, 40.569942145147785 ], [ -111.67743903998668, 40.5704002530994 ], [ -111.678006468046632, 40.571138349576245 ], [ -111.678607656272348, 40.571708680923969 ], [ -111.679509817760788, 40.572599754504637 ], [ -111.680032569175552, 40.573121892020993 ], [ -111.680446501185685, 40.573747368561634 ] ] ] ] } },
{ "type": "Feature", "properties": { "xid": 259, "name": "SCOTTY'S NOTCH", "size_of_sl": null, "return_int": null, "starting_z": null, "vertical_f": null, "distance_t": null, "starting_1": null, "Shape__Are": 224444.24, "Shape__Len": 2403.1122079100001 }, "geometry": { "type": "MultiPolygon", "coordinates": [ [ [ [ -111.679073436264318, 40.565895257079703 ], [ -111.679180476326735, 40.565966698393893 ], [ -111.679263846240431, 40.566033774376898 ], [ -111.679410323225127, 40.566150027688138 ], [ -111.679493602488805, 40.566208095214812 ], [ -111.679645485282137, 40.566274767914386 ], [ -111.679798412899473, 40.566327921034208 ], [ -111.679958610583427, 40.566399048800157 ], [ -111.680202540498797, 40.566456170126671 ], [ -111.680339656604687, 40.566464371524361 ], [ -111.680577178926498, 40.566471981284529 ], [ -111.680813474403536, 40.566475093376418 ], [ -111.680966083812024, 40.566496715952063 ], [ -111.681156447646927, 40.566513611311947 ], [ -111.681331912096283, 40.566575638329518 ], [ -111.681545862305825, 40.566705004177493 ], [ -111.681652906267686, 40.5667764431591 ], [ -111.68178153301254, 40.566879285533219 ], [ -111.681957593345459, 40.566999865397584 ], [ -111.682110394949035, 40.56715661759759 ], [ -111.682239389038202, 40.567295492555381 ], [ -111.682407456932197, 40.56744314537508 ], [ -111.682605697978616, 40.567653681382367 ], [ -111.682720747652425, 40.567815160223979 ], [ -111.682789728153381, 40.567976911244244 ], [ -111.682826860266545, 40.568143354879609 ], [ -111.682857316926047, 40.568350377630281 ], [ -111.682849835304708, 40.568544111400392 ], [ -111.682796466512727, 40.56875613402191 ], [ -111.682743143168764, 40.568972660750866 ], [ -111.682727529426828, 40.569179955777066 ], [ -111.682781795410264, 40.569404855425269 ], [ -111.682888258935293, 40.569534853941349 ], [ -111.683048604918142, 40.569619489703683 ], [ -111.683223941799184, 40.569668001325802 ], [ -111.683414452614144, 40.569698405286069 ], [ -111.683591602562373, 40.569692852738932 ], [ -111.68378151759876, 40.569664702328268 ], [ -111.683941039568253, 40.569668262399638 ], [ -111.684086431763305, 40.569676410331205 ], [ -111.684277034732631, 40.56971582113588 ], [ -111.684421475208381, 40.569746496316846 ], [ -111.684563736798182, 40.569795201855605 ], [ -111.684710093425252, 40.569897935826688 ], [ -111.684781752470514, 40.569974085983809 ], [ -111.684856233494358, 40.570095263430325 ], [ -111.684918133649333, 40.570257055075025 ], [ -111.684955272365855, 40.570423497907768 ], [ -111.684970627543436, 40.570654933336442 ], [ -111.684979258675071, 40.570806230199338 ], [ -111.684985958933694, 40.570999879921175 ], [ -111.684956083900829, 40.571198250913795 ], [ -111.684925256995541, 40.571419149563347 ], [ -111.684917059042817, 40.571657931653313 ], [ -111.684864829872481, 40.571865443946677 ], [ -111.684841582995332, 40.572018731536545 ], [ -111.684804205755356, 40.572176607288824 ], [ -111.684765246230356, 40.572411067285067 ], [ -111.684734464111131, 40.572636469979493 ], [ -111.684671876883527, 40.572871069976351 ], [ -111.684619921513502, 40.573105606922041 ], [ -111.684544017085656, 40.573308754927538 ], [ -111.684490191072513, 40.573475736825529 ], [ -111.684444003813539, 40.573696726280687 ], [ -111.68437609250114, 40.573872800376932 ], [ -111.684353256904799, 40.574066625014794 ], [ -111.684372737271318, 40.574123265091664 ], [ -111.682544412404368, 40.574527767133496 ], [ -111.682210919028279, 40.573798221943441 ], [ -111.681704866239642, 40.572828258029602 ], [ -111.681373391573331, 40.571480693797739 ], [ -111.680723711586353, 40.570324188874494 ], [ -111.680036504659739, 40.568842682673967 ], [ -111.679631747624839, 40.567252305665136 ], [ -111.679073436264318, 40.565895257079703 ] ] ] ] } },
{ "type": "Feature", "properties": { "xid": 260, "name": "SCOTTY'S BOWL", "size_of_sl": null, "return_int": null, "starting_z": null, "vertical_f": null, "distance_t": null, "starting_1": null, "Shape__Are": 286138.695, "Shape__Len": 2892.5122200300002 }, "geometry": { "type": "MultiPolygon", "coordinates": [ [ [ [ -111.682544412404368, 40.574527767133496 ], [ -111.681066218686794, 40.57485900692636 ], [ -111.680754999427322, 40.573644652330792 ], [ -111.680075623981196, 40.57259011876387 ], [ -111.678931992561445, 40.571420294963168 ], [ -111.677734823444951, 40.569975103884417 ], [ -111.676698795720426, 40.569275787061251 ], [ -111.675460397507678, 40.56889115111678 ], [ -111.675021970379603, 40.568759482396771 ], [ -111.675052842356507, 40.568657502357546 ], [ -111.675099374165399, 40.568468045258015 ], [ -111.675106466325701, 40.568350889172635 ], [ -111.675113648990461, 40.568242741374277 ], [ -111.675121922387049, 40.568125578380375 ], [ -111.675144552147998, 40.568026349120011 ], [ -111.675159686795226, 40.567886623972122 ], [ -111.675160555576866, 40.567737973375863 ], [ -111.675152381580915, 40.567629915313468 ], [ -111.67514402655722, 40.567503840666852 ], [ -111.675137079151725, 40.567400279840392 ], [ -111.67512958861677, 40.567242669264758 ], [ -111.675129502527128, 40.567116546283643 ], [ -111.67513650399907, 40.566990381879137 ], [ -111.67513620969568, 40.566843539821612 ], [ -111.675144283757618, 40.566706558557179 ], [ -111.675182952659512, 40.566557687012207 ], [ -111.675236158535512, 40.56644476576875 ], [ -111.675274008010362, 40.566331934263346 ], [ -111.675304815156963, 40.566223648321341 ], [ -111.675342573846422, 40.566101808498487 ], [ -111.675395914938292, 40.566002399616593 ], [ -111.675472061711019, 40.565938892653811 ], [ -111.675556069417837, 40.565834799971839 ], [ -111.675679102996469, 40.565734983389724 ], [ -111.675761838289205, 40.565621889175304 ], [ -111.675854521566706, 40.565558285225862 ], [ -111.675922129990141, 40.565350686750975 ], [ -111.676005909680967, 40.565224073010938 ], [ -111.676174827998665, 40.565105969737935 ], [ -111.67632698188693, 40.564965442305507 ], [ -111.676471002637442, 40.564838475531097 ], [ -111.676647051844753, 40.564724834219199 ], [ -111.676814786562076, 40.564606736937968 ], [ -111.676922187955228, 40.564479984129896 ], [ -111.677066797712683, 40.564294455798532 ], [ -111.677212223828107, 40.56419000191574 ], [ -111.677342566222507, 40.564112662761723 ], [ -111.677477905634575, 40.564062320629461 ], [ -111.677593482287307, 40.564043625141323 ], [ -111.677699927228147, 40.564056513992426 ], [ -111.677830178116139, 40.564087280717452 ], [ -111.67791463465737, 40.564145342503977 ], [ -111.678012766421119, 40.564270890149082 ], [ -111.678127617376802, 40.564414357214595 ], [ -111.678211211626518, 40.564503954723676 ], [ -111.678309299002336, 40.564624997955747 ], [ -111.678409703693703, 40.564741523081409 ], [ -111.678493526151627, 40.564853641096668 ], [ -111.678676526143576, 40.5649606720362 ], [ -111.678821545491601, 40.565049908218498 ], [ -111.678966610740545, 40.565143648357889 ], [ -111.679066018216929, 40.565278196403675 ], [ -111.679119221505516, 40.565399502752221 ], [ -111.679142484407421, 40.565480445393021 ], [ -111.679157660852013, 40.565579453211178 ], [ -111.679157708931612, 40.565701072018861 ], [ -111.679141991153955, 40.565782243813857 ], [ -111.679073436264318, 40.565895257079703 ], [ -111.679631747624839, 40.567252305665136 ], [ -111.680036504659739, 40.568842682673967 ], [ -111.680723711586353, 40.570324188874494 ], [ -111.681373391573331, 40.571480693797739 ], [ -111.681704866239642, 40.572828258029602 ], [ -111.682210919028279, 40.573798221943441 ], [ -111.682544412404368, 40.574527767133496 ] ] ] ] } },
{ "type": "Feature", "properties": { "xid": 261, "name": "CIRCLE ALL", "size_of_sl": "SIGNIFICANT TO MAJOR", "return_int": "FREQUENT", "starting_z": "8600 FT.", "vertical_f": "1600 FT.", "distance_t": "3000 FT.", "starting_1": "S - E", "Shape__Are": 231624.955, "Shape__Len": 2302.8428304099998 }, "geometry": { "type": "MultiPolygon", "coordinates": [ [ [ [ -111.673809502162115, 40.646865285420084 ], [ -111.673771289522051, 40.64694658666879 ], [ -111.673732754751114, 40.64711347240884 ], [ -111.67369499482075, 40.647239814474027 ], [ -111.673657370626458, 40.647379668778015 ], [ -111.673649494413567, 40.647537366920993 ], [ -111.673686967727349, 40.647735339628248 ], [ -111.673733676269634, 40.647910736693184 ], [ -111.673779021169409, 40.648068124298483 ], [ -111.673885181929393, 40.648274704811378 ], [ -111.673985248610961, 40.648463303397151 ], [ -111.674122224274868, 40.648676009899802 ], [ -111.674221911446153, 40.648826773963322 ], [ -111.674351275495951, 40.648988175062975 ], [ -111.674495852103973, 40.649133271504766 ], [ -111.674663775066193, 40.649247601800489 ], [ -111.674831626002671, 40.649354725314581 ], [ -111.67496854541146, 40.649444012001673 ], [ -111.675136442720444, 40.649555639142477 ], [ -111.67529688104527, 40.649631274885031 ], [ -111.6754341668846, 40.649639480634164 ], [ -111.675487389092268, 40.649639169309474 ], [ -111.675610297434474, 40.649863667578757 ], [ -111.675838831340698, 40.650240695313002 ], [ -111.675899237982591, 40.650600689413224 ], [ -111.675762945796819, 40.651042912960428 ], [ -111.675579569056055, 40.651507933525245 ], [ -111.675496133652373, 40.651913812682139 ], [ -111.675274631848424, 40.652352029657941 ], [ -111.674945721910447, 40.652813395770444 ], [ -111.674404001390386, 40.653167899779376 ], [ -111.673992344834247, 40.653282911916023 ], [ -111.673504128232508, 40.653312786628447 ], [ -111.673000495844775, 40.653221131838066 ], [ -111.672474399045683, 40.653012492725537 ], [ -111.672084919571247, 40.652744499637841 ], [ -111.671742076312526, 40.652408668752422 ], [ -111.671451602818181, 40.651986949751688 ], [ -111.671199441652277, 40.651492937761113 ], [ -111.671199614226353, 40.651037997829292 ], [ -111.671185187862974, 40.650542603602261 ], [ -111.671230755487016, 40.650132443195197 ], [ -111.671298794232911, 40.649722152109206 ], [ -111.671306423646953, 40.649303203468989 ], [ -111.671353000909647, 40.648993934446551 ], [ -111.671352423300291, 40.648582240423181 ], [ -111.671246198124066, 40.648132423151523 ], [ -111.671116175881664, 40.647786344068649 ], [ -111.670925748210564, 40.647431607100692 ], [ -111.670803827332819, 40.647067463151096 ], [ -111.67077319849804, 40.646725310529597 ], [ -111.670749395387929, 40.646356092133388 ], [ -111.670627418602123, 40.645631600239483 ], [ -111.670635402358727, 40.645365797201961 ], [ -111.670670170560683, 40.645176412554477 ], [ -111.670737328416948, 40.645150798125442 ], [ -111.670810210000781, 40.645106232135113 ], [ -111.670969523152735, 40.645071073492673 ], [ -111.671187976934348, 40.645036471768037 ], [ -111.67137709931427, 40.645025462790613 ], [ -111.6715379377072, 40.645024527561283 ], [ -111.671757547133637, 40.645105229413197 ], [ -111.671741730836075, 40.645179192768339 ], [ -111.671665113056434, 40.64544089076324 ], [ -111.671703437254038, 40.645724441902274 ], [ -111.671772510757762, 40.646007814135011 ], [ -111.672008791357626, 40.646335256861633 ], [ -111.672260004498625, 40.646500455574859 ], [ -111.672580815175721, 40.646647230988115 ], [ -111.67294747977023, 40.646766712196566 ], [ -111.673290452784329, 40.646764712953122 ], [ -111.673580205821125, 40.646763023143407 ], [ -111.673809502162115, 40.646865285420084 ] ] ] ] } },
{ "type": "Feature", "properties": { "xid": 262, "name": null, "size_of_sl": null, "return_int": null, "starting_z": null, "vertical_f": null, "distance_t": null, "starting_1": null, "Shape__Are": 123139.36, "Shape__Len": 1614.06242608 }, "geometry": { "type": "MultiPolygon", "coordinates": [ [ [ [ -111.673809502162115, 40.646865285420084 ], [ -111.673817604448416, 40.646730107674635 ], [ -111.673802144058683, 40.646604076115914 ], [ -111.673785954060364, 40.646523092300875 ], [ -111.673740927310575, 40.646397233242858 ], [ -111.673679162373219, 40.646253454418556 ], [ -111.673618987943527, 40.646150205424021 ], [ -111.67353443614347, 40.645975028992275 ], [ -111.673458344433683, 40.645817820551805 ], [ -111.673366425992612, 40.645615660848556 ], [ -111.673244393083451, 40.645476737541699 ], [ -111.673153018822504, 40.645328626683565 ], [ -111.673054232409299, 40.645149028498871 ], [ -111.672923928993171, 40.64489303993188 ], [ -111.672848020906898, 40.644753847386909 ], [ -111.672771751316546, 40.644578622088169 ], [ -111.672710306746239, 40.644466371282505 ], [ -111.672770744926112, 40.644360617370253 ], [ -111.672841998390496, 40.644271916941982 ], [ -111.672958200276057, 40.644183855402453 ], [ -111.673175962227759, 40.644080787815078 ], [ -111.673350220191281, 40.644003197866198 ], [ -111.673440189606538, 40.64401168191494 ], [ -111.673464702140819, 40.644097121629194 ], [ -111.673526690958298, 40.644263421075252 ], [ -111.673588091417358, 40.644371167354386 ], [ -111.673694884725393, 40.644523692289098 ], [ -111.673825104599572, 40.644653558670683 ], [ -111.673969335309977, 40.644765325726858 ], [ -111.67415268399921, 40.644885872934225 ], [ -111.674259891471607, 40.644961820956567 ], [ -111.674389614584584, 40.645042141736461 ], [ -111.674579969906205, 40.645153638636536 ], [ -111.674785881619655, 40.645283061715617 ], [ -111.674931207178432, 40.645385812454471 ], [ -111.675052698801352, 40.64547068494106 ], [ -111.675136482298072, 40.645569290817221 ], [ -111.675197795774665, 40.645668028017617 ], [ -111.675304367834656, 40.645798030964016 ], [ -111.675381192433264, 40.645910190399356 ], [ -111.675442415768387, 40.645999919291306 ], [ -111.675495315284095, 40.646085192492151 ], [ -111.675563680279694, 40.646179383888644 ], [ -111.675617444797425, 40.646233121526237 ], [ -111.675678441618444, 40.646300329866953 ], [ -111.675754722252591, 40.646358440037048 ], [ -111.675846423020133, 40.646420964255412 ], [ -111.675930846226407, 40.6464655136039 ], [ -111.676067897481914, 40.646568311315441 ], [ -111.676166876640281, 40.64664881005762 ], [ -111.676319576090719, 40.646778541927169 ], [ -111.676433885048269, 40.64685444630198 ], [ -111.676524586395544, 40.64693499322177 ], [ -111.676693844571801, 40.647064627573982 ], [ -111.6768000577528, 40.647158596415466 ], [ -111.676952532027613, 40.647265807010847 ], [ -111.677075166777684, 40.64734616627991 ], [ -111.677181244354145, 40.647426622515404 ], [ -111.67727322112394, 40.647516170051844 ], [ -111.677364061002265, 40.647610228529821 ], [ -111.677471458671633, 40.647704189792897 ], [ -111.677540010327277, 40.647816396278955 ], [ -111.67758477184438, 40.647915229279043 ], [ -111.677593098000727, 40.648036797803364 ], [ -111.677578043749037, 40.648185529602671 ], [ -111.677540563838079, 40.64833889732833 ], [ -111.677524962768047, 40.648433580156748 ], [ -111.67748698154125, 40.648537402983159 ], [ -111.67744063177544, 40.648749379217257 ], [ -111.677349428683087, 40.648853514215233 ], [ -111.6772878839664, 40.648966483881075 ], [ -111.677234572447176, 40.649074900879334 ], [ -111.677166067685491, 40.649201424336113 ], [ -111.677066448019218, 40.649292095422076 ], [ -111.676944402093909, 40.649387402240876 ], [ -111.676739247419832, 40.649451665601369 ], [ -111.676556427429972, 40.6495022847012 ], [ -111.676411226605254, 40.649530161421829 ], [ -111.676235275090733, 40.64955821804724 ], [ -111.676037033668365, 40.649604422289201 ], [ -111.675845661050516, 40.649628064256916 ], [ -111.675655334719934, 40.649638186746223 ], [ -111.675487389092268, 40.649639169309474 ], [ -111.6754341668846, 40.649639480634164 ], [ -111.67529688104527, 40.649631274885031 ], [ -111.675136442720444, 40.649555639142477 ], [ -111.67496854541146, 40.649444012001673 ], [ -111.674831626002671, 40.649354725314581 ], [ -111.674663775066193, 40.649247601800489 ], [ -111.674495852103973, 40.649133271504766 ], [ -111.674351275495951, 40.648988175062975 ], [ -111.674221911446153, 40.648826773963322 ], [ -111.674122224274868, 40.648676009899802 ], [ -111.673985248610961, 40.648463303397151 ], [ -111.673885181929393, 40.648274704811378 ], [ -111.673779021169409, 40.648068124298483 ], [ -111.673733676269634, 40.647910736693184 ], [ -111.673686967727349, 40.647735339628248 ], [ -111.673649494413567, 40.647537366920993 ], [ -111.673657370626458, 40.647379668778015 ], [ -111.67369499482075, 40.647239814474027 ], [ -111.673732754751114, 40.64711347240884 ], [ -111.673771289522051, 40.64694658666879 ], [ -111.673809502162115, 40.646865285420084 ] ] ] ] } },
{ "type": "Feature", "properties": { "xid": 265, "name": "LOWER BLACKJACK", "size_of_sl": "MINOR", "return_int": "OCCASIONAL", "starting_z": "8775 FT.", "vertical_f": "560 FT.", "distance_t": "1150 FT.", "starting_1": "NW", "Shape__Are": 40238.725, "Shape__Len": 937.19001835200004 }, "geometry": { "type": "MultiPolygon", "coordinates": [ [ [ [ -111.65086334624219, 40.581947388315143 ], [ -111.650320757879712, 40.5818008980877 ], [ -111.649655458987951, 40.581672212223722 ], [ -111.648842948822235, 40.581471378170058 ], [ -111.648448771700373, 40.58139791761154 ], [ -111.647832947548906, 40.581252727633988 ], [ -111.647143134184532, 40.581031374035888 ], [ -111.646871847368004, 40.580958120434921 ], [ -111.646868957664211, 40.580658143335029 ], [ -111.647037203440902, 40.580338289267061 ], [ -111.647232517150911, 40.580129992504432 ], [ -111.647599884656799, 40.579997305843555 ], [ -111.648041416025151, 40.579958794467039 ], [ -111.648460743610073, 40.580068150501717 ], [ -111.649151082478824, 40.580344447050656 ], [ -111.649992677131252, 40.580865828863367 ], [ -111.650759648354324, 40.581366904638202 ], [ -111.651130090228378, 40.581551299400296 ], [ -111.651302878740552, 40.581701673220451 ], [ -111.651378581848462, 40.581831874026051 ], [ -111.651257162175796, 40.581983005672967 ], [ -111.650936601010585, 40.58194697553926 ], [ -111.65086334624219, 40.581947388315143 ] ] ] ] } },
{ "type": "Feature", "properties": { "xid": 266, "name": "BLACKJACK", "size_of_sl": "SIGNIFICANT", "return_int": "FREQUENT", "starting_z": "9600 FT.", "vertical_f": "1400 FT.", "distance_t": "2300 FT.", "starting_1": "NW", "Shape__Are": 185888.645, "Shape__Len": 1911.10216672 }, "geometry": { "type": "MultiPolygon", "coordinates": [ [ [ [ -111.643931941799551, 40.580943015356887 ], [ -111.644521675148724, 40.581079362934865 ], [ -111.645238824258641, 40.581195176473862 ], [ -111.645976740493992, 40.581258618342304 ], [ -111.647168672917388, 40.581474464238276 ], [ -111.647258989510831, 40.58152801104255 ], [ -111.647411753256449, 40.58156319018984 ], [ -111.647571649735909, 40.581602833551784 ], [ -111.647731546401559, 40.581642476690682 ], [ -111.647915117204931, 40.581686491225739 ], [ -111.648075014266951, 40.581726133885532 ], [ -111.648220646241725, 40.581756847568684 ], [ -111.648356826137018, 40.581787614120572 ], [ -111.648510816058476, 40.58182728933064 ], [ -111.648639907060598, 40.581858095345439 ], [ -111.648837657370251, 40.581902028788136 ], [ -111.648998780537312, 40.581946167680918 ], [ -111.649150321045056, 40.581976846992596 ], [ -111.649311401037536, 40.582016481288171 ], [ -111.64950910867131, 40.5820559094158 ], [ -111.649661831182996, 40.582086581408589 ], [ -111.649807421053126, 40.582112788920618 ], [ -111.649998388863835, 40.582188289339726 ], [ -111.650195922936007, 40.582209699656971 ], [ -111.650394813173463, 40.582249119608427 ], [ -111.650593310872068, 40.582248001809596 ], [ -111.65074542318284, 40.582215614175666 ], [ -111.650867953368206, 40.58217888862464 ], [ -111.650920642045477, 40.58212904331441 ], [ -111.651226744028946, 40.582257945686038 ], [ -111.651386336699588, 40.582387673503412 ], [ -111.651569385928354, 40.58249925118249 ], [ -111.651737862672292, 40.582691990015576 ], [ -111.65182914743248, 40.582723005754339 ], [ -111.651936203406777, 40.582796273785448 ], [ -111.651989179727778, 40.58289777425621 ], [ -111.651951369534288, 40.583019606494652 ], [ -111.651851637649429, 40.583092239751011 ], [ -111.651767966313585, 40.583115233890013 ], [ -111.651692828060803, 40.583165206234547 ], [ -111.651691557861199, 40.583277823428112 ], [ -111.651798728260644, 40.583362802375142 ], [ -111.651058535317986, 40.58416425556851 ], [ -111.650966943255625, 40.584101710159914 ], [ -111.650844805306775, 40.584057354391291 ], [ -111.650745248212672, 40.584026384487153 ], [ -111.650631294203478, 40.58397297358556 ], [ -111.650447497237224, 40.583906442671122 ], [ -111.650241512672991, 40.583867062767105 ], [ -111.650089967407951, 40.583836384933733 ], [ -111.649875625141092, 40.583788042609555 ], [ -111.649693403221519, 40.583762041237982 ], [ -111.64951713281198, 40.583740510515071 ], [ -111.649273644251579, 40.583732870563345 ], [ -111.649044682776974, 40.583761183683002 ], [ -111.648831037876917, 40.583784905916687 ], [ -111.648624656236521, 40.583826604575577 ], [ -111.648418317832693, 40.583872807024271 ], [ -111.648250796802046, 40.583900773666834 ], [ -111.648036534730139, 40.583983055108881 ], [ -111.64780791950372, 40.584047399044117 ], [ -111.647594620767379, 40.584107152259065 ], [ -111.647373111466933, 40.584173257256602 ], [ -111.647129160582892, 40.58424038843458 ], [ -111.646847459682974, 40.584314036656892 ], [ -111.646602473656628, 40.584396487482564 ], [ -111.646320337933034, 40.584425092844853 ], [ -111.646091650169836, 40.584482226749053 ], [ -111.645771556166807, 40.584495728112202 ], [ -111.645518915720288, 40.584519662220593 ], [ -111.645343782855889, 40.584493614374736 ], [ -111.645092769721941, 40.584440963642173 ], [ -111.64493164304254, 40.584396819346075 ], [ -111.64472627939152, 40.584298868923476 ], [ -111.644566161900642, 40.584236700877348 ], [ -111.644467140440696, 40.584138156547901 ], [ -111.644314689428171, 40.584012883756564 ], [ -111.644160970996921, 40.583878609024687 ], [ -111.643985725870166, 40.583717427686352 ], [ -111.64387213858754, 40.583578424421034 ], [ -111.643787961130002, 40.583425743928537 ], [ -111.64370378405907, 40.583273063367727 ], [ -111.643634967535903, 40.583120297153805 ], [ -111.643558673509972, 40.582927032931799 ], [ -111.6435134022433, 40.5827651266506 ], [ -111.643482482359218, 40.582621158012621 ], [ -111.643444300727438, 40.582459212201343 ], [ -111.643421479258308, 40.582297180816504 ], [ -111.643413888363582, 40.582121551380013 ], [ -111.643413559331378, 40.581963899102306 ], [ -111.643383346858187, 40.581770378039671 ], [ -111.643383276847956, 40.581639750730446 ], [ -111.643413624320985, 40.581477423172721 ], [ -111.643474647987929, 40.581310420321614 ], [ -111.643552557917147, 40.581179358589736 ], [ -111.643673217937632, 40.581070580618025 ], [ -111.643833040233289, 40.58097960186705 ], [ -111.643931941799551, 40.580943015356887 ] ] ] ] } },
{ "type": "Feature", "properties": { "xid": 267, "name": "CARDIFF BOWL", "size_of_sl": "MAJOR", "return_int": "FREQUENT", "starting_z": "10080 FT.", "vertical_f": "1550 FT.", "distance_t": "4100 FT.", "starting_1": "SE", "Shape__Are": 227795.075, "Shape__Len": 3090.4943904199999 }, "geometry": { "type": "MultiPolygon", "coordinates": [ [ [ [ -111.642009484734601, 40.590948980312412 ], [ -111.64102959043916, 40.589193203163958 ], [ -111.640687740593606, 40.588539259387254 ], [ -111.640352656995532, 40.587478980192842 ], [ -111.640598066065067, 40.587438881636594 ], [ -111.640835444214687, 40.587424051750062 ], [ -111.64104109035776, 40.587427415077627 ], [ -111.641284849759657, 40.587462097246181 ], [ -111.641559417830123, 40.587505616587798 ], [ -111.641719454319869, 40.58755878040882 ], [ -111.641849993365383, 40.587616612315848 ], [ -111.641940744785785, 40.58771520478787 ], [ -111.642010399359194, 40.587831932040274 ], [ -111.642040862033454, 40.587928156859469 ], [ -111.642087728600472, 40.588133296933904 ], [ -111.642146792181748, 40.588254587364396 ], [ -111.642262316327049, 40.588348537452539 ], [ -111.642352896962095, 40.588429112941235 ], [ -111.642643710869393, 40.588441008556245 ], [ -111.642651102560706, 40.588472498220391 ], [ -111.642674286847139, 40.588548944000941 ], [ -111.642703853762583, 40.588674902642389 ], [ -111.642719585961132, 40.588836973437061 ], [ -111.642727176029581, 40.58901260272372 ], [ -111.642749955194589, 40.58917012989555 ], [ -111.642780385091939, 40.58938617165316 ], [ -111.642825961185537, 40.589579607117912 ], [ -111.642879809225747, 40.589772996519677 ], [ -111.642956238762807, 40.589979773388315 ], [ -111.643078624670594, 40.590172781162273 ], [ -111.64320754030733, 40.590307195280367 ], [ -111.643344814554766, 40.590450571489605 ], [ -111.643505463970115, 40.590566790930183 ], [ -111.643657539834493, 40.590651527143791 ], [ -111.643855978282872, 40.590764832872729 ], [ -111.64400816738754, 40.590861279419073 ], [ -111.644162521481306, 40.590936993466414 ], [ -111.644305981320272, 40.590985741697537 ], [ -111.64441976939618, 40.59102114210291 ], [ -111.644596403437987, 40.591078713681355 ], [ -111.64480978652648, 40.591271211725129 ], [ -111.644978340114363, 40.591348647163962 ], [ -111.645153819767216, 40.591408926967247 ], [ -111.64531399828725, 40.591475598140669 ], [ -111.645474003876785, 40.591524252474713 ], [ -111.645664072068755, 40.591626791293123 ], [ -111.645916510987718, 40.591701954666988 ], [ -111.646091001444859, 40.591782057909818 ], [ -111.646381646301336, 40.59189754610955 ], [ -111.646618811626183, 40.591981802200927 ], [ -111.646816764178965, 40.59204375541637 ], [ -111.647121418216287, 40.592141145716269 ], [ -111.647334864234338, 40.59221652442293 ], [ -111.647518681043252, 40.592283060044004 ], [ -111.647816029537637, 40.592357967483906 ], [ -111.648189399821419, 40.592472987123877 ], [ -111.648426743454763, 40.59257525606229 ], [ -111.648632927887903, 40.592632655545742 ], [ -111.648868786244947, 40.592703401151844 ], [ -111.649090551572343, 40.592783234258619 ], [ -111.649280541662748, 40.592876758735606 ], [ -111.649525109460086, 40.592992497976937 ], [ -111.64970096364226, 40.593090605638828 ], [ -111.649899096698007, 40.593170570106381 ], [ -111.65008186776312, 40.593250620691073 ], [ -111.650341800775863, 40.593366271712618 ], [ -111.650493978843983, 40.593460007064358 ], [ -111.650638935955044, 40.593540269708427 ], [ -111.65076857453974, 40.593625122867692 ], [ -111.650890002452655, 40.593716328297816 ], [ -111.651043215272153, 40.593794742149875 ], [ -111.651219073760188, 40.59389284745356 ], [ -111.65138648572939, 40.593972982548813 ], [ -111.651554861220035, 40.594030590000578 ], [ -111.651676054779657, 40.5940974721956 ], [ -111.651813880468993, 40.594173269192275 ], [ -111.651912533898667, 40.594231269544878 ], [ -111.651996218589048, 40.594329893839124 ], [ -111.652050508603438, 40.594443998945287 ], [ -111.652073119096613, 40.594581705708997 ], [ -111.652081434873921, 40.594707781745605 ], [ -111.652058412160486, 40.594892591792316 ], [ -111.652034951753507, 40.595032360380486 ], [ -111.652012629257683, 40.595167618145638 ], [ -111.651973980756793, 40.595325490015355 ], [ -111.65191314101358, 40.595510513466749 ], [ -111.651829191138631, 40.595628101427494 ], [ -111.651736837357902, 40.595732223570167 ], [ -111.651631107700666, 40.595797683333231 ], [ -111.651478290532964, 40.595882327036534 ], [ -111.651287367695829, 40.595937456422305 ], [ -111.651127214407268, 40.595996916434309 ], [ -111.65094368740948, 40.596083534299126 ], [ -111.650785372918548, 40.596088930779018 ], [ -111.650600139490393, 40.596121505017173 ], [ -111.650456268132899, 40.596153846040224 ], [ -111.650295939009226, 40.596195288325028 ], [ -111.650165459626237, 40.596268093109778 ], [ -111.650028940174792, 40.596327418564933 ], [ -111.649913797253873, 40.596397434120263 ], [ -111.649746402665656, 40.596441618032067 ], [ -111.649578763723923, 40.596460578485008 ], [ -111.649455858155534, 40.596461269615091 ], [ -111.649219414140219, 40.596453590051226 ], [ -111.649006518743519, 40.596436768907161 ], [ -111.648808066110846, 40.596446892592361 ], [ -111.64865570300725, 40.596456757116243 ], [ -111.648525576144579, 40.596443974635498 ], [ -111.648434274131816, 40.596412956490958 ], [ -111.648327870084756, 40.596409049390353 ], [ -111.648167546287709, 40.596328870124445 ], [ -111.648098367885339, 40.596263494187298 ], [ -111.647983855801954, 40.596154229499724 ], [ -111.647907439251966, 40.596073579119341 ], [ -111.64782196788282, 40.595911900419374 ], [ -111.647778163266281, 40.595781518727321 ], [ -111.647693961292234, 40.595628841588272 ], [ -111.647647837043749, 40.595502977238915 ], [ -111.647602677434946, 40.595354585498249 ], [ -111.647556683923668, 40.595242233549989 ], [ -111.647525575463149, 40.595080249819205 ], [ -111.647488341109693, 40.594895778451708 ], [ -111.647457276435134, 40.594738298839538 ], [ -111.647412161229866, 40.594594411147007 ], [ -111.647374093274763, 40.594445979542762 ], [ -111.647320793104129, 40.594311146466289 ], [ -111.647259090632176, 40.594162847265721 ], [ -111.647205764865191, 40.594025311636123 ], [ -111.647121653295315, 40.59388164230711 ], [ -111.646992401633128, 40.593713902039781 ], [ -111.646855243107836, 40.593584042809063 ], [ -111.646717120372557, 40.593476710779441 ], [ -111.646602676080548, 40.59337375042778 ], [ -111.646465475626144, 40.593239386564306 ], [ -111.646349867748981, 40.593138234226267 ], [ -111.64619881714917, 40.593038180936041 ], [ -111.64605343283958, 40.592912871144748 ], [ -111.645863057015603, 40.592778803956918 ], [ -111.645702571531643, 40.592680604521085 ], [ -111.645526680879016, 40.592577986559149 ], [ -111.645367421386197, 40.592484284195507 ], [ -111.645160547454978, 40.592354812406668 ], [ -111.645031178050388, 40.592296977781452 ], [ -111.644832793658736, 40.592189979966165 ], [ -111.644680643605071, 40.592098038714276 ], [ -111.644535592859413, 40.59200695852482 ], [ -111.644459617652416, 40.591971347278559 ], [ -111.644184164974007, 40.591837751930463 ], [ -111.643978909124684, 40.591753312933989 ], [ -111.643787791005039, 40.591664290378851 ], [ -111.643642889243367, 40.591588523172277 ], [ -111.643398336572844, 40.59147277133151 ], [ -111.643177332345658, 40.591347879056521 ], [ -111.642986173288804, 40.591254350996003 ], [ -111.642788010868557, 40.591169870381712 ], [ -111.642505603967422, 40.591049822886326 ], [ -111.642292253177573, 40.590983443484262 ], [ -111.642132380390549, 40.590948297181534 ], [ -111.642009484734601, 40.590948980312412 ] ] ] ] } },
{ "type": "Feature", "properties": { "xid": 268, "name": "FLAGSTAFF SHOULDER", "size_of_sl": "MAJOR", "return_int": "OCCASIONAL TO FREQUENT", "starting_z": "9600 FT.", "vertical_f": "1050 FT.", "distance_t": "2500 FT.", "starting_1": "SW-S", "Shape__Are": 115015.495, "Shape__Len": 2031.23675329 }, "geometry": { "type": "MultiPolygon", "coordinates": [ [ [ [ -111.638055268129307, 40.593676230734388 ], [ -111.638111837394916, 40.593659702413831 ], [ -111.63816336278316, 40.593609869410024 ], [ -111.638210743304597, 40.593496997754698 ], [ -111.638270908573475, 40.593361533457347 ], [ -111.638309888130465, 40.593235194993319 ], [ -111.638317217893601, 40.59313605779252 ], [ -111.638332434210767, 40.592996337447921 ], [ -111.638309878150807, 40.592861330234356 ], [ -111.638263901910079, 40.592748974406717 ], [ -111.638210450074368, 40.592596120301764 ], [ -111.638172292280103, 40.592435974636977 ], [ -111.638135496231655, 40.59229473989479 ], [ -111.638080991801431, 40.592155404720089 ], [ -111.638034459869573, 40.591984494704988 ], [ -111.637996842272472, 40.591881101373588 ], [ -111.637966357828731, 40.591782173027262 ], [ -111.637889573048852, 40.591660978388973 ], [ -111.637813756260456, 40.591517256368562 ], [ -111.637767824591918, 40.591409404464535 ], [ -111.637707113656333, 40.591238572579769 ], [ -111.63762379601522, 40.591175970977901 ], [ -111.637553888812491, 40.591032216150886 ], [ -111.63747798791934, 40.590879485561601 ], [ -111.637378581953726, 40.590740397812731 ], [ -111.637311124632859, 40.590605638102325 ], [ -111.637226953015187, 40.590452952967418 ], [ -111.637181023036916, 40.590345100797634 ], [ -111.637119019962, 40.590286885637596 ], [ -111.637058995644395, 40.590188119950788 ], [ -111.636989560844711, 40.590093910524033 ], [ -111.636928526163402, 40.590013167928738 ], [ -111.636853012446508, 40.589900974343891 ], [ -111.636783620962518, 40.589811268946754 ], [ -111.636707096932497, 40.589717098423918 ], [ -111.636600689738046, 40.589587057359161 ], [ -111.636508676461133, 40.589479458868759 ], [ -111.636463759166787, 40.589353583217928 ], [ -111.636341180235036, 40.589138047435924 ], [ -111.636287991896936, 40.589012217272831 ], [ -111.636227372338837, 40.58885039282238 ], [ -111.636196806561045, 40.588742455599544 ], [ -111.63622725979539, 40.588589138301494 ], [ -111.636280463002066, 40.588467226471828 ], [ -111.636356629605046, 40.588399240901474 ], [ -111.636448072026482, 40.588322162315201 ], [ -111.636593200688878, 40.588298840588422 ], [ -111.636761079523524, 40.588306924064327 ], [ -111.636914024350432, 40.588360133633493 ], [ -111.637005609327204, 40.588422690194491 ], [ -111.637089136669374, 40.588507813118547 ], [ -111.637157644785191, 40.5886290540193 ], [ -111.637226495183555, 40.588786328178607 ], [ -111.637279514059259, 40.588894141251345 ], [ -111.637318096673695, 40.58897500755748 ], [ -111.637348878175288, 40.589105465277761 ], [ -111.637401613943894, 40.589307872216182 ], [ -111.637447372464536, 40.589397707671203 ], [ -111.637524367683994, 40.589541423486821 ], [ -111.637538889877277, 40.589577378519948 ], [ -111.637591952674143, 40.589689695587992 ], [ -111.637669521870095, 40.589893767061945 ], [ -111.637790779285368, 40.590093993739423 ], [ -111.637852029063708, 40.590197256676049 ], [ -111.637936073356769, 40.590336428870614 ], [ -111.638019989571603, 40.590462088515281 ], [ -111.638111253101584, 40.59061473389049 ], [ -111.638217878977272, 40.590767294308804 ], [ -111.638301496460173, 40.590861424608875 ], [ -111.638370719727916, 40.590933112413367 ], [ -111.638469828141908, 40.591040670165597 ], [ -111.638576155579329, 40.591161701111275 ], [ -111.638667917362412, 40.591242272922543 ], [ -111.638728912402087, 40.591318510397713 ], [ -111.638843341172475, 40.591421478705428 ], [ -111.63894354702272, 40.591520021176692 ], [ -111.639018765921961, 40.591600684209268 ], [ -111.63914855775846, 40.591703567214829 ], [ -111.639233144959178, 40.591775169473458 ], [ -111.639316550635115, 40.591846778208421 ], [ -111.639400966576915, 40.5919003637052 ], [ -111.639454615355064, 40.591949615074675 ], [ -111.639553555355036, 40.592039155220156 ], [ -111.639744002451295, 40.592182241252139 ], [ -111.639889416422989, 40.59231206326006 ], [ -111.640033649242326, 40.592441891625718 ], [ -111.640209874926697, 40.592580551280193 ], [ -111.64032304047106, 40.592674516301372 ], [ -111.640469423465234, 40.59278181021557 ], [ -111.640606783010824, 40.592934197937183 ], [ -111.640743670219877, 40.593037039765235 ], [ -111.64085832004119, 40.5931625267824 ], [ -111.640965128297807, 40.593333101144083 ], [ -111.641063578924758, 40.593494712996602 ], [ -111.641178746452823, 40.593674249543739 ], [ -111.641269892497519, 40.593813379784535 ], [ -111.641414561658337, 40.593988247899937 ], [ -111.641498445958405, 40.594109400699146 ], [ -111.641598209941648, 40.594284517957277 ], [ -111.641712629162285, 40.594509102036369 ], [ -111.641773439468452, 40.594688939928126 ], [ -111.641826944197931, 40.594846296408917 ], [ -111.64184166645444, 40.595026390338262 ], [ -111.64181225705218, 40.59528780856364 ], [ -111.641765933943205, 40.595387162597753 ], [ -111.641666861716999, 40.595531853588881 ], [ -111.641551952423512, 40.595627084134897 ], [ -111.641407386556963, 40.595710767831619 ], [ -111.641231844597627, 40.595768497836431 ], [ -111.641125077631415, 40.595850169575108 ], [ -111.640420133205822, 40.595666697526731 ], [ -111.639696730047277, 40.595158106187704 ], [ -111.639164320975638, 40.594724127348805 ], [ -111.638632029124977, 40.594177535501402 ], [ -111.638293628870969, 40.5938866203537 ], [ -111.638055268129307, 40.593676230734388 ] ] ] ] } },
{ "type": "Feature", "properties": { "xid": 269, "name": "FLAGSTAFF FACE", "size_of_sl": "MAJOR", "return_int": "FREQUENT", "starting_z": "10200 FT.", "vertical_f": "1650 FT.", "distance_t": "3800 FT.", "starting_1": "S/SE", "Shape__Are": 246219.685, "Shape__Len": 2585.7206403599998 }, "geometry": { "type": "MultiPolygon", "coordinates": [ [ [ [ -111.635745824141338, 40.590035899213312 ], [ -111.635829812542752, 40.589920124334114 ], [ -111.635898848542055, 40.589847673930791 ], [ -111.636050900011767, 40.589806297180552 ], [ -111.636203676971022, 40.589841491002815 ], [ -111.636349235968666, 40.589863211192608 ], [ -111.63644018194789, 40.589858205732398 ], [ -111.636639343433515, 40.589924674182676 ], [ -111.63666116886678, 40.589983111061812 ], [ -111.636730432200366, 40.59005930404264 ], [ -111.636805262248174, 40.590099431108825 ], [ -111.636890158931678, 40.59032868732583 ], [ -111.636883126447458, 40.590459353631267 ], [ -111.636868164014544, 40.590626098835436 ], [ -111.636905522736384, 40.590702467605006 ], [ -111.636966045151965, 40.59072916025891 ], [ -111.637050457822525, 40.590782747508655 ], [ -111.637111664359693, 40.590881506668019 ], [ -111.637126699639879, 40.590971511680173 ], [ -111.637135328832784, 40.591133622376688 ], [ -111.637125779466658, 40.59124808673208 ], [ -111.637111469080537, 40.591358973827475 ], [ -111.63710439419539, 40.591485135959793 ], [ -111.63711154245911, 40.591615724035783 ], [ -111.637111344023708, 40.591719326251621 ], [ -111.637104200708265, 40.59183828171934 ], [ -111.637119877485574, 40.591995849124203 ], [ -111.637127265260801, 40.592151660485314 ], [ -111.637165822296467, 40.592354145629194 ], [ -111.637203155095861, 40.592552133110367 ], [ -111.637225238461596, 40.592637594805929 ], [ -111.637286874623086, 40.592781395424076 ], [ -111.637362991137678, 40.592956646873638 ], [ -111.637432728893003, 40.593082385118912 ], [ -111.637508033323883, 40.593172057432611 ], [ -111.637570124998902, 40.593239280650472 ], [ -111.637661845667282, 40.593315349060767 ], [ -111.6377760622686, 40.593395797582602 ], [ -111.637836844279462, 40.593449514699564 ], [ -111.637904888024437, 40.593521209260381 ], [ -111.637951532228215, 40.593579508787435 ], [ -111.638004213640755, 40.593651288133337 ], [ -111.638055268129307, 40.593676230734388 ], [ -111.638293628870969, 40.5938866203537 ], [ -111.638632029124977, 40.594177535501402 ], [ -111.639164320975638, 40.594724127348805 ], [ -111.639696730047277, 40.595158106187704 ], [ -111.640420133205822, 40.595666697526731 ], [ -111.641125077631415, 40.595850169575108 ], [ -111.641072049667784, 40.59599010007431 ], [ -111.641102626721249, 40.596098035787506 ], [ -111.641155872873995, 40.596228367622317 ], [ -111.641231401003751, 40.596340558163007 ], [ -111.641330694232707, 40.596466129878181 ], [ -111.641444341493013, 40.596609639360963 ], [ -111.641545161761371, 40.596771237540487 ], [ -111.641650968077201, 40.596959834279623 ], [ -111.641719708565475, 40.597103592932214 ], [ -111.641780970899262, 40.597206853566007 ], [ -111.641842491883907, 40.597337139077233 ], [ -111.641910154769803, 40.597491714133007 ], [ -111.641948946208828, 40.597593297791192 ], [ -111.642002065960128, 40.597710116725459 ], [ -111.642047836490093, 40.597799950137436 ], [ -111.642094081184084, 40.597939329195555 ], [ -111.642085876416985, 40.598070002145022 ], [ -111.642048341663852, 40.598223360083907 ], [ -111.641996323285127, 40.598345267775464 ], [ -111.641872687499983, 40.598517121748145 ], [ -111.641742797381568, 40.598652975209696 ], [ -111.641583188813755, 40.598770976040086 ], [ -111.641384321038331, 40.598862168315698 ], [ -111.641177974426896, 40.598912862251083 ], [ -111.640979513119802, 40.598922972545594 ], [ -111.640720606408479, 40.598915400253851 ], [ -111.640514710115141, 40.598889515868478 ], [ -111.640216717271286, 40.598873150406568 ], [ -111.639980050794051, 40.598842931225505 ], [ -111.63972920258783, 40.598812790106372 ], [ -111.639537746446393, 40.598813850342999 ], [ -111.63917202322547, 40.598883440606592 ], [ -111.639042150665574, 40.598897672389171 ], [ -111.638912492461529, 40.59893442479374 ], [ -111.638767598929491, 40.598984774481202 ], [ -111.638607255635364, 40.599026200626341 ], [ -111.638504547672156, 40.599038479855771 ], [ -111.637855192261554, 40.598240286042326 ], [ -111.637513780428847, 40.597509756834214 ], [ -111.636925970794692, 40.596344560246813 ], [ -111.63619843644787, 40.595398142733423 ], [ -111.635756697658621, 40.594303304493927 ], [ -111.63545346843182, 40.592732939099974 ], [ -111.635540888879959, 40.591855902611719 ], [ -111.635536035866551, 40.591343328952306 ], [ -111.635580689844772, 40.590942191904666 ], [ -111.635745824141338, 40.590035899213312 ] ] ] ] } },
{ "type": "Feature", "properties": { "xid": 270, "name": "EMMA 1", "size_of_sl": "MAJOR", "return_int": "OCCASIONAL TO FREQUENT", "starting_z": "10040 FT.", "vertical_f": "1475 FT.", "distance_t": "3300 FT.", "starting_1": "SW-S-SE", "Shape__Are": 236676.9, "Shape__Len": 3004.1836341799999 }, "geometry": { "type": "MultiPolygon", "coordinates": [ [ [ [ -111.633701213822192, 40.593143456880235 ], [ -111.633679040813917, 40.592922863120656 ], [ -111.633709459056703, 40.592765042376776 ], [ -111.63379267180072, 40.592566392382686 ], [ -111.633853516523885, 40.592376873862953 ], [ -111.63389207851101, 40.592205495178504 ], [ -111.63392236833684, 40.59203416187534 ], [ -111.633938434991848, 40.591858402223693 ], [ -111.633937872639891, 40.591673725035697 ], [ -111.633915912082443, 40.59147565208643 ], [ -111.633877492974946, 40.591286678241296 ], [ -111.633808265002415, 40.591088864637022 ], [ -111.633747309274199, 40.590891005597904 ], [ -111.633723964198651, 40.590796541328409 ], [ -111.633640897114546, 40.590634838713513 ], [ -111.633541788410582, 40.590401153650916 ], [ -111.633419216864397, 40.590185614750936 ], [ -111.633311293623848, 40.59001954378143 ], [ -111.633236585194595, 40.589866803818516 ], [ -111.633160270612947, 40.589669028620165 ], [ -111.633068085128343, 40.589417287561346 ], [ -111.633022324855745, 40.589201327197635 ], [ -111.633022904325301, 40.589012139259232 ], [ -111.633075519035003, 40.588827170537229 ], [ -111.633174557685209, 40.588677982516465 ], [ -111.633349476358916, 40.588555404776336 ], [ -111.633533048472401, 40.588473318905329 ], [ -111.633724177714384, 40.588440739677097 ], [ -111.6339224817077, 40.588417129557016 ], [ -111.634136444776956, 40.588424963928183 ], [ -111.634250851706639, 40.58840181379675 ], [ -111.634365130871458, 40.588365151055207 ], [ -111.634571663340679, 40.588336990231916 ], [ -111.634807608963868, 40.588295154200047 ], [ -111.635051911004155, 40.588262280544065 ], [ -111.635226879451295, 40.5882703272732 ], [ -111.635380663612395, 40.588287499064776 ], [ -111.635501532369091, 40.588322869343315 ], [ -111.635532553599177, 40.588354229466134 ], [ -111.635593329212696, 40.588407947858322 ], [ -111.635623851216735, 40.588511381090967 ], [ -111.635646741489708, 40.588682422297389 ], [ -111.635662456664761, 40.588844494181437 ], [ -111.635662810388965, 40.589006650595117 ], [ -111.635654636610496, 40.589141827539322 ], [ -111.635669370967406, 40.589200303638087 ], [ -111.635677697801654, 40.589330885374281 ], [ -111.635693114657371, 40.589461428088171 ], [ -111.635685269524956, 40.589506515247123 ], [ -111.635693097209469, 40.589709170095205 ], [ -111.635707716405065, 40.589880256771757 ], [ -111.635731021276143, 40.589970216473311 ], [ -111.635745824141338, 40.590035899213312 ], [ -111.635580689844772, 40.590942191904666 ], [ -111.635536035866551, 40.591343328952306 ], [ -111.635540888879959, 40.591855902611719 ], [ -111.63545346843182, 40.592732939099974 ], [ -111.635756697658621, 40.594303304493927 ], [ -111.63619843644787, 40.595398142733423 ], [ -111.636925970794692, 40.596344560246813 ], [ -111.637513780428847, 40.597509756834214 ], [ -111.637855192261554, 40.598240286042326 ], [ -111.638504547672156, 40.599038479855771 ], [ -111.638454970709788, 40.599045060052759 ], [ -111.638294412866813, 40.599063964996269 ], [ -111.638118491099846, 40.599082954597897 ], [ -111.637935349777109, 40.59908847063376 ], [ -111.637806529948307, 40.599089182041155 ], [ -111.637645757816415, 40.599085565312819 ], [ -111.637447252603408, 40.599091165390838 ], [ -111.637257234046601, 40.599119240259689 ], [ -111.637080258266394, 40.599151747268145 ], [ -111.636905774226662, 40.599197753438183 ], [ -111.636768055086705, 40.599257069839666 ], [ -111.636585639508326, 40.599339154378043 ], [ -111.636379543978222, 40.599416864706768 ], [ -111.636150711184129, 40.599464970919527 ], [ -111.635906181203708, 40.599478028853675 ], [ -111.635693577892098, 40.599492712317463 ], [ -111.63553318877868, 40.599529630058854 ], [ -111.635372799486134, 40.599566547578611 ], [ -111.635196960787511, 40.599594541057229 ], [ -111.635128368818755, 40.598840883192985 ], [ -111.634735966849277, 40.597964683864035 ], [ -111.634821314959424, 40.596866944816448 ], [ -111.63423956623933, 40.596212499251784 ], [ -111.633847692818748, 40.595264223245699 ], [ -111.633644025846962, 40.594095999829612 ], [ -111.633701213822192, 40.593143456880235 ] ] ] ] } },
{ "type": "Feature", "properties": { "xid": 271, "name": "EMMA 2", "size_of_sl": "MAJOR", "return_int": "OCCASIONAL TO FREQUENT", "starting_z": "10040 FT.", "vertical_f": "1475 FT.", "distance_t": "3300 FT.", "starting_1": "SE-S-SE", "Shape__Are": 176583.13, "Shape__Len": 2707.0137362599999 }, "geometry": { "type": "MultiPolygon", "coordinates": [ [ [ [ -111.632183303618135, 40.594471562408195 ], [ -111.632297558140124, 40.594556520528691 ], [ -111.632373360192759, 40.594574123134862 ], [ -111.63235073066231, 40.594430106383008 ], [ -111.632243942413979, 40.594259523936671 ], [ -111.632130250882085, 40.594108798504607 ], [ -111.632015216952979, 40.59394096359793 ], [ -111.631946415689171, 40.593788190584007 ], [ -111.631855161708245, 40.5936355403487 ], [ -111.631794718074801, 40.593491730308223 ], [ -111.631724964967333, 40.593363286093407 ], [ -111.63168712736136, 40.593235568177676 ], [ -111.631603977304593, 40.593064855822938 ], [ -111.631482254477191, 40.592939398250131 ], [ -111.631343733773278, 40.59278700598162 ], [ -111.631268226163783, 40.592674808752804 ], [ -111.631244337574856, 40.592647912925287 ], [ -111.631145827047973, 40.592477284162655 ], [ -111.631069727273342, 40.592302028476006 ], [ -111.631015995749792, 40.5921176417447 ], [ -111.630978050139333, 40.591978212722651 ], [ -111.630955170518547, 40.591807170607751 ], [ -111.630917140547766, 40.591658733223625 ], [ -111.630818336035588, 40.591456574970806 ], [ -111.630733419558823, 40.591348933143081 ], [ -111.63064955810303, 40.591227772296897 ], [ -111.630565696952004, 40.59110661138503 ], [ -111.630490319479279, 40.591007926092459 ], [ -111.630390758527255, 40.59085081555709 ], [ -111.630328902070687, 40.590681787749688 ], [ -111.630275453048057, 40.590527128103759 ], [ -111.630215227103747, 40.590405837952218 ], [ -111.630201002330935, 40.590275288003475 ], [ -111.630184202843139, 40.590122230103319 ], [ -111.630199266363107, 40.589964493963549 ], [ -111.630223024376306, 40.589851754370102 ], [ -111.630283329515493, 40.589729806556939 ], [ -111.630382629484771, 40.589607645906867 ], [ -111.630497544573458, 40.58951242633227 ], [ -111.630642212519831, 40.589439566202635 ], [ -111.630840139671974, 40.589375423835442 ], [ -111.630954676398659, 40.589365789455975 ], [ -111.631038489840023, 40.589356322810204 ], [ -111.631191979042029, 40.589341970990112 ], [ -111.631298303315646, 40.589338687304604 ], [ -111.631473299614683, 40.589349442201119 ], [ -111.631649367439792, 40.589348479535161 ], [ -111.631801632428903, 40.589329629200456 ], [ -111.631962508181516, 40.589346766748143 ], [ -111.632092200081303, 40.589440649502663 ], [ -111.632198810449609, 40.58959321562471 ], [ -111.632251694669108, 40.589687518546235 ], [ -111.632320619581805, 40.589853804011881 ], [ -111.632367050588101, 40.590015708179365 ], [ -111.632412215279004, 40.590168610459543 ], [ -111.632434970691634, 40.590326139812866 ], [ -111.632458065709898, 40.590519702482617 ], [ -111.632488753651913, 40.590641153197581 ], [ -111.632526871369663, 40.590798598399566 ], [ -111.632557141872823, 40.591001130535304 ], [ -111.632587412566409, 40.591203662654621 ], [ -111.63262553085157, 40.591361107804659 ], [ -111.63263345147007, 40.591574572858235 ], [ -111.632664352497798, 40.591718544321658 ], [ -111.632709289799607, 40.591847123938834 ], [ -111.632770873109493, 40.591986422900106 ], [ -111.632831274966463, 40.592125728297468 ], [ -111.632877241700854, 40.592238086371047 ], [ -111.632937431652365, 40.592354870884016 ], [ -111.633007372894909, 40.59250313269979 ], [ -111.633099469768723, 40.592619742261306 ], [ -111.633197985454302, 40.592790369314784 ], [ -111.633304561244117, 40.592938430106159 ], [ -111.633457097400182, 40.593072725564049 ], [ -111.63356426073517, 40.593157721341996 ], [ -111.63366302465721, 40.593229249909811 ], [ -111.633701213822192, 40.593143456880235 ], [ -111.633644025846962, 40.594095999829612 ], [ -111.633847692818748, 40.595264223245699 ], [ -111.63423956623933, 40.596212499251784 ], [ -111.634821314959424, 40.596866944816448 ], [ -111.634735966849277, 40.597964683864035 ], [ -111.635128368818755, 40.598840883192985 ], [ -111.635196960787511, 40.599594541057229 ], [ -111.634982961992563, 40.599586708934197 ], [ -111.634770017268522, 40.599565357449329 ], [ -111.634602067861778, 40.599552767148246 ], [ -111.634471852288712, 40.599530960552194 ], [ -111.634273686000654, 40.59957258844355 ], [ -111.634174879439485, 40.599622679283669 ], [ -111.633998997516841, 40.599646166785909 ], [ -111.633748446581237, 40.599647541785799 ], [ -111.63359953422453, 40.599648358745235 ], [ -111.63325524576733, 40.598483609468708 ], [ -111.632865291388256, 40.59786414062841 ], [ -111.632761485953523, 40.597133195975978 ], [ -111.632171645323353, 40.595492322051108 ], [ -111.632183303618135, 40.594471562408195 ] ] ] ] } },
{ "type": "Feature", "properties": { "xid": 272, "name": "EMMA 3", "size_of_sl": "MAJOR", "return_int": "OCCASIONAL TO FREQUENT", "starting_z": "10040 FT.", "vertical_f": "1475 FT.", "distance_t": "3300 FT.", "starting_1": "SW-S-SE", "Shape__Are": 120773.755, "Shape__Len": 2199.1887120699998 }, "geometry": { "type": "MultiPolygon", "coordinates": [ [ [ [ -111.630148190062542, 40.598622220750769 ], [ -111.630372706148179, 40.597988578970835 ], [ -111.630510362376398, 40.59729325024535 ], [ -111.630598182742602, 40.596451350131161 ], [ -111.630492401260909, 40.59525556048154 ], [ -111.63055870718857, 40.595268711715548 ], [ -111.630643328918609, 40.595218701386443 ], [ -111.630709800769495, 40.595123746154343 ], [ -111.630787582090619, 40.594974676383401 ], [ -111.630825479571413, 40.594857355149237 ], [ -111.630863292250027, 40.594731025573623 ], [ -111.630871476217919, 40.594595849021701 ], [ -111.630848553555794, 40.59442030280357 ], [ -111.630825901949763, 40.594273583225721 ], [ -111.630779666291474, 40.594132397708144 ], [ -111.630710825303964, 40.593975119779202 ], [ -111.630634995757077, 40.593828690509845 ], [ -111.630565337593538, 40.593710154750973 ], [ -111.630520301547691, 40.593570764323616 ], [ -111.630497718664287, 40.593431251316687 ], [ -111.630474081069039, 40.59330525724738 ], [ -111.630450020505336, 40.593134221515633 ], [ -111.630436764833306, 40.592981144387416 ], [ -111.630405825657334, 40.592832668162423 ], [ -111.630375225024707, 40.592720225251043 ], [ -111.630328966045937, 40.592576337000516 ], [ -111.630268188313522, 40.59239649277427 ], [ -111.630223153799747, 40.59225710218827 ], [ -111.630191684959641, 40.592177996491813 ], [ -111.63012308419006, 40.592045941467006 ], [ -111.630054416049077, 40.591906679729661 ], [ -111.630001152650394, 40.591771838326324 ], [ -111.629994102740113, 40.591650258044631 ], [ -111.629978485040809, 40.591497193704811 ], [ -111.629969029537108, 40.591371122137872 ], [ -111.630001398470412, 40.591294370835179 ], [ -111.630108002808456, 40.59119469259862 ], [ -111.630230814621555, 40.591185013792213 ], [ -111.630359873252132, 40.591211335947982 ], [ -111.630466648961018, 40.591255797176366 ], [ -111.630581149678392, 40.591367782099482 ], [ -111.630627239068616, 40.591493653614982 ], [ -111.630635009479718, 40.591691804682313 ], [ -111.630665401674122, 40.591907849820871 ], [ -111.630687942032083, 40.592042858666851 ], [ -111.63068807225288, 40.592182494266098 ], [ -111.630711371248708, 40.592272454988986 ], [ -111.630748977880984, 40.592375850768406 ], [ -111.630818282897067, 40.592582674550876 ], [ -111.630901638352753, 40.592649785246451 ], [ -111.630970563067493, 40.592816071434939 ], [ -111.631015811238072, 40.592977982527124 ], [ -111.631069585827831, 40.593166873390842 ], [ -111.63112310661802, 40.593328739232987 ], [ -111.631160587433314, 40.593418622356559 ], [ -111.631253148359548, 40.593584779195268 ], [ -111.631382428451786, 40.593759744038493 ], [ -111.631535047442156, 40.593903050358364 ], [ -111.63166495957995, 40.594019454276122 ], [ -111.631725949277524, 40.594095695453497 ], [ -111.631878781786156, 40.594261522116568 ], [ -111.632015573662727, 40.594355366018647 ], [ -111.632183303618135, 40.594471562408195 ], [ -111.632171645323353, 40.595492322051108 ], [ -111.632761485953523, 40.597133195975978 ], [ -111.632865291388256, 40.59786414062841 ], [ -111.63325524576733, 40.598483609468708 ], [ -111.63359953422453, 40.599648358745235 ], [ -111.63354162386193, 40.599648676399852 ], [ -111.633266254165946, 40.599650186482712 ], [ -111.632954009365946, 40.599626673398838 ], [ -111.63271006538875, 40.599576659882096 ], [ -111.632442544353125, 40.599533081095366 ], [ -111.632183271089815, 40.599486753911265 ], [ -111.632007959780452, 40.599445372025649 ], [ -111.631732839846265, 40.599347780474822 ], [ -111.631550243149178, 40.599285717537704 ], [ -111.63135207102583, 40.599201217490183 ], [ -111.631107384230774, 40.599071927346529 ], [ -111.630878316255632, 40.598969577722293 ], [ -111.63066452812113, 40.598858135428344 ], [ -111.630450783008357, 40.598751196892295 ], [ -111.630230032209582, 40.598653304967087 ], [ -111.630148190062542, 40.598622220750769 ] ] ] ] } },
{ "type": "Feature", "properties": { "xid": 273, "name": "EMMA 4", "size_of_sl": "MAJOR", "return_int": "OCCASIONAL TO FREQUENT", "starting_z": "10040 FT.", "vertical_f": "1475 FT.", "distance_t": "3300 FT.", "starting_1": "SW-S-SE", "Shape__Are": 100677.725, "Shape__Len": 1788.77855746 }, "geometry": { "type": "MultiPolygon", "coordinates": [ [ [ [ -111.627347908172638, 40.597948291979151 ], [ -111.627490536670336, 40.597528608659047 ], [ -111.627726340306481, 40.597088599471498 ], [ -111.627769316998965, 40.596502794698139 ], [ -111.628185414981914, 40.59588072781834 ], [ -111.628284726582365, 40.595884692059514 ], [ -111.628398642218954, 40.59580749766306 ], [ -111.628506184738598, 40.595680789491247 ], [ -111.628590260129698, 40.595572226507699 ], [ -111.628749504480851, 40.595413705967161 ], [ -111.62890262821611, 40.595232696554945 ], [ -111.629016752909664, 40.595051899320147 ], [ -111.629077782179749, 40.594880399941346 ], [ -111.629131906361607, 40.594728757475366 ], [ -111.629170127032793, 40.594519545347168 ], [ -111.629155734432672, 40.594370978691472 ], [ -111.629102175294989, 40.594204607771914 ], [ -111.629047687960778, 40.594065268252116 ], [ -111.629001684116915, 40.593948404485445 ], [ -111.628948294535491, 40.59380005014188 ], [ -111.628902966356605, 40.593629129896954 ], [ -111.628887561633618, 40.593498586279402 ], [ -111.628918455677578, 40.593264189460072 ], [ -111.629001556619286, 40.593052030324145 ], [ -111.629116816922149, 40.592866722350053 ], [ -111.629162186500466, 40.592789900489855 ], [ -111.629238575792627, 40.59261831729868 ], [ -111.629268877685362, 40.592446985138132 ], [ -111.629268961536866, 40.59232987035719 ], [ -111.62929221517858, 40.592163080977059 ], [ -111.629329987067479, 40.592032247667163 ], [ -111.629405531255927, 40.591896704129951 ], [ -111.629558181752401, 40.591792271095699 ], [ -111.629780469386247, 40.591804572536986 ], [ -111.629872094793996, 40.591871638898525 ], [ -111.629910080316733, 40.592015572470842 ], [ -111.629863320783528, 40.592196003347084 ], [ -111.62982605700347, 40.592380886819733 ], [ -111.62979575656253, 40.592552219117593 ], [ -111.629765286934798, 40.592705534738158 ], [ -111.629764529346872, 40.592876705943404 ], [ -111.629757399797825, 40.593124486624326 ], [ -111.629765083371737, 40.593313629380361 ], [ -111.629795219994676, 40.593502649708498 ], [ -111.629825904560718, 40.593624101094136 ], [ -111.629856504706453, 40.593736544137272 ], [ -111.629917451683667, 40.593934405198837 ], [ -111.629948221225263, 40.594064864870127 ], [ -111.629986461871383, 40.594235823342402 ], [ -111.630039896380751, 40.594388681340071 ], [ -111.63009237771665, 40.594565868242697 ], [ -111.630168798990567, 40.594775356154209 ], [ -111.630222065186075, 40.59491019739 ], [ -111.630291453310576, 40.594999906676293 ], [ -111.630368143726173, 40.595112098041881 ], [ -111.630429302198863, 40.59520635654863 ], [ -111.630492401260909, 40.59525556048154 ], [ -111.630598182742602, 40.596451350131161 ], [ -111.630510362376398, 40.59729325024535 ], [ -111.630372706148179, 40.597988578970835 ], [ -111.630148190062542, 40.598622220750769 ], [ -111.630023633101345, 40.598573351904896 ], [ -111.629794906623076, 40.598507033392039 ], [ -111.629567108887983, 40.59841368300809 ], [ -111.629337328290603, 40.598360882508139 ], [ -111.629208087340174, 40.598316542691904 ], [ -111.62901008986006, 40.598250055219161 ], [ -111.628819394705715, 40.598206049614298 ], [ -111.628627644552211, 40.598175562613626 ], [ -111.628452440032632, 40.598144985271809 ], [ -111.628201177671386, 40.59806977741983 ], [ -111.628025889313435, 40.598030191099596 ], [ -111.627804383918559, 40.59797734254682 ], [ -111.627590306728166, 40.597960488351596 ], [ -111.627347908172638, 40.597948291979151 ] ] ] ] } },
{ "type": "Feature", "properties": { "xid": 274, "name": "CULPS", "size_of_sl": "MAJOR", "return_int": "OCCASIONAL TO FREQUENT", "starting_z": "9800 FT.", "vertical_f": "1150 FT.", "distance_t": "2400 FT.", "starting_1": "SE", "Shape__Are": 125705.455, "Shape__Len": 2261.79592615 }, "geometry": { "type": "MultiPolygon", "coordinates": [ [ [ [ -111.629390713219891, 40.591198603226381 ], [ -111.629336989317949, 40.591392585057626 ], [ -111.629260871865625, 40.591592995011091 ], [ -111.629169400220647, 40.591794389422397 ], [ -111.629047558128335, 40.59203378609196 ], [ -111.628956650787813, 40.592169413048765 ], [ -111.628811806098852, 40.592350377543795 ], [ -111.628658688593248, 40.592531386878562 ], [ -111.628513757976677, 40.592703342665509 ], [ -111.628384357727498, 40.592893231367306 ], [ -111.628284307291665, 40.59293611694649 ], [ -111.628146869884048, 40.593151273714504 ], [ -111.628070984591361, 40.593250783089424 ], [ -111.627979144759109, 40.593413440704978 ], [ -111.627902835629186, 40.593594031404869 ], [ -111.627850455861875, 40.593806022755309 ], [ -111.627827493035511, 40.594004340997984 ], [ -111.627811409925755, 40.594180099857361 ], [ -111.627803893915015, 40.594387342916015 ], [ -111.627827442647757, 40.5945043292094 ], [ -111.627850357447173, 40.59467987608307 ], [ -111.627926535896634, 40.594864142193892 ], [ -111.627963969396902, 40.595075645266348 ], [ -111.628002416330418, 40.595269125228498 ], [ -111.628017312351218, 40.595471742011284 ], [ -111.628040651120401, 40.595566207405589 ], [ -111.628071038457762, 40.595656130072072 ], [ -111.628101468030295, 40.595750556894011 ], [ -111.628131644763513, 40.595817958713745 ], [ -111.628185414981914, 40.59588072781834 ], [ -111.627769316998965, 40.596502794698139 ], [ -111.627726340306481, 40.597088599471498 ], [ -111.627490536670336, 40.597528608659047 ], [ -111.627347908172638, 40.597948291979151 ], [ -111.627155356407442, 40.59795834642145 ], [ -111.626857917455325, 40.598000500576454 ], [ -111.626606316668386, 40.598015378947437 ], [ -111.626438750920883, 40.598043314217648 ], [ -111.626178961197652, 40.598067244856537 ], [ -111.625934534921626, 40.598091091655967 ], [ -111.625766716698877, 40.59809200096111 ], [ -111.625705262136506, 40.598092333885134 ], [ -111.625455898421052, 40.598093684452799 ], [ -111.62502647875182, 40.598050965019084 ], [ -111.624964965495053, 40.598044991716115 ], [ -111.625083790837806, 40.597859668596882 ], [ -111.625543130332971, 40.596294157150894 ], [ -111.625976192558326, 40.594827882614425 ], [ -111.626878055598795, 40.592817634317448 ], [ -111.627786807354283, 40.591549665778864 ], [ -111.628606619897212, 40.590378568060302 ], [ -111.628719343733692, 40.590427502943989 ], [ -111.628886847155812, 40.590521183470479 ], [ -111.629047640800607, 40.590655439878454 ], [ -111.62917758451988, 40.590776350906538 ], [ -111.629292166724852, 40.590897345475284 ], [ -111.629367795700887, 40.59102305657391 ], [ -111.629390713219891, 40.591198603226381 ] ], [ [ -111.627712126164042, 40.592788780946378 ], [ -111.62774293751265, 40.592671499179744 ], [ -111.627727830144551, 40.59257248454518 ], [ -111.627681448194863, 40.592541205817881 ], [ -111.627597756618954, 40.592564182560643 ], [ -111.627506087690236, 40.59261873336068 ], [ -111.627414629120281, 40.592695804930614 ], [ -111.627308228868372, 40.592818001545005 ], [ -111.627224297888105, 40.592941877809245 ], [ -111.627155779587852, 40.593071075603817 ], [ -111.627109899096311, 40.59321996979908 ], [ -111.62710280525279, 40.593346131419544 ], [ -111.627163536662124, 40.593395350049413 ], [ -111.627254361925665, 40.593376839280133 ], [ -111.627330501157289, 40.593304355441937 ], [ -111.627407653549525, 40.593213848463009 ], [ -111.627461171122022, 40.593123469822942 ], [ -111.627498354884054, 40.593055701875826 ], [ -111.627567740020297, 40.593019289744674 ], [ -111.627620454539695, 40.592969454963416 ], [ -111.627682243717686, 40.592879031273441 ], [ -111.627712126164042, 40.592788780946378 ] ] ] ] } },
{ "type": "Feature", "properties": { "xid": 275, "name": "GRIZZLY", "size_of_sl": "MAJOR", "return_int": "OCCASIONAL", "starting_z": "9880 FT.", "vertical_f": "1250 FT.", "distance_t": "3200 FT.", "starting_1": "SW", "Shape__Are": 521382.265, "Shape__Len": 4364.0783232200001 }, "geometry": { "type": "MultiPolygon", "coordinates": [ [ [ [ -111.628606619897212, 40.590378568060302 ], [ -111.627786807354283, 40.591549665778864 ], [ -111.626878055598795, 40.592817634317448 ], [ -111.625976192558326, 40.594827882614425 ], [ -111.625543130332971, 40.596294157150894 ], [ -111.625083790837806, 40.597859668596882 ], [ -111.624964965495053, 40.598044991716115 ], [ -111.624760318116714, 40.598025378615965 ], [ -111.624545822295886, 40.597963477106902 ], [ -111.624263753894695, 40.597879418456358 ], [ -111.624042168104111, 40.597817554327079 ], [ -111.623867050264394, 40.597795978340166 ], [ -111.623638750931846, 40.597774689238967 ], [ -111.623493638958422, 40.597802499003251 ], [ -111.62333349795793, 40.597866424841079 ], [ -111.623204000218649, 40.597921176338687 ], [ -111.62304319535825, 40.598040959835807 ], [ -111.622898860156624, 40.598152546382437 ], [ -111.622737022840255, 40.598288550834788 ], [ -111.622562351930668, 40.59844264180461 ], [ -111.622410093180264, 40.598592107346178 ], [ -111.622341033642712, 40.598664549751938 ], [ -111.622249769758099, 40.598764138096584 ], [ -111.622082062240594, 40.598904677639403 ], [ -111.621907012555965, 40.599018230111653 ], [ -111.621715763814166, 40.599041781653824 ], [ -111.621525321328491, 40.599024789004289 ], [ -111.621357041881012, 40.598976146065084 ], [ -111.621189819429745, 40.598913984015859 ], [ -111.621052143109452, 40.598851662861378 ], [ -111.620906917639431, 40.598739833797168 ], [ -111.620831587241994, 40.598645646459261 ], [ -111.620715783289427, 40.59852014582583 ], [ -111.620602385074363, 40.598399136540401 ], [ -111.620502877622883, 40.598246521762675 ], [ -111.620434306146237, 40.598116262695157 ], [ -111.620319768942281, 40.597999763633524 ], [ -111.620251489478022, 40.597901033640746 ], [ -111.620181986777567, 40.597797805779358 ], [ -111.620082980590055, 40.597699240659686 ], [ -111.619975951674334, 40.597627744880953 ], [ -111.619824097390264, 40.597565498340899 ], [ -111.619671602235542, 40.597561812165161 ], [ -111.619480356806619, 40.59758535998715 ], [ -111.619396822362972, 40.597626347520048 ], [ -111.619251999812789, 40.597685681166737 ], [ -111.619121500050198, 40.597760252801358 ], [ -111.619014644615604, 40.597835598454772 ], [ -111.618885409187229, 40.59791917183432 ], [ -111.618755166037033, 40.598021668922399 ], [ -111.618648575510932, 40.598125840938302 ], [ -111.618503358116655, 40.598270759245409 ], [ -111.618381569094552, 40.598393029971234 ], [ -111.618290341156623, 40.598497119403902 ], [ -111.618182982236988, 40.598646339035064 ], [ -111.618083688248902, 40.598772993438871 ], [ -111.618016096018096, 40.598876956169022 ], [ -111.617916884324586, 40.599012618772342 ], [ -111.617802308326844, 40.599148363468714 ], [ -111.617718376820036, 40.599274935379441 ], [ -111.617626354495599, 40.59942136982081 ], [ -111.617504959690521, 40.599586879671115 ], [ -111.617375183603244, 40.599740722767272 ], [ -111.617267737820512, 40.599880933202172 ], [ -111.617161349172591, 40.60000762470775 ], [ -111.617031405827888, 40.60014345073251 ], [ -111.616924974912223, 40.600265637849454 ], [ -111.616794740790738, 40.600369934409031 ], [ -111.616604520990606, 40.60050608181156 ], [ -111.616474327283612, 40.600614882184104 ], [ -111.616328810253862, 40.600728268567643 ], [ -111.61623040204266, 40.600823385873255 ], [ -111.616108232079554, 40.600905116667725 ], [ -111.615946894676284, 40.600969038639427 ], [ -111.615750059456559, 40.601028645238557 ], [ -111.615574043094767, 40.601038592235945 ], [ -111.61536827332786, 40.601026175525512 ], [ -111.615169429698128, 40.600995703990755 ], [ -111.61506293736133, 40.600982757942219 ], [ -111.614950180721763, 40.600931107372972 ], [ -111.61481827497812, 40.600853433148011 ], [ -111.614704196587894, 40.600786474437719 ], [ -111.614589747150205, 40.600678978054461 ], [ -111.614490909796316, 40.600598424854411 ], [ -111.614414734294897, 40.600540272985718 ], [ -111.614331096631389, 40.600441621219943 ], [ -111.614268980091779, 40.600369881297752 ], [ -111.614224014398658, 40.600234988635926 ], [ -111.614185164295208, 40.600122585399482 ], [ -111.614139704284611, 40.59993364260815 ], [ -111.614101912698359, 40.599807720529064 ], [ -111.614055683451355, 40.599663825718267 ], [ -111.613964585456657, 40.599524673788096 ], [ -111.613926712025545, 40.599389743289386 ], [ -111.613835037877138, 40.599187532797728 ], [ -111.613750826054925, 40.599025822119437 ], [ -111.613636298798482, 40.598909316375305 ], [ -111.613537382853224, 40.598819753956583 ], [ -111.613354433563828, 40.598717124534097 ], [ -111.613170426465118, 40.598628013617585 ], [ -111.612934460505244, 40.598543682535272 ], [ -111.612712800438757, 40.59847278826529 ], [ -111.612423447869475, 40.59836621734604 ], [ -111.612225343240183, 40.598286188449954 ], [ -111.612094849513497, 40.598232827310831 ], [ -111.611966103545157, 40.598111890839689 ], [ -111.611866050245496, 40.598026837391579 ], [ -111.611820442997967, 40.597950504262201 ], [ -111.611797290392971, 40.597874052180103 ], [ -111.611775032241098, 40.597766064588178 ], [ -111.611766873813025, 40.597648993521688 ], [ -111.611797345657777, 40.597491178286866 ], [ -111.611865594162495, 40.59732865853686 ], [ -111.611987958945917, 40.597138825654767 ], [ -111.612117988990391, 40.597012013557951 ], [ -111.61228000933599, 40.596894040532938 ], [ -111.612361913411434, 40.596803518424345 ], [ -111.612514766205123, 40.596717124441369 ], [ -111.612713708635894, 40.59663048577729 ], [ -111.612941784042079, 40.596498648216915 ], [ -111.613187626566116, 40.596371220282037 ], [ -111.613391211919975, 40.596275547009149 ], [ -111.613605679859205, 40.596206841942966 ], [ -111.613903518614435, 40.596079136250303 ], [ -111.61414732392231, 40.595987752268094 ], [ -111.614415094081082, 40.595932275467476 ], [ -111.614597857979618, 40.59588625918024 ], [ -111.614903031678239, 40.595785538258923 ], [ -111.615284168610572, 40.595720447083558 ], [ -111.61559672035952, 40.595651215802761 ], [ -111.615963550497952, 40.595572685445291 ], [ -111.616184584017773, 40.595576010921064 ], [ -111.616398212509765, 40.595545142078592 ], [ -111.616741513227169, 40.595478446244108 ], [ -111.617046203985794, 40.595454296979646 ], [ -111.617427461179901, 40.595402711281878 ], [ -111.617702897189687, 40.59541024743411 ], [ -111.617976819701383, 40.5953817558567 ], [ -111.618328572937628, 40.595334829428722 ], [ -111.618701805145704, 40.595310308862892 ], [ -111.618992396204533, 40.595295238781709 ], [ -111.619228625682965, 40.595280459413651 ], [ -111.619503604018547, 40.595238445368025 ], [ -111.61973984980763, 40.595225466625749 ], [ -111.620075081134672, 40.595181326164528 ], [ -111.620401848115748, 40.595116509972009 ], [ -111.620747481054536, 40.595047087072892 ], [ -111.620967846204664, 40.594978336651053 ], [ -111.621288494018955, 40.594891028866947 ], [ -111.621639741637239, 40.594790042325059 ], [ -111.621952031863543, 40.59469376888579 ], [ -111.622180458136739, 40.594602450763603 ], [ -111.622439985380041, 40.594551504164954 ], [ -111.62274648992279, 40.59446877294463 ], [ -111.623035100151995, 40.59436811984741 ], [ -111.623303243276737, 40.594227036907917 ], [ -111.623561931282353, 40.594086004388224 ], [ -111.623797913860045, 40.593918067531057 ], [ -111.623989617144176, 40.593817935351986 ], [ -111.62427155991459, 40.593636236039849 ], [ -111.624538473851672, 40.593490652472191 ], [ -111.624759550503299, 40.593372342602237 ], [ -111.624905205099154, 40.59327696235637 ], [ -111.625148691349807, 40.59315402610325 ], [ -111.625316923670411, 40.593072036331129 ], [ -111.625538123489818, 40.592967237492473 ], [ -111.625721759299381, 40.592889668107908 ], [ -111.625768776426554, 40.592862387017476 ], [ -111.625912149027045, 40.592776026655642 ], [ -111.626056366897274, 40.592653626355563 ], [ -111.626163105325688, 40.592567464232772 ], [ -111.626263724761742, 40.59245881319962 ], [ -111.626339527810558, 40.592350296646039 ], [ -111.62643065088038, 40.592237192560319 ], [ -111.626491259294241, 40.592146775897852 ], [ -111.626514515203581, 40.59210611018193 ], [ -111.626568668261214, 40.59195717131994 ], [ -111.626651434360994, 40.591835103590029 ], [ -111.626697357016496, 40.591690713710562 ], [ -111.626743069203854, 40.591523802961262 ], [ -111.626805114670773, 40.591334281567647 ], [ -111.626873085098552, 40.59114652973966 ], [ -111.626956593843587, 40.590977612002781 ], [ -111.627040753734036, 40.590751935244079 ], [ -111.627125418015936, 40.590580308463444 ], [ -111.627209236862612, 40.590444721398185 ], [ -111.627285120320934, 40.590345212555313 ], [ -111.627399998995131, 40.590245491862156 ], [ -111.627590967939199, 40.590194906051813 ], [ -111.627818779238169, 40.590166641680987 ], [ -111.627980922004298, 40.590192786681563 ], [ -111.628314703503619, 40.590249528744657 ], [ -111.628536605441298, 40.59034741826887 ], [ -111.628606619897212, 40.590378568060302 ] ] ] ] } },
{ "type": "Feature", "properties": { "xid": 276, "name": "THUNDER FACE", "size_of_sl": null, "return_int": null, "starting_z": null, "vertical_f": null, "distance_t": null, "starting_1": null, "Shape__Are": 195822.53, "Shape__Len": 2250.6993514800001 }, "geometry": { "type": "MultiPolygon", "coordinates": [ [ [ [ -111.679782864791406, 40.575064759882594 ], [ -111.679707182226238, 40.575057998177378 ], [ -111.679508798088591, 40.575068174104103 ], [ -111.679294964565742, 40.575069431733233 ], [ -111.679127160116693, 40.575065913968707 ], [ -111.678896969084633, 40.575085284639194 ], [ -111.678668731103457, 40.575064103745135 ], [ -111.678371291050453, 40.575092877243868 ], [ -111.678181403786368, 40.575125523011693 ], [ -111.677944714870748, 40.575203487179216 ], [ -111.677784771259866, 40.575276496192025 ], [ -111.677669402607364, 40.575317712674732 ], [ -111.677589139738572, 40.575325390543 ], [ -111.676211568091901, 40.575680301771825 ], [ -111.676243441302248, 40.575560298057233 ], [ -111.67619686986184, 40.575393907744846 ], [ -111.67612826005842, 40.575268186035373 ], [ -111.676052607434968, 40.57514700990302 ], [ -111.675976045677501, 40.575052865461799 ], [ -111.67589216910747, 40.574936241746499 ], [ -111.675777485867528, 40.574810789380912 ], [ -111.675695153843705, 40.574730191714835 ], [ -111.675573111140423, 40.574577755761176 ], [ -111.675403360455732, 40.574380554572578 ], [ -111.675296858226673, 40.574246045072229 ], [ -111.675205166947634, 40.574174510567609 ], [ -111.675138058572344, 40.574080310295052 ], [ -111.675083945596171, 40.573986034038093 ], [ -111.67499189278756, 40.573878466232571 ], [ -111.674893797608505, 40.573757420437119 ], [ -111.674786070772512, 40.573618413196378 ], [ -111.674695019349855, 40.573492821674584 ], [ -111.674610191793136, 40.573398724569635 ], [ -111.674549082358723, 40.573313497717095 ], [ -111.674457669980839, 40.573151872862518 ], [ -111.674381570575065, 40.572985654131017 ], [ -111.674281160303323, 40.57286912571255 ], [ -111.674236455204678, 40.57277028971469 ], [ -111.67418339030506, 40.572662493674365 ], [ -111.674107608564654, 40.572527803735177 ], [ -111.674046003390359, 40.572393031024575 ], [ -111.673992848712501, 40.572276226599556 ], [ -111.673930288605348, 40.572163981424389 ], [ -111.673862912942582, 40.572042755490209 ], [ -111.67375460371278, 40.571845193345936 ], [ -111.673664647656793, 40.571710585762155 ], [ -111.673565286403445, 40.571580537350769 ], [ -111.673503954170741, 40.571472789176077 ], [ -111.673412862940935, 40.571342692410894 ], [ -111.673344081970995, 40.571198952308855 ], [ -111.673275030432464, 40.571028187293955 ], [ -111.673252457330619, 40.570897691034219 ], [ -111.673190674852577, 40.570744901225524 ], [ -111.673168327700097, 40.570636925664608 ], [ -111.673160246761896, 40.570537875782172 ], [ -111.673168207841385, 40.570389183930622 ], [ -111.673122911486487, 40.570348908202341 ], [ -111.673106922488643, 40.570285939654255 ], [ -111.673077397476575, 40.570168997073388 ], [ -111.673023840156077, 40.570011654822181 ], [ -111.672977551444774, 40.56987228783138 ], [ -111.672947161383135, 40.569786881106722 ], [ -111.672916500690789, 40.569674449497853 ], [ -111.67287136667953, 40.569532373084115 ], [ -111.672847730894901, 40.56941359436162 ], [ -111.67279426495611, 40.569265260266675 ], [ -111.672733756576875, 40.569121471563115 ], [ -111.672695783273753, 40.568986560420157 ], [ -111.672649631273771, 40.568860705702072 ], [ -111.672642191460923, 40.568707599106361 ], [ -111.672634751686772, 40.568554492505825 ], [ -111.672634309467213, 40.568392336338199 ], [ -111.672634228031185, 40.568266213342852 ], [ -111.672695257476732, 40.568108203639653 ], [ -111.672772049194421, 40.56799064179534 ], [ -111.672870554731361, 40.567917997525633 ], [ -111.673007853534031, 40.567944224195422 ], [ -111.673137876368443, 40.568069590113581 ], [ -111.67325949530381, 40.56818149163059 ], [ -111.673382386222613, 40.568302394421195 ], [ -111.67348111003146, 40.568369385058105 ], [ -111.673580285644448, 40.568481417068959 ], [ -111.67367237386047, 40.568593490322485 ], [ -111.673764100997516, 40.56866953033223 ], [ -111.673832563950967, 40.56878174124143 ], [ -111.67395395940656, 40.568871121266831 ], [ -111.674045822821, 40.568960673479509 ], [ -111.674136731180056, 40.569072753234771 ], [ -111.674236999819783, 40.569175769467748 ], [ -111.674351715651937, 40.569305727729258 ], [ -111.674442534552696, 40.569408798940231 ], [ -111.674534354131879, 40.56949384660065 ], [ -111.674602231220646, 40.569547503145181 ], [ -111.674732446179235, 40.569573769115848 ], [ -111.675787255929009, 40.57073244326719 ], [ -111.677030048121196, 40.5715494727974 ], [ -111.678645461114357, 40.573579588852184 ], [ -111.679270866189697, 40.574438956920325 ], [ -111.679782864791406, 40.575064759882594 ] ] ] ] } },
{ "type": "Feature", "properties": { "xid": 277, "name": "LOST CREEK WEST", "size_of_sl": null, "return_int": null, "starting_z": null, "vertical_f": null, "distance_t": null, "starting_1": null, "Shape__Are": 497743.75767700002, "Shape__Len": 6594.6666245799997 }, "geometry": { "type": "MultiPolygon", "coordinates": [ [ [ [ -111.624137933415071, 40.354670272652925 ], [ -111.623827194007006, 40.354761337125737 ], [ -111.62347641055652, 40.35473343261895 ], [ -111.622889487394374, 40.35443863589353 ], [ -111.622185186309423, 40.354084874740082 ], [ -111.621363238669559, 40.353642353327693 ], [ -111.620302718948537, 40.352664778373807 ], [ -111.619045877861083, 40.351509467353139 ], [ -111.617514033255176, 40.350087447529603 ], [ -111.61621725977092, 40.348813134985193 ], [ -111.615468151642006, 40.347804058094646 ], [ -111.615229630722268, 40.347268999095363 ], [ -111.615185546197708, 40.346703108595442 ], [ -111.615218802153862, 40.34607721455906 ], [ -111.615289102616515, 40.345242551870832 ], [ -111.615360212547927, 40.34449727201028 ], [ -111.615240417214309, 40.344170152565923 ], [ -111.612924115007232, 40.342096726811747 ], [ -111.611707879209348, 40.341090098532646 ], [ -111.610806400912267, 40.340439349485457 ], [ -111.61029538436965, 40.339905717248854 ], [ -111.610095868300661, 40.339370440087478 ], [ -111.610131315756817, 40.338982903861087 ], [ -111.610558005408038, 40.338801876674268 ], [ -111.611103382126402, 40.338828792705833 ], [ -111.611767184292674, 40.339033855551456 ], [ -111.612591048631828, 40.339714805357538 ], [ -111.613455215015406, 40.34054451587491 ], [ -111.614123904165154, 40.341285868664173 ], [ -111.614479210107348, 40.341820311093109 ], [ -111.614990004629391, 40.342324129674942 ], [ -111.615620330039391, 40.343125269629233 ], [ -111.616484578478932, 40.343954956421761 ], [ -111.616919153598033, 40.344637947928121 ], [ -111.617431889357476, 40.345350317456059 ], [ -111.617944906691775, 40.346092478249908 ], [ -111.618340297493248, 40.346745878297767 ], [ -111.6185420784672, 40.347519496639642 ], [ -111.618743047318333, 40.348203729834573 ], [ -111.618904533510431, 40.34882858269259 ], [ -111.618987593096406, 40.349394262023083 ], [ -111.619342162929513, 40.349839304440302 ], [ -111.619694828439066, 40.350075783710416 ], [ -111.61977025928104, 40.349807215246024 ], [ -111.619570911002526, 40.349301750692376 ], [ -111.619565730694177, 40.348735654632378 ], [ -111.61944127221561, 40.34790203210143 ], [ -111.619433640098848, 40.347067784606828 ], [ -111.619582315836936, 40.346292290995287 ], [ -111.61984889853801, 40.345635350407392 ], [ -111.620115750159158, 40.345008202856668 ], [ -111.620150051331478, 40.344501485954567 ], [ -111.619831171363074, 40.343698702448457 ], [ -111.619396846844595, 40.343045515648278 ], [ -111.619002557297861, 40.342511297166446 ], [ -111.618569608026206, 40.342007081007644 ], [ -111.618565525951354, 40.341560161708991 ], [ -111.619107660300088, 40.341229504350061 ], [ -111.619613032562114, 40.341137410003483 ], [ -111.620158976821301, 40.341223872389229 ], [ -111.620395605254785, 40.341550360271803 ], [ -111.620597939492257, 40.342383563971545 ], [ -111.620881434551848, 40.343573885232338 ], [ -111.621006175334855, 40.344437300454288 ], [ -111.621090886293743, 40.345181747045395 ], [ -111.621017105131259, 40.345629084027877 ], [ -111.620554737450476, 40.346167893668749 ], [ -111.62036604023092, 40.346824418997421 ], [ -111.620332285657227, 40.347390724919642 ], [ -111.620493784445202, 40.348015574650503 ], [ -111.620655013170349, 40.348610630394383 ], [ -111.621009863012461, 40.349085462277237 ], [ -111.621637041582446, 40.349529032742673 ], [ -111.622733457951298, 40.350178647377746 ], [ -111.623362029589742, 40.350771181887247 ], [ -111.623522741516283, 40.351306643125945 ], [ -111.623489560407435, 40.35193253843029 ], [ -111.623455006796775, 40.352409460977213 ], [ -111.623421550260446, 40.353005560716582 ], [ -111.623697729886331, 40.353391419892034 ], [ -111.624129417489272, 40.353746643302223 ], [ -111.624250098642975, 40.35416313611649 ], [ -111.624137933415071, 40.354670272652925 ] ] ] ] } },
{ "type": "Feature", "properties": { "xid": 278, "name": "LOST CREEK", "size_of_sl": null, "return_int": null, "starting_z": null, "vertical_f": null, "distance_t": null, "starting_1": null, "Shape__Are": 2675247.29525, "Shape__Len": 8890.2793081500004 }, "geometry": { "type": "MultiPolygon", "coordinates": [ [ [ [ -111.60053425495714, 40.343252008956981 ], [ -111.600565329101016, 40.343250248485781 ], [ -111.600585900858391, 40.342818230419397 ], [ -111.60084623804164, 40.342451927859706 ], [ -111.601345918400199, 40.342083590502035 ], [ -111.601762731159653, 40.341637776965584 ], [ -111.602247071553037, 40.340906590187451 ], [ -111.602581425440192, 40.340530336773845 ], [ -111.602946352635655, 40.340341043906818 ], [ -111.603476617491395, 40.340145269251948 ], [ -111.60390711330264, 40.340043652837878 ], [ -111.604271981493028, 40.339848851477477 ], [ -111.604780878931152, 40.339675213544147 ], [ -111.605434610075449, 40.339605295861432 ], [ -111.605908434460119, 40.33933668326587 ], [ -111.606242671701452, 40.339091795476087 ], [ -111.606726934454343, 40.338903329140024 ], [ -111.607138102318075, 40.338901171671111 ], [ -111.607514201449746, 40.339156634584455 ], [ -111.607949068030194, 40.339712133088263 ], [ -111.608195629673645, 40.34011129630035 ], [ -111.608292289788963, 40.340468340215118 ], [ -111.608371546853803, 40.340968498230005 ], [ -111.608394348066199, 40.341426045953433 ], [ -111.6083229263307, 40.341798275811755 ], [ -111.608272250639544, 40.342399231641181 ], [ -111.608275205124642, 40.342728164005862 ], [ -111.608204681741981, 40.343200504457748 ], [ -111.608114053958602, 40.343515627649076 ], [ -111.608024324212764, 40.343930860590312 ], [ -111.60795366953387, 40.344388899409758 ], [ -111.607919882542603, 40.344789536076306 ], [ -111.60801552089778, 40.345032169583497 ], [ -111.608223692529037, 40.345317116622951 ], [ -111.608695216455217, 40.345786605522981 ], [ -111.60922320736654, 40.346298701259968 ], [ -111.609619463617236, 40.346711374423208 ], [ -111.610204446168353, 40.347323280565988 ], [ -111.610672901026405, 40.347449526812973 ], [ -111.611215609697865, 40.347518170511698 ], [ -111.611908112555852, 40.347614623416483 ], [ -111.612656435283085, 40.347682172372409 ], [ -111.61357350347464, 40.347806030606669 ], [ -111.614210585412863, 40.347974274028218 ], [ -111.614774201145337, 40.34828592600423 ], [ -111.615395068222625, 40.348725989188601 ], [ -111.61720411753538, 40.350318183367321 ], [ -111.617995343123198, 40.350986156981094 ], [ -111.618617301354675, 40.351540613187943 ], [ -111.619220184308247, 40.352052261939178 ], [ -111.620011972848133, 40.352777426669739 ], [ -111.620502061714149, 40.353218162928577 ], [ -111.620974906585587, 40.353816312195569 ], [ -111.621389445877014, 40.354171637900791 ], [ -111.621877583075147, 40.35439784705828 ], [ -111.622383496822081, 40.35452384505286 ], [ -111.62277751313087, 40.354679046602136 ], [ -111.623280622991629, 40.355089716466885 ], [ -111.623448054258532, 40.355556806690991 ], [ -111.623332320307753, 40.35627501828781 ], [ -111.623337491765767, 40.356836581820545 ], [ -111.623953810916674, 40.357332450597632 ], [ -111.624734418645673, 40.357952226269511 ], [ -111.625477140252713, 40.358884196662522 ], [ -111.625646613965415, 40.359569668634862 ], [ -111.625854279242247, 40.359974138097854 ], [ -111.626225079651405, 40.360377723953327 ], [ -111.626313574583264, 40.36112603238319 ], [ -111.626565497813132, 40.361904654058442 ], [ -111.626898129598288, 40.362589239755707 ], [ -111.627189404705206, 40.363211649522526 ], [ -111.627073121442962, 40.363867468585241 ], [ -111.626836501178559, 40.364742336788183 ], [ -111.626517146265513, 40.365492853431519 ], [ -111.626038677517315, 40.366681023571715 ], [ -111.625540278402028, 40.366882863054308 ], [ -111.624948861724832, 40.366957570536741 ], [ -111.624108588801761, 40.367081291909813 ], [ -111.623423023911911, 40.367084989549433 ], [ -111.622332134559201, 40.36706702856074 ], [ -111.621769465938272, 40.366879361147113 ], [ -111.621204174444429, 40.366405663806539 ], [ -111.620763098895523, 40.365883623276822 ], [ -111.620513151419885, 40.365813454514722 ], [ -111.62048417613795, 40.366051977576312 ], [ -111.620455200662292, 40.366290500622377 ], [ -111.620113513632489, 40.36641151703251 ], [ -111.619488970566053, 40.366271843027199 ], [ -111.619018710572973, 40.365964483340498 ], [ -111.61823684079414, 40.365658787912309 ], [ -111.617579623580653, 40.365352421587019 ], [ -111.616890817036676, 40.36499854718933 ], [ -111.616235130546855, 40.364859021652265 ], [ -111.615578580564232, 40.364624150449622 ], [ -111.61501400096904, 40.364221929781735 ], [ -111.614510450769984, 40.363676360875139 ], [ -111.613945452939546, 40.363226463385843 ], [ -111.613350383154057, 40.362895905561594 ], [ -111.612756182462846, 40.362660687517518 ], [ -111.612253739159229, 40.362234286619511 ], [ -111.611813191984083, 40.361759883231045 ], [ -111.611248658641244, 40.361357642741389 ], [ -111.610686282834365, 40.361193755933208 ], [ -111.60990622384935, 40.361078689201889 ], [ -111.609219431709079, 40.360939287716342 ], [ -111.60875075599121, 40.360798735185149 ], [ -111.608406719317145, 40.360657525143111 ], [ -111.607936548430771, 40.360350119440852 ], [ -111.607652265778015, 40.359922551322377 ], [ -111.607554936879765, 40.359494000519376 ], [ -111.607675291671853, 40.359016632278738 ], [ -111.607951220474916, 40.358514609758728 ], [ -111.608382721865723, 40.357987930953726 ], [ -111.608907259367271, 40.357413087840435 ], [ -111.609182101175804, 40.356791883973003 ], [ -111.609363465791034, 40.356171171937746 ], [ -111.609390546404768, 40.355718130423675 ], [ -111.609262271218142, 40.355313580259192 ], [ -111.608820718619739, 40.354719985096331 ], [ -111.608379601070638, 40.354174059697137 ], [ -111.60818859562211, 40.353722165251042 ], [ -111.608152086775505, 40.353126436719926 ], [ -111.60814395000277, 40.352220681299002 ], [ -111.608132601950516, 40.350957389275962 ], [ -111.607996637685005, 40.349694753014312 ], [ -111.607988289932706, 40.348765160773375 ], [ -111.607825460107591, 40.347979401011656 ], [ -111.607601825248679, 40.347360818444841 ], [ -111.607159484940723, 40.346671873278304 ], [ -111.606938638076116, 40.346363153511675 ], [ -111.606500581002365, 40.346150919345774 ], [ -111.605939622977246, 40.346130022962626 ], [ -111.605191324760781, 40.346062430350351 ], [ -111.604567424193945, 40.345970345347602 ], [ -111.604004979829995, 40.345782589185625 ], [ -111.603503781121162, 40.345475326450064 ], [ -111.602815249472684, 40.345121364106632 ], [ -111.602065057949218, 40.344839229900337 ], [ -111.601469149587459, 40.3443894295037 ], [ -111.600777044633801, 40.343630247517162 ], [ -111.60053425495714, 40.343252008956981 ] ] ] ] } },
{ "type": "Feature", "properties": { "xid": 279, "name": "CASCADE CHUTES", "size_of_sl": null, "return_int": null, "starting_z": null, "vertical_f": null, "distance_t": null, "starting_1": null, "Shape__Are": 80008.291541400002, "Shape__Len": 2131.6831447200002 }, "geometry": { "type": "MultiPolygon", "coordinates": [ [ [ [ -111.613868145821399, 40.332185103970694 ], [ -111.613620920874993, 40.332400947297252 ], [ -111.613309243768157, 40.332378763722353 ], [ -111.613057918021667, 40.332141726974918 ], [ -111.612836661383128, 40.331785345840267 ], [ -111.612709276242825, 40.331476141059866 ], [ -111.612550746005311, 40.331167101053985 ], [ -111.612175060501173, 40.330954558255449 ], [ -111.611707878356768, 40.330957029763262 ], [ -111.611302127065755, 40.330863826755497 ], [ -111.610893797773556, 40.330484593718957 ], [ -111.61039032006623, 40.329915166191455 ], [ -111.609886850854849, 40.329345736354391 ], [ -111.609603330729897, 40.328989677072762 ], [ -111.609290599945766, 40.328848303575171 ], [ -111.608882508311041, 40.328492898568058 ], [ -111.608535852112979, 40.328041820857955 ], [ -111.608096197958787, 40.327638905915478 ], [ -111.607688547446742, 40.327331168309982 ], [ -111.607031324218582, 40.326977065151745 ], [ -111.606592111507069, 40.326621815210565 ], [ -111.606370481695379, 40.326217750073752 ], [ -111.606336138341788, 40.325860376091931 ], [ -111.606644795878907, 40.325548877840568 ], [ -111.607203447697501, 40.325331413980187 ], [ -111.607640516530907, 40.325448303605995 ], [ -111.60792294213347, 40.325685189051427 ], [ -111.608082079904079, 40.326065743184088 ], [ -111.608241861375021, 40.326517805196261 ], [ -111.608683436113822, 40.327135242279915 ], [ -111.609280954557946, 40.327775692886306 ], [ -111.61006642169616, 40.328534333835549 ], [ -111.610600172395223, 40.329008256008166 ], [ -111.611009995755978, 40.329554340899954 ], [ -111.61141939554679, 40.330052752506951 ], [ -111.611858008843811, 40.330336476425465 ], [ -111.612387477307493, 40.330333674587763 ], [ -111.612856164391658, 40.330498050926529 ], [ -111.613516473934126, 40.331185820440105 ], [ -111.613832896835405, 40.331732390397057 ], [ -111.613868145821399, 40.332185103970694 ] ] ] ] } },
{ "type": "Feature", "properties": { "xid": 280, "name": "CASCADE CHUTES", "size_of_sl": null, "return_int": null, "starting_z": null, "vertical_f": null, "distance_t": null, "starting_1": null, "Shape__Are": 63770.712274199999, "Shape__Len": 2099.6314140700001 }, "geometry": { "type": "MultiPolygon", "coordinates": [ [ [ [ -111.612936352676968, 40.332476088202448 ], [ -111.613156749184498, 40.332737125693562 ], [ -111.613127760644375, 40.332975648359437 ], [ -111.612848736365166, 40.33312014804843 ], [ -111.612537271692048, 40.333121797816588 ], [ -111.612162868822224, 40.333052269324959 ], [ -111.611787389243361, 40.332863560806636 ], [ -111.611411051254436, 40.332579507624345 ], [ -111.610909702855452, 40.332248440401514 ], [ -111.610252200290319, 40.331870520905916 ], [ -111.609782651682679, 40.331610790609716 ], [ -111.609219884225226, 40.33137538683421 ], [ -111.608813276947814, 40.331186832507044 ], [ -111.608310239355689, 40.330665067658444 ], [ -111.607652339018443, 40.330239461300096 ], [ -111.606993806294994, 40.329742343896847 ], [ -111.606241636018325, 40.329221876005207 ], [ -111.605614267546216, 40.328724587286096 ], [ -111.604924619526145, 40.328227620810338 ], [ -111.604392191299965, 40.327896687485328 ], [ -111.603889849560716, 40.327446409069111 ], [ -111.603887937640351, 40.327231887221259 ], [ -111.604043019226211, 40.327159566901713 ], [ -111.604448738592978, 40.327252794766217 ], [ -111.604949380074402, 40.327512384412699 ], [ -111.605826524770848, 40.328079879590724 ], [ -111.606485459420995, 40.328624675751378 ], [ -111.607269623615863, 40.329240321302464 ], [ -111.608084093216092, 40.329760454107721 ], [ -111.608992652205529, 40.330351597251514 ], [ -111.609745714132217, 40.330967389486247 ], [ -111.610528432610664, 40.331416161662524 ], [ -111.611373237183585, 40.331840763809602 ], [ -111.612248337434181, 40.332169852308816 ], [ -111.612936352676968, 40.332476088202448 ] ] ] ] } },
{ "type": "Feature", "properties": { "xid": 281, "name": "CASCADE CHUTES", "size_of_sl": null, "return_int": null, "starting_z": null, "vertical_f": null, "distance_t": null, "starting_1": null, "Shape__Are": 200675.24374899999, "Shape__Len": 5824.1191487300002 }, "geometry": { "type": "MultiPolygon", "coordinates": [ [ [ [ -111.601627594511129, 40.325217526603346 ], [ -111.601909150220919, 40.325359083194172 ], [ -111.602223333693061, 40.325667327984675 ], [ -111.602475445245304, 40.325999732679932 ], [ -111.602728831406239, 40.326475151407692 ], [ -111.603013577672684, 40.326974242632026 ], [ -111.60323604008407, 40.327473657923491 ], [ -111.603427148671472, 40.32794939883221 ], [ -111.603742837901478, 40.32842449012665 ], [ -111.604151114920171, 40.328803748923654 ], [ -111.604590328057924, 40.329159007996118 ], [ -111.605153912793298, 40.329489778224293 ], [ -111.605905438299175, 40.329938745080128 ], [ -111.60643767782787, 40.330245835708631 ], [ -111.606845340415944, 40.33055357748114 ], [ -111.60728479266686, 40.330932661460864 ], [ -111.60772467865128, 40.331359415459239 ], [ -111.608475599632058, 40.331736858024165 ], [ -111.60916338053265, 40.332019281114775 ], [ -111.609945033241075, 40.332348878229396 ], [ -111.610570963314984, 40.332679293006521 ], [ -111.611228690600456, 40.333081045971056 ], [ -111.611760978819035, 40.333388111579787 ], [ -111.612199615301506, 40.333671833870156 ], [ -111.612793342843375, 40.333883221543346 ], [ -111.61332434957346, 40.334047265664069 ], [ -111.613513605040382, 40.334308467506084 ], [ -111.613422754374042, 40.334594992244227 ], [ -111.613145019781527, 40.334882507677698 ], [ -111.612646663826126, 40.334885148272974 ], [ -111.612240886510918, 40.334791948810611 ], [ -111.611550698855851, 40.334247351472648 ], [ -111.610798443494801, 40.333726915143309 ], [ -111.610265512728361, 40.333348337987438 ], [ -111.609419838379395, 40.332828384492544 ], [ -111.608637538999915, 40.332427275826994 ], [ -111.607731093240076, 40.332074489036536 ], [ -111.606981667475736, 40.331863891459264 ], [ -111.605920147289183, 40.331583414593119 ], [ -111.605233449989896, 40.33142015105166 ], [ -111.604545691295741, 40.331137704400454 ], [ -111.603763228776486, 40.330712726847509 ], [ -111.603136925355045, 40.330334603842644 ], [ -111.60222968834843, 40.329886429777687 ], [ -111.601382847899771, 40.329223401883887 ], [ -111.600693226659857, 40.328726410028487 ], [ -111.600221624626542, 40.328228282937339 ], [ -111.599781174319062, 40.327729992348566 ], [ -111.599464672511445, 40.327159546237276 ], [ -111.599117454523508, 40.326636933237772 ], [ -111.59867575803284, 40.325995622546273 ], [ -111.598328762638644, 40.325496842479474 ], [ -111.598169470450387, 40.325092438991319 ], [ -111.598103607972703, 40.32468755131741 ], [ -111.598289622941877, 40.324591242152017 ], [ -111.598602521936201, 40.324756481297804 ], [ -111.599042945210243, 40.325254776826014 ], [ -111.599327658030859, 40.325753878368864 ], [ -111.599518524546099, 40.326205790618793 ], [ -111.599772101808199, 40.326705051432597 ], [ -111.600056404020023, 40.327156478215244 ], [ -111.600402575875179, 40.327559910003494 ], [ -111.600842396672007, 40.327986690895322 ], [ -111.600745583032278, 40.327605803198828 ], [ -111.600460217000375, 40.327035198112256 ], [ -111.600176334880146, 40.326631444189047 ], [ -111.599924021125759, 40.326275198972226 ], [ -111.599826793208962, 40.325846638469905 ], [ -111.599605626820605, 40.32549023098683 ], [ -111.599416238901441, 40.325205169936353 ], [ -111.599539122698062, 40.325013837755904 ], [ -111.599818353574832, 40.324893205495492 ], [ -111.600161978979656, 40.325010607911821 ], [ -111.600414077983899, 40.325343016327409 ], [ -111.600543085276769, 40.325842922022936 ], [ -111.600703661262258, 40.326390337650103 ], [ -111.601051102755406, 40.326936782200598 ], [ -111.601493038276686, 40.327601918986758 ], [ -111.601903203467671, 40.32819570780417 ], [ -111.602469310524185, 40.328812520472525 ], [ -111.602972501649347, 40.32935814767351 ], [ -111.603537354231875, 40.329831940332745 ], [ -111.604320444117462, 40.330328426796697 ], [ -111.604883824534824, 40.330635361868488 ], [ -111.605321562701889, 40.330823767152751 ], [ -111.605726879565495, 40.33086931942541 ], [ -111.605756320792295, 40.330678470115963 ], [ -111.605378316240063, 40.330203710694001 ], [ -111.604532504656348, 40.329659885184775 ], [ -111.603781203663246, 40.329234744751894 ], [ -111.603215930007423, 40.328713282295361 ], [ -111.602900455175615, 40.328262025030604 ], [ -111.602552781119726, 40.327691750846256 ], [ -111.602206595866093, 40.327288326500664 ], [ -111.601891981398452, 40.326932409962062 ], [ -111.601702368134312, 40.32662351645078 ], [ -111.601480554597842, 40.32619560536331 ], [ -111.601352173114307, 40.325767208140704 ], [ -111.601318280681213, 40.325457504301816 ], [ -111.601379086163348, 40.325290329445615 ], [ -111.601627594511129, 40.325217526603346 ] ] ] ] } },
{ "type": "Feature", "properties": { "xid": 282, "name": "CREEPER CHUTES", "size_of_sl": null, "return_int": null, "starting_z": null, "vertical_f": null, "distance_t": null, "starting_1": null, "Shape__Are": 45118.8541319, "Shape__Len": 1602.18511631 }, "geometry": { "type": "MultiPolygon", "coordinates": [ [ [ [ -111.5982634308439, 40.34321013783623 ], [ -111.598452866390758, 40.343495199555086 ], [ -111.598314896468921, 40.343746200255239 ], [ -111.597941710375423, 40.343819640492818 ], [ -111.597565369635888, 40.343535543712811 ], [ -111.59714104249619, 40.343108671673747 ], [ -111.596387747882673, 40.342468962479039 ], [ -111.595915136546225, 40.341863559114934 ], [ -111.59563006514675, 40.341328697706551 ], [ -111.595204508410319, 40.340758803754532 ], [ -111.594826310919657, 40.340260174199607 ], [ -111.594446863801778, 40.339618529720241 ], [ -111.593695514080224, 40.339193324845802 ], [ -111.593365000395352, 40.338801712670957 ], [ -111.593453748632768, 40.338264927308465 ], [ -111.593685798743564, 40.338084959818495 ], [ -111.59434023799146, 40.338117354680278 ], [ -111.594624031026925, 40.338509204297807 ], [ -111.594721873129814, 40.33900927560137 ], [ -111.594912222857161, 40.339401605752307 ], [ -111.595241805714707, 40.33968595206693 ], [ -111.595620002981548, 40.340184579412856 ], [ -111.595999148590721, 40.340790466725558 ], [ -111.596237810548701, 40.341361321288616 ], [ -111.596616969554802, 40.341967206360145 ], [ -111.597558744307563, 40.342784717082758 ], [ -111.5982634308439, 40.34321013783623 ] ] ] ] } },
{ "type": "Feature", "properties": { "xid": 283, "name": "CREEPER CHUTES", "size_of_sl": null, "return_int": null, "starting_z": null, "vertical_f": null, "distance_t": null, "starting_1": null, "Shape__Are": 14912.6682951, "Shape__Len": 822.69552816500004 }, "geometry": { "type": "MultiPolygon", "coordinates": [ [ [ [ -111.598025705192768, 40.342818535060374 ], [ -111.597598854570563, 40.342458421368597 ], [ -111.59732102682905, 40.342040327331944 ], [ -111.597193398178646, 40.341697735315556 ], [ -111.597064424777173, 40.341202594743507 ], [ -111.596834765927355, 40.340593555914978 ], [ -111.596606623047606, 40.340156134766104 ], [ -111.596579183369968, 40.339870233514141 ], [ -111.59677719614939, 40.339716656683279 ], [ -111.597026729996244, 40.339753507589215 ], [ -111.597129433880099, 40.340096228588472 ], [ -111.597182468778144, 40.340458274778058 ], [ -111.597336024467324, 40.34091514972598 ], [ -111.597539423481123, 40.341371766948591 ], [ -111.59764213368598, 40.341714487354515 ], [ -111.597869110212159, 40.342018426791078 ], [ -111.598145257003367, 40.342245832496062 ], [ -111.598421068653664, 40.342435100664069 ], [ -111.598522604099969, 40.342644339849777 ], [ -111.598499537966092, 40.342854223740055 ], [ -111.598275755350699, 40.342912589803731 ], [ -111.598025705192768, 40.342818535060374 ] ] ] ] } },
{ "type": "Feature", "properties": { "xid": 284, "name": "CREEPER CHUTES", "size_of_sl": null, "return_int": null, "starting_z": null, "vertical_f": null, "distance_t": null, "starting_1": null, "Shape__Are": 15324.843337800001, "Shape__Len": 735.04316738199998 }, "geometry": { "type": "MultiPolygon", "coordinates": [ [ [ [ -111.598514683382746, 40.341748115165167 ], [ -111.597937642239941, 40.341312500691906 ], [ -111.597685747346461, 40.341008691012796 ], [ -111.597657629626923, 40.340646515448377 ], [ -111.597627662518505, 40.340074585677073 ], [ -111.597624129041023, 40.339674144404029 ], [ -111.597570083002765, 40.339197686832186 ], [ -111.597641980818139, 40.338873133927159 ], [ -111.598015771422297, 40.33887120200486 ], [ -111.598166971257015, 40.339061115103256 ], [ -111.598170339453503, 40.339442487490238 ], [ -111.598175728706465, 40.340052683797033 ], [ -111.598180276013508, 40.340567536514214 ], [ -111.598257899302155, 40.340891316397126 ], [ -111.598559805915912, 40.341213935793576 ], [ -111.598760852631088, 40.341403590064481 ], [ -111.598812548509628, 40.341613087022367 ], [ -111.598738799117527, 40.341727885514821 ], [ -111.598514683382746, 40.341748115165167 ] ] ] ] } },
{ "type": "Feature", "properties": { "xid": 285, "name": "THE FANG", "size_of_sl": null, "return_int": null, "starting_z": null, "vertical_f": null, "distance_t": null, "starting_1": null, "Shape__Are": 79575.1211951, "Shape__Len": 2511.62940781 }, "geometry": { "type": "MultiPolygon", "coordinates": [ [ [ [ -111.592619194792931, 40.339080185985978 ], [ -111.592713120646124, 40.339489650136194 ], [ -111.592867311661038, 40.34002280514548 ], [ -111.593021338197346, 40.340536892781408 ], [ -111.593298465034778, 40.340878721884252 ], [ -111.593676613055052, 40.341372588987653 ], [ -111.593978833472733, 40.341733357353469 ], [ -111.594281560305802, 40.342151331558867 ], [ -111.594359668963449, 40.342532319865626 ], [ -111.594437276383729, 40.342856102317533 ], [ -111.5946888288602, 40.343121782152771 ], [ -111.595014978675991, 40.34336800795176 ], [ -111.595489316901663, 40.343460914700316 ], [ -111.59586564977289, 40.343745018298428 ], [ -111.596192646269444, 40.344086584202664 ], [ -111.59652132584543, 40.344618835215101 ], [ -111.596899686543026, 40.345131759118253 ], [ -111.597177018933166, 40.345492648161589 ], [ -111.59727956561342, 40.345816299743021 ], [ -111.597132388700217, 40.34608403240356 ], [ -111.596859759169917, 40.346257064517715 ], [ -111.596535604548848, 40.34623966705874 ], [ -111.596260118316664, 40.346088532339564 ], [ -111.595931936961207, 40.345613486484623 ], [ -111.595754632028957, 40.345290218765847 ], [ -111.595676344419388, 40.344890162781823 ], [ -111.595572297445585, 40.344394891531948 ], [ -111.595394829833637, 40.34405255517629 ], [ -111.595017994538679, 40.343711243402268 ], [ -111.594742355709414, 40.343541036011239 ], [ -111.594442297874252, 40.343428160900437 ], [ -111.594040383512748, 40.343067905924592 ], [ -111.593888182738951, 40.342763575089165 ], [ -111.593785155449893, 40.342382714399271 ], [ -111.593583617038064, 40.342135845652031 ], [ -111.593131205380743, 40.341699568425106 ], [ -111.592878996589874, 40.341357610353128 ], [ -111.592651210260527, 40.340958318200741 ], [ -111.592397839135188, 40.340482878465941 ], [ -111.592294156792391, 40.340025741485974 ], [ -111.592190809347983, 40.339606742185438 ], [ -111.592113383262173, 40.339302025951213 ], [ -111.591901281573655, 40.338914619682605 ], [ -111.59154393267923, 40.338659009976318 ], [ -111.590853020320708, 40.338374114581995 ], [ -111.590531814178348, 40.33797524651942 ], [ -111.590552078367111, 40.337441196711801 ], [ -111.590598922759895, 40.337097706158836 ], [ -111.590870866512788, 40.336848413887395 ], [ -111.591194808458638, 40.336846758659256 ], [ -111.5915195841783, 40.33694044621928 ], [ -111.592046708504213, 40.33737634780416 ], [ -111.592275147127125, 40.337851916257286 ], [ -111.592478169068059, 40.338270405105007 ], [ -111.5925325109623, 40.338785003220892 ], [ -111.592619194792931, 40.339080185985978 ] ] ] ] } },
{ "type": "Feature", "properties": { "xid": 286, "name": "DAVIS CANYON", "size_of_sl": null, "return_int": null, "starting_z": null, "vertical_f": null, "distance_t": null, "starting_1": null, "Shape__Are": 1565988.0285199999, "Shape__Len": 9829.3602861 }, "geometry": { "type": "MultiPolygon", "coordinates": [ [ [ [ -111.583763158089567, 40.329225158307224 ], [ -111.584124560804142, 40.329598764910344 ], [ -111.584535615071204, 40.330311796465267 ], [ -111.585073318440777, 40.331262554315749 ], [ -111.585673949053188, 40.332284502375799 ], [ -111.586084984641232, 40.332991568535313 ], [ -111.586558373295318, 40.333704275652352 ], [ -111.587068641470395, 40.334178425322349 ], [ -111.587385021144826, 40.334742945843558 ], [ -111.587427314221614, 40.335130080866925 ], [ -111.587040035669844, 40.335370415177543 ], [ -111.58649933733993, 40.335879692305561 ], [ -111.585842341996809, 40.336449148215962 ], [ -111.585263462917169, 40.337048000365378 ], [ -111.584918960832738, 40.337735053894505 ], [ -111.584923849570032, 40.338301155541949 ], [ -111.58508345525091, 40.338747289255444 ], [ -111.585395204872242, 40.338775508044996 ], [ -111.585507378290856, 40.338238610996569 ], [ -111.585697164151767, 40.337671523799408 ], [ -111.586081624706338, 40.337103450019427 ], [ -111.586698914868151, 40.336444806711249 ], [ -111.587472191820197, 40.335815163165762 ], [ -111.587975758104278, 40.335514643201563 ], [ -111.58832668736909, 40.335572451103069 ], [ -111.588640752679979, 40.335868814606116 ], [ -111.588800635856771, 40.336344738957635 ], [ -111.588686937860189, 40.336702871210498 ], [ -111.587874469156645, 40.337302924945575 ], [ -111.587100404379896, 40.337843186674618 ], [ -111.586559945017299, 40.338382258816765 ], [ -111.586136545909511, 40.338950530490216 ], [ -111.5858686286454, 40.339488217934935 ], [ -111.585910916351466, 40.339875353236117 ], [ -111.586342062449646, 40.340200925729242 ], [ -111.586811116417678, 40.340407119836811 ], [ -111.587513541355321, 40.340582329887646 ], [ -111.587944182311773, 40.340848306695605 ], [ -111.588330712224334, 40.340518584108324 ], [ -111.588755397501004, 40.340099278581256 ], [ -111.58882860934385, 40.33956257589044 ], [ -111.588783974091584, 40.338907288573104 ], [ -111.588544659938094, 40.338252992787631 ], [ -111.588539740947724, 40.337686891502621 ], [ -111.588730275600582, 40.337209183895482 ], [ -111.589118076790399, 40.33702843268177 ], [ -111.58946849625994, 40.337026647431387 ], [ -111.589782574526311, 40.337323007670527 ], [ -111.589943766811402, 40.337947904230298 ], [ -111.590065506619368, 40.338513409524346 ], [ -111.590110413546455, 40.339198490194413 ], [ -111.590154542611401, 40.339794187301983 ], [ -111.590040846220305, 40.340152320662867 ], [ -111.589732980046861, 40.340571035346343 ], [ -111.589192779490617, 40.341139914326313 ], [ -111.58892254627284, 40.341409455481028 ], [ -111.588497595018524, 40.341798967693919 ], [ -111.588383886600056, 40.342157098487228 ], [ -111.588426967181164, 40.342633616920686 ], [ -111.588818943833985, 40.34292958313091 ], [ -111.589365125505424, 40.343045985788358 ], [ -111.590066286263365, 40.343072207060985 ], [ -111.590534073465065, 40.343129411902098 ], [ -111.59056963464009, 40.342741881108942 ], [ -111.590371304390672, 40.3423257482197 ], [ -111.589938568191158, 40.341821423339717 ], [ -111.589895218046181, 40.341315110694467 ], [ -111.589928965337066, 40.340719016481188 ], [ -111.590122355332909, 40.340569049456164 ], [ -111.590355980485967, 40.340567857292939 ], [ -111.590553006332343, 40.340835016479396 ], [ -111.590556643640696, 40.341252143368557 ], [ -111.590560540841096, 40.341699065001713 ], [ -111.590758610460185, 40.342085402844972 ], [ -111.59107089654826, 40.342173194839951 ], [ -111.591263507728769, 40.341933842525101 ], [ -111.591336441327826, 40.341367343771964 ], [ -111.591487769496865, 40.34086003627025 ], [ -111.59168037550937, 40.340620682343157 ], [ -111.591914261176768, 40.340649281804502 ], [ -111.591956063372493, 40.340976825025898 ], [ -111.591806821374249, 40.341722491252391 ], [ -111.591656534958275, 40.342348977253614 ], [ -111.591544924476949, 40.342945470013234 ], [ -111.591237575430384, 40.343423778947447 ], [ -111.591164899093087, 40.344020071317239 ], [ -111.59136428007298, 40.34455538167645 ], [ -111.59191334395706, 40.34499951441709 ], [ -111.592577932295569, 40.345294072297897 ], [ -111.593593772262437, 40.345676211563493 ], [ -111.594414921536512, 40.346059343468127 ], [ -111.594846147870157, 40.346384883341038 ], [ -111.595005314825343, 40.34677141359024 ], [ -111.594969777218296, 40.347158945311456 ], [ -111.594700066804748, 40.347488088234805 ], [ -111.59407831027643, 40.347640263762081 ], [ -111.593376578716843, 40.347554477722689 ], [ -111.592789587701503, 40.347229731756691 ], [ -111.592044752358461, 40.346667421354979 ], [ -111.591494112353615, 40.346044520989686 ], [ -111.590904543391645, 40.345421817702871 ], [ -111.590548883698688, 40.344827712475258 ], [ -111.590504487534645, 40.344202221321687 ], [ -111.59030615330613, 40.343786089353991 ], [ -111.5899162404328, 40.343728486458687 ], [ -111.589450265003265, 40.343879842537632 ], [ -111.588671735224565, 40.343913602622251 ], [ -111.588086868225034, 40.343827190409456 ], [ -111.587539906844242, 40.343621397419298 ], [ -111.586991140936803, 40.343207038315683 ], [ -111.586443929838197, 40.342971445273236 ], [ -111.585547304951845, 40.342856803418115 ], [ -111.584924025572121, 40.342830160920577 ], [ -111.584143963219134, 40.342685122558116 ], [ -111.583712555998758, 40.342329747234245 ], [ -111.583279355834918, 40.341765807467972 ], [ -111.582691692898962, 40.341351623891768 ], [ -111.581713892609002, 40.340850011680196 ], [ -111.580893133186763, 40.340496583145161 ], [ -111.579991956067261, 40.339845591724391 ], [ -111.578972713514176, 40.339046202682781 ], [ -111.577875621303917, 40.33824719436052 ], [ -111.577014455455299, 40.337715163105962 ], [ -111.576231173285379, 40.337182737399026 ], [ -111.575640807849737, 40.336440774332978 ], [ -111.575127313171905, 40.335579240468363 ], [ -111.57488687844544, 40.334775940589822 ], [ -111.575019757033076, 40.333917151290152 ], [ -111.575056158831671, 40.332701287469263 ], [ -111.575136546032567, 40.331163406448681 ], [ -111.575266380271486, 40.329947078309615 ], [ -111.575630705140185, 40.328836848660295 ], [ -111.576089971749695, 40.327904921992939 ], [ -111.576783413385243, 40.327043336649723 ], [ -111.577990094144042, 40.326107673076365 ], [ -111.579292309925009, 40.325421806302799 ], [ -111.580455582657223, 40.324879643499891 ], [ -111.58110896902113, 40.324804852366732 ], [ -111.581438422670445, 40.325089239633236 ], [ -111.581819504842301, 40.325945453499195 ], [ -111.582057993867878, 40.326516340889924 ], [ -111.582252536983162, 40.327409246438293 ], [ -111.582492879174723, 40.328194655381687 ], [ -111.583198550319878, 40.328763185796234 ], [ -111.583763158089567, 40.329225158307224 ] ] ] ] } },
{ "type": "Feature", "properties": { "xid": 287, "name": "OLMSTEAD", "size_of_sl": null, "return_int": null, "starting_z": null, "vertical_f": null, "distance_t": null, "starting_1": null, "Shape__Are": 239355.643079, "Shape__Len": 2760.5029154700001 }, "geometry": { "type": "MultiPolygon", "coordinates": [ [ [ [ -111.58270005445678, 40.342147870197344 ], [ -111.582858372724758, 40.342445033567174 ], [ -111.583133508870446, 40.34274160782244 ], [ -111.583603342394596, 40.343037199205021 ], [ -111.584071380005497, 40.343124225033151 ], [ -111.584695948062006, 40.343299846096649 ], [ -111.585126852930884, 40.343595628020353 ], [ -111.585168624309745, 40.343923172846161 ], [ -111.585016727328963, 40.344370882613923 ], [ -111.585176863367082, 40.344876606101678 ], [ -111.585453307615637, 40.345322148493118 ], [ -111.585653420597637, 40.345946852305296 ], [ -111.585930903712779, 40.346511572520896 ], [ -111.586364413526894, 40.347105297200478 ], [ -111.587030290460689, 40.347548859799481 ], [ -111.587892437374521, 40.348170198401725 ], [ -111.588519132455204, 40.348584156288332 ], [ -111.589067692370577, 40.348968711737321 ], [ -111.58926525663874, 40.349295462078338 ], [ -111.589268627779262, 40.349682793712219 ], [ -111.588998361181012, 40.349952334886339 ], [ -111.588531045988844, 40.349954713711526 ], [ -111.588062437956907, 40.349808116915419 ], [ -111.587553853721033, 40.349542537043462 ], [ -111.587121349968456, 40.349067996281697 ], [ -111.586531276902761, 40.348385681415152 ], [ -111.585943537510587, 40.347971515373523 ], [ -111.585199780298581, 40.347528339705519 ], [ -111.58418267243043, 40.346997152802366 ], [ -111.583439708748614, 40.346643349935782 ], [ -111.582736974568064, 40.346438320002306 ], [ -111.582034500706158, 40.346263080558465 ], [ -111.581524943073674, 40.345878294462935 ], [ -111.581286696507178, 40.34534316334733 ], [ -111.580927798402129, 40.344361695400437 ], [ -111.580569932611041, 40.343499406276301 ], [ -111.580172371495948, 40.342547925797064 ], [ -111.57985346339656, 40.341685438736071 ], [ -111.579926237152222, 40.34108915165347 ], [ -111.580548221826433, 40.340966847061082 ], [ -111.581328768431504, 40.341171499562471 ], [ -111.582032978800825, 40.3415553075831 ], [ -111.58270005445678, 40.342147870197344 ] ] ] ] } },
{ "type": "Feature", "properties": { "xid": 288, "name": "SNOW SLIDE CANYON", "size_of_sl": null, "return_int": null, "starting_z": null, "vertical_f": null, "distance_t": null, "starting_1": null, "Shape__Are": 523408.5702, "Shape__Len": 4011.7339263499998 }, "geometry": { "type": "MultiPolygon", "coordinates": [ [ [ [ -111.581433834917107, 40.348873257164925 ], [ -111.581580229161403, 40.350047975308598 ], [ -111.581540867708483, 40.350906299502618 ], [ -111.581595586298818, 40.351835660875025 ], [ -111.581558067156067, 40.352908507483789 ], [ -111.581655528947365, 40.353372835049434 ], [ -111.581659829867974, 40.353873386660943 ], [ -111.581336067575009, 40.354268322599708 ], [ -111.580775866553722, 40.354342647307817 ], [ -111.580306068352968, 40.35405896320367 ], [ -111.580208615937991, 40.353594634492218 ], [ -111.580343606592962, 40.352986117977856 ], [ -111.580524410003221, 40.352270105332188 ], [ -111.580377773375886, 40.351519981128995 ], [ -111.580092168798842, 40.350913574449791 ], [ -111.579290379575298, 40.350059466668434 ], [ -111.578820006129391, 40.349704268741753 ], [ -111.577978229620371, 40.349636967886255 ], [ -111.577135236788564, 40.34942664618044 ], [ -111.576522859031414, 40.348857616125393 ], [ -111.575907147515338, 40.347895290722732 ], [ -111.575478067466292, 40.346896278661553 ], [ -111.575277479395709, 40.345288288449737 ], [ -111.575397917476394, 40.342963594339025 ], [ -111.575659435775265, 40.34074546335313 ], [ -111.575829921129554, 40.338813827205577 ], [ -111.575965532555315, 40.338276821682335 ], [ -111.576431854183198, 40.338167232482199 ], [ -111.57708933462618, 40.338557263370149 ], [ -111.57779598484673, 40.339233086957179 ], [ -111.579019372056536, 40.340228118288792 ], [ -111.579352563004036, 40.340941555790153 ], [ -111.579358680201452, 40.341656631855841 ], [ -111.579410912647049, 40.342299965458018 ], [ -111.579742587756712, 40.342834633423692 ], [ -111.580078862129184, 40.343905607115673 ], [ -111.580509216409027, 40.345047617015517 ], [ -111.581032737536944, 40.346153402317242 ], [ -111.58118381268612, 40.346967565709136 ], [ -111.581433834917107, 40.348873257164925 ] ] ] ] } },
{ "type": "Feature", "properties": { "xid": 289, "name": "SNOW SLIDE JR.", "size_of_sl": null, "return_int": null, "starting_z": null, "vertical_f": null, "distance_t": null, "starting_1": null, "Shape__Are": 33413.7689063, "Shape__Len": 936.34894103199997 }, "geometry": { "type": "MultiPolygon", "coordinates": [ [ [ [ -111.579685977900937, 40.352597299524255 ], [ -111.579893484035537, 40.352815558025483 ], [ -111.579970381308897, 40.353063076188377 ], [ -111.579973158555134, 40.353387243082764 ], [ -111.579819991891981, 40.353693122114372 ], [ -111.579477683143139, 40.35374251151935 ], [ -111.579258774061188, 40.35364826037506 ], [ -111.579068371748434, 40.353243988243051 ], [ -111.578940486091227, 40.352863239334937 ], [ -111.578500436346204, 40.352412540782922 ], [ -111.577903597295418, 40.351843440684554 ], [ -111.577338737092958, 40.351369524669785 ], [ -111.576961220851629, 40.350942345336996 ], [ -111.57698953125923, 40.35060848870863 ], [ -111.577268703529683, 40.350464074926926 ], [ -111.577642966218917, 40.350509879354831 ], [ -111.578175241956998, 40.350817098711588 ], [ -111.578677385560184, 40.35124365060561 ], [ -111.57927524431426, 40.351931925894633 ], [ -111.579685977900937, 40.352597299524255 ] ] ] ] } },
{ "type": "Feature", "properties": { "xid": 290, "name": "FERGUSON SOUTH", "size_of_sl": null, "return_int": null, "starting_z": null, "vertical_f": null, "distance_t": null, "starting_1": null, "Shape__Are": 865909.20684200001, "Shape__Len": 5119.75980987 }, "geometry": { "type": "MultiPolygon", "coordinates": [ [ [ [ -111.575223490926973, 40.340026566571183 ], [ -111.575148450130499, 40.340360655754139 ], [ -111.574838973141553, 40.340600563152179 ], [ -111.57414087379054, 40.340931787735819 ], [ -111.573327972487277, 40.341501946135011 ], [ -111.572399499912621, 40.34222165044617 ], [ -111.571471008790198, 40.342941348245574 ], [ -111.570775631120881, 40.343600295315035 ], [ -111.569693098000755, 40.344529311525804 ], [ -111.568842927813051, 40.345308193573551 ], [ -111.568224881863017, 40.345907153492178 ], [ -111.567917354166113, 40.346385401437487 ], [ -111.567377672314279, 40.347043563239339 ], [ -111.566761594020917, 40.347880874286183 ], [ -111.566493238596209, 40.348388722451894 ], [ -111.566497476522827, 40.34889523425862 ], [ -111.566656238797634, 40.349252009562086 ], [ -111.567128542458562, 40.349845616293813 ], [ -111.567600353670571, 40.350379630383806 ], [ -111.567720681480367, 40.35079618487385 ], [ -111.567607347987561, 40.351213886136222 ], [ -111.567219408907562, 40.351394565730047 ], [ -111.566479973172989, 40.351457781818183 ], [ -111.565816929887731, 40.351341843056879 ], [ -111.565075503801893, 40.351166691313722 ], [ -111.564332095813683, 40.350753175862607 ], [ -111.563511057040159, 40.350369829914101 ], [ -111.562610409302934, 40.349778293680082 ], [ -111.562294658546975, 40.349273295695589 ], [ -111.5622909468796, 40.348826372426231 ], [ -111.562677151407826, 40.348437145997799 ], [ -111.563220607790939, 40.348225928280748 ], [ -111.563921069475441, 40.348162923084679 ], [ -111.56465848402712, 40.347861364524427 ], [ -111.565199689946752, 40.347381983657023 ], [ -111.565623567605797, 40.346843582763483 ], [ -111.566201956805529, 40.346155442620386 ], [ -111.56658463456904, 40.345349073974511 ], [ -111.566928113907565, 40.344513100897991 ], [ -111.566999008560785, 40.343678462338552 ], [ -111.566837265187772, 40.342964149284903 ], [ -111.56640295471567, 40.342251170050048 ], [ -111.565927474419794, 40.341270226307081 ], [ -111.565725317405551, 40.340377331421898 ], [ -111.565559366166468, 40.339156502434655 ], [ -111.565629028776456, 40.338172890150126 ], [ -111.566091284182988, 40.337574705946352 ], [ -111.566670089069049, 40.336946152785139 ], [ -111.567281677855178, 40.336514090660664 ], [ -111.567743507882156, 40.335868228699248 ], [ -111.568237276163416, 40.33531755509577 ], [ -111.568701890557719, 40.335005391924241 ], [ -111.569230597259136, 40.334907443264861 ], [ -111.569916444785704, 40.334975577602378 ], [ -111.570913165659192, 40.33497066244194 ], [ -111.571660303845334, 40.334919298400919 ], [ -111.572375286795804, 40.334748904045185 ], [ -111.573026559734686, 40.334411963166325 ], [ -111.573709983337537, 40.334194042873129 ], [ -111.574146447182585, 40.334239551302559 ], [ -111.574306022689711, 40.334691660098095 ], [ -111.574372561974414, 40.33519190466555 ], [ -111.574501194918753, 40.335668004210994 ], [ -111.574941109275855, 40.336118719311528 ], [ -111.575224882172819, 40.336522536179345 ], [ -111.575354334778226, 40.337093977675245 ], [ -111.575420681875613, 40.337570385821948 ], [ -111.575393582175238, 40.33804725877512 ], [ -111.575338370537864, 40.338881824168524 ], [ -111.575343837464573, 40.339525393497134 ], [ -111.575223490926973, 40.340026566571183 ] ] ] ] } },
{ "type": "Feature", "properties": { "xid": 291, "name": "FERGUSON", "size_of_sl": null, "return_int": null, "starting_z": null, "vertical_f": null, "distance_t": null, "starting_1": null, "Shape__Are": 270451.62577400001, "Shape__Len": 3728.5399824900001 }, "geometry": { "type": "MultiPolygon", "coordinates": [ [ [ [ -111.574778038173946, 40.340945309214874 ], [ -111.575022306132482, 40.341096650574286 ], [ -111.574994190641775, 40.341454343741709 ], [ -111.574968909187959, 40.342145738718571 ], [ -111.574912273095393, 40.342813452932631 ], [ -111.574727996494929, 40.343124248065244 ], [ -111.57457486917113, 40.343434888160061 ], [ -111.574733660734779, 40.343791652506994 ], [ -111.574893061059285, 40.344219924049241 ], [ -111.574866361415275, 40.344744468297179 ], [ -111.574903786311751, 40.345483225132327 ], [ -111.574878098183888, 40.346126947710168 ], [ -111.574851801382565, 40.346699162804271 ], [ -111.574636158079443, 40.346986276983699 ], [ -111.574200824463631, 40.347083785913085 ], [ -111.573577762289517, 40.347086877365591 ], [ -111.572580258864534, 40.347020309264124 ], [ -111.57192705114339, 40.347142725409007 ], [ -111.570997682861986, 40.347767075440537 ], [ -111.570565351749096, 40.34822210979975 ], [ -111.570382846707773, 40.348747420304448 ], [ -111.57020094228622, 40.349344238829985 ], [ -111.5702047564167, 40.349797119875475 ], [ -111.570514693331532, 40.34960489677983 ], [ -111.570666245731246, 40.34910357536706 ], [ -111.570941606522013, 40.348506294806946 ], [ -111.57137253005331, 40.347884408660413 ], [ -111.57186716037566, 40.347429064167976 ], [ -111.572302499662101, 40.347331563088744 ], [ -111.572614636686609, 40.347401528644966 ], [ -111.572679161057479, 40.347663415288814 ], [ -111.572341108457081, 40.348213336361042 ], [ -111.572065155847241, 40.34873911186979 ], [ -111.571602879608434, 40.349337318951179 ], [ -111.571045522644027, 40.349745298002517 ], [ -111.570488158967137, 40.350153275286232 ], [ -111.570398309126077, 40.350582781710742 ], [ -111.570529155433093, 40.351321078550477 ], [ -111.570597090921439, 40.351988175146445 ], [ -111.570412768776777, 40.35229896322511 ], [ -111.570070861303932, 40.352395995801167 ], [ -111.569727147474651, 40.352278505142564 ], [ -111.569536805849012, 40.351874216806124 ], [ -111.569469081423136, 40.351230955010756 ], [ -111.569427501889905, 40.349991643784307 ], [ -111.569511180620722, 40.348827993665154 ], [ -111.569577287574873, 40.34779791623 ], [ -111.569914489605864, 40.346404182332655 ], [ -111.570181569413194, 40.345563808568023 ], [ -111.57049944935892, 40.34483760027144 ], [ -111.571066536382588, 40.34411016090236 ], [ -111.57183281961106, 40.343362664304159 ], [ -111.572425284798172, 40.342692301063025 ], [ -111.573415660424232, 40.341924615761627 ], [ -111.574133184568637, 40.341310832020724 ], [ -111.574778038173946, 40.340945309214874 ] ] ] ] } },
{ "type": "Feature", "properties": { "xid": 292, "name": "EVANS", "size_of_sl": null, "return_int": null, "starting_z": null, "vertical_f": null, "distance_t": null, "starting_1": null, "Shape__Are": 61310.0562297, "Shape__Len": 1377.0369359599999 }, "geometry": { "type": "MultiPolygon", "coordinates": [ [ [ [ -111.574926250816731, 40.348129003956643 ], [ -111.575238596666523, 40.348222798776362 ], [ -111.575647241263326, 40.348649829062275 ], [ -111.575931882775023, 40.349148985794933 ], [ -111.576060149900172, 40.349577410317053 ], [ -111.575938573913234, 40.349935568636987 ], [ -111.575473081168965, 40.350152416797265 ], [ -111.574944872311335, 40.350321901864213 ], [ -111.574449028458432, 40.350634244551507 ], [ -111.573924449206473, 40.351232770123453 ], [ -111.573492317942595, 40.351711649756886 ], [ -111.572937978986047, 40.352477176457882 ], [ -111.572474071635355, 40.35288469925446 ], [ -111.571945228547932, 40.352982663375023 ], [ -111.571663820336767, 40.352864870374347 ], [ -111.571692358863146, 40.352554850462205 ], [ -111.572031244813729, 40.352100274386842 ], [ -111.572555443193465, 40.351454086345811 ], [ -111.573327054480046, 40.350592137664684 ], [ -111.573851228914279, 40.349945943748267 ], [ -111.574157517579962, 40.349324665713915 ], [ -111.574215176559349, 40.348776131829524 ], [ -111.574367306319886, 40.348346313100315 ], [ -111.574926250816731, 40.348129003956643 ] ] ] ] } },
{ "type": "Feature", "properties": { "xid": 293, "name": "COUNTY LINE", "size_of_sl": null, "return_int": null, "starting_z": null, "vertical_f": null, "distance_t": null, "starting_1": null, "Shape__Are": 102087.731462, "Shape__Len": 2143.0711411799998 }, "geometry": { "type": "MultiPolygon", "coordinates": [ [ [ [ -111.56078152150144, 40.361118013802653 ], [ -111.560372696527921, 40.360667095377487 ], [ -111.559685415840292, 40.360455892470995 ], [ -111.559154328300281, 40.360291603360658 ], [ -111.558684578134034, 40.360007832286314 ], [ -111.558619308555649, 40.359650595133132 ], [ -111.558491132946543, 40.359222151391755 ], [ -111.558021982558074, 40.359009884074034 ], [ -111.557241837959936, 40.358870624874918 ], [ -111.556524211041122, 40.358754896066998 ], [ -111.556086227999643, 40.358542471785114 ], [ -111.555523027959424, 40.358259136111933 ], [ -111.55499040520813, 40.357904140614075 ], [ -111.554395861036724, 40.357597113325326 ], [ -111.55383306596093, 40.357361441270555 ], [ -111.55327144380017, 40.357268782445814 ], [ -111.552833481667577, 40.357056344752756 ], [ -111.552551310850731, 40.35684316210525 ], [ -111.55254994879688, 40.356676310517635 ], [ -111.553077680011015, 40.356435419646076 ], [ -111.553824679694927, 40.35633649822887 ], [ -111.554416672122215, 40.356333661975668 ], [ -111.55498004690935, 40.356640838814165 ], [ -111.555420946841124, 40.357210806005739 ], [ -111.556078590567736, 40.357612872395293 ], [ -111.556829324350872, 40.357966812103179 ], [ -111.557454451613182, 40.358202169104736 ], [ -111.558234785507508, 40.358365263360774 ], [ -111.559015121929022, 40.358528352327568 ], [ -111.559796251804514, 40.358786778964564 ], [ -111.56042317310758, 40.359236642098104 ], [ -111.560894307857751, 40.359687258305016 ], [ -111.561458728464373, 40.360113582353634 ], [ -111.562055304830267, 40.360658930552006 ], [ -111.562307748634097, 40.3610390931495 ], [ -111.56215511852858, 40.361421223892613 ], [ -111.561689106752638, 40.361590345084515 ], [ -111.561252474181458, 40.361544791898226 ], [ -111.561001615053428, 40.361355314623921 ], [ -111.56078152150144, 40.361118013802653 ] ] ] ] } },
{ "type": "Feature", "properties": { "xid": 294, "name": "WILDWOOD COULOIR", "size_of_sl": null, "return_int": null, "starting_z": null, "vertical_f": null, "distance_t": null, "starting_1": null, "Shape__Are": 37497.972242800002, "Shape__Len": 1386.1472111 }, "geometry": { "type": "MultiPolygon", "coordinates": [ [ [ [ -111.554820170064048, 40.363744977240074 ], [ -111.554821928905795, 40.363959499591431 ], [ -111.554635940321347, 40.3640795757536 ], [ -111.554292582498903, 40.364009711620731 ], [ -111.553979412575998, 40.363820517795602 ], [ -111.553477327994443, 40.363393859182274 ], [ -111.552975250927744, 40.362967198310059 ], [ -111.552411442996046, 40.36261234036715 ], [ -111.551658737161873, 40.362020013487154 ], [ -111.551154740562367, 40.361354985460586 ], [ -111.550714041760102, 40.360808837904969 ], [ -111.55045972500389, 40.360190291358208 ], [ -111.550237735343288, 40.359714611032338 ], [ -111.550234634820995, 40.359333236781374 ], [ -111.550420230653941, 40.359165495625717 ], [ -111.550701434862205, 40.359259504707424 ], [ -111.55089013467915, 40.359473137028999 ], [ -111.551018844940572, 40.359973097036864 ], [ -111.551271806878603, 40.360424791734729 ], [ -111.551586508799204, 40.36080468019442 ], [ -111.551965089159793, 40.361374957357171 ], [ -111.55265566469096, 40.361991416588317 ], [ -111.553440514585247, 40.362702768153987 ], [ -111.554161107394748, 40.363176054014296 ], [ -111.554820170064048, 40.363744977240074 ] ] ] ] } },
{ "type": "Feature", "properties": { "xid": 295, "name": "WILDWOOD", "size_of_sl": null, "return_int": null, "starting_z": null, "vertical_f": null, "distance_t": null, "starting_1": null, "Shape__Are": 575052.92721899995, "Shape__Len": 4422.7878616799999 }, "geometry": { "type": "MultiPolygon", "coordinates": [ [ [ [ -111.555636810979749, 40.36452767134341 ], [ -111.555856506231152, 40.36471730994414 ], [ -111.555890016800461, 40.365003189872645 ], [ -111.555830434743015, 40.365337191919124 ], [ -111.555677367059786, 40.365671642227895 ], [ -111.555368098208206, 40.365959169623039 ], [ -111.555057652388868, 40.366103680461627 ], [ -111.554590222902917, 40.36610592289491 ], [ -111.554246855997562, 40.366036058713284 ], [ -111.553839409876431, 40.365751968772031 ], [ -111.553556808182108, 40.365491117236331 ], [ -111.553088213843793, 40.365350338672087 ], [ -111.552277428299561, 40.365282703034453 ], [ -111.551404709390297, 40.365263029911098 ], [ -111.550469474771504, 40.365219811321928 ], [ -111.549628111762473, 40.365223812892495 ], [ -111.548850233192994, 40.365370528496385 ], [ -111.54826009243277, 40.365611695739496 ], [ -111.547576848965292, 40.36590097372045 ], [ -111.546737981988841, 40.366214820819252 ], [ -111.546116472171178, 40.366432288958201 ], [ -111.545400126864067, 40.366483342282393 ], [ -111.544870369375872, 40.366485839348329 ], [ -111.544214813485723, 40.36634590551391 ], [ -111.543838186777236, 40.366013962342407 ], [ -111.543460605393307, 40.365562837431092 ], [ -111.543206910444141, 40.365015783601514 ], [ -111.543015159869043, 40.364420763610326 ], [ -111.543011908262102, 40.364015552747141 ], [ -111.543102713021739, 40.363681411399092 ], [ -111.543569360806615, 40.363583871450786 ], [ -111.544504952607298, 40.363674818047095 ], [ -111.545316095869424, 40.363790180382281 ], [ -111.546407306354581, 40.363856540352963 ], [ -111.54712400847194, 40.363853152049685 ], [ -111.547435038499373, 40.363780169954467 ], [ -111.547121695891903, 40.363567120969563 ], [ -111.546373065459747, 40.36347531334966 ], [ -111.545250124687939, 40.363337591448882 ], [ -111.544220479682238, 40.363175584094151 ], [ -111.543595542971445, 40.362963991326311 ], [ -111.543032548811937, 40.3627044314103 ], [ -111.542623831704447, 40.362253450555158 ], [ -111.54246401809911, 40.361753627184235 ], [ -111.542396539844475, 40.36111034900825 ], [ -111.5425154470515, 40.360394687146261 ], [ -111.542664937068352, 40.359607370346779 ], [ -111.543191578906161, 40.35922350903023 ], [ -111.543750906108301, 40.359030186191553 ], [ -111.544374081385854, 40.359027254694162 ], [ -111.544964561721955, 40.358833778451029 ], [ -111.545585237252268, 40.35852097344808 ], [ -111.546268031635961, 40.358184035243163 ], [ -111.546920623303407, 40.357966420046473 ], [ -111.547947493583308, 40.357794701523709 ], [ -111.548819342360716, 40.357719057338315 ], [ -111.549411540856127, 40.357740082188542 ], [ -111.549631969610587, 40.358025077152369 ], [ -111.549572942999816, 40.358430583221342 ], [ -111.549420828171378, 40.358884206240191 ], [ -111.549237357138296, 40.359314140561466 ], [ -111.549147748740893, 40.359791301880165 ], [ -111.549398956108689, 40.36002847718521 ], [ -111.549804606308314, 40.360098059833057 ], [ -111.550024658249512, 40.360335381863038 ], [ -111.550215683202836, 40.36083504633077 ], [ -111.550375939384068, 40.361382530696048 ], [ -111.550599294285107, 40.362025062063964 ], [ -111.55072839542342, 40.36257269413494 ], [ -111.550794984408256, 40.363096786373909 ], [ -111.551049315443933, 40.363715331780469 ], [ -111.551426548224143, 40.364118759834291 ], [ -111.551801840650299, 40.364283826836967 ], [ -111.552393902798045, 40.364281000479785 ], [ -111.553203507274091, 40.364205620462002 ], [ -111.553982534693858, 40.364201891508991 ], [ -111.554856021029352, 40.36431688823437 ], [ -111.555636810979749, 40.36452767134341 ] ] ] ] } },
{ "type": "Feature", "properties": { "xid": 296, "name": "HYSLOP HOLLOW", "size_of_sl": null, "return_int": null, "starting_z": null, "vertical_f": null, "distance_t": null, "starting_1": null, "Shape__Are": 204280.48411799999, "Shape__Len": 2441.8543791000002 }, "geometry": { "type": "MultiPolygon", "coordinates": [ [ [ [ -111.554555834669628, 40.369514747976517 ], [ -111.553746753617602, 40.369661646097484 ], [ -111.55278165582672, 40.369785447064331 ], [ -111.551723063440974, 40.369909685148443 ], [ -111.550603497130041, 40.370201062479879 ], [ -111.549608964870345, 40.370539508593261 ], [ -111.548675590166326, 40.370734634736337 ], [ -111.547959587568229, 40.370833376092783 ], [ -111.547149319291606, 40.370837212418429 ], [ -111.546213240144866, 40.370698616955153 ], [ -111.545463570968437, 40.370487623742527 ], [ -111.544869727303492, 40.370275892502413 ], [ -111.544398815813167, 40.369849048055549 ], [ -111.544176835002062, 40.369373356823033 ], [ -111.543985254786193, 40.368802175464509 ], [ -111.543794060995722, 40.368278664795952 ], [ -111.543572855671528, 40.367898316193781 ], [ -111.543289519829898, 40.367542095470817 ], [ -111.543099481828165, 40.367161599487737 ], [ -111.543127775093438, 40.36680391448089 ], [ -111.543531928026297, 40.366682832622317 ], [ -111.544186335614327, 40.366679755223323 ], [ -111.545059647330092, 40.366770989338868 ], [ -111.545965084869295, 40.366981250137762 ], [ -111.54659102884024, 40.367312008240539 ], [ -111.547311815299707, 40.367809171930581 ], [ -111.547720019752447, 40.368188627872094 ], [ -111.548316171793346, 40.368686375397438 ], [ -111.54912912254305, 40.369016233732623 ], [ -111.549815296045594, 40.369084483813417 ], [ -111.550625542969669, 40.369080628947252 ], [ -111.551404626855842, 40.369076916990124 ], [ -111.552215262565014, 40.369120722901478 ], [ -111.55302492510468, 40.369045343811337 ], [ -111.553678574256708, 40.368946868746171 ], [ -111.554176014839996, 40.368801465752462 ], [ -111.554518224792176, 40.368728315226967 ], [ -111.554675603946947, 40.368918254691316 ], [ -111.55477104794889, 40.369156164818669 ], [ -111.554772611525635, 40.3693468514765 ], [ -111.554555834669628, 40.369514747976517 ] ] ] ] } },
{ "type": "Feature", "properties": { "xid": 297, "name": "ALLDRED DRAW", "size_of_sl": null, "return_int": null, "starting_z": null, "vertical_f": null, "distance_t": null, "starting_1": null, "Shape__Are": 129946.073108, "Shape__Len": 2456.1122147400001 }, "geometry": { "type": "MultiPolygon", "coordinates": [ [ [ [ -111.554332501578585, 40.372686110002654 ], [ -111.554427559139938, 40.372876348368763 ], [ -111.554397175881718, 40.372971840595447 ], [ -111.554210965490157, 40.373068080582435 ], [ -111.553774848825839, 40.373094006160535 ], [ -111.55305765987724, 40.373049764450982 ], [ -111.552029014743354, 40.373030842731083 ], [ -111.551312217171812, 40.373034262062731 ], [ -111.550658329790565, 40.373108887577224 ], [ -111.550379394976048, 40.373300909451075 ], [ -111.550381916052643, 40.373610775386219 ], [ -111.550539295171617, 40.373800720321192 ], [ -111.550913475911116, 40.37382277573527 ], [ -111.551412124070765, 40.373820399218694 ], [ -111.552284369590311, 40.373768563266474 ], [ -111.553032341035276, 40.373764988822984 ], [ -111.553811477372903, 40.373761260302636 ], [ -111.554247990080071, 40.373783005510965 ], [ -111.554404989706171, 40.373925274151198 ], [ -111.554312860451446, 40.374092572469465 ], [ -111.55369052295049, 40.374214737626737 ], [ -111.55269419488981, 40.374338687407558 ], [ -111.551822914592265, 40.374509705718097 ], [ -111.551075710311295, 40.374608616150233 ], [ -111.550047624450599, 40.374661183426973 ], [ -111.549174978497291, 40.374665330698022 ], [ -111.548238841145107, 40.374526752104472 ], [ -111.547581849750046, 40.37421998689782 ], [ -111.54714205978982, 40.373793006630237 ], [ -111.54676383454462, 40.373270387012155 ], [ -111.546292120193286, 40.37274820685731 ], [ -111.545882550714779, 40.372201894971937 ], [ -111.545816568100051, 40.371749307992971 ], [ -111.546126866107628, 40.371580985387588 ], [ -111.546781899911664, 40.37164940044245 ], [ -111.547499262058537, 40.371717516726704 ], [ -111.548405354184709, 40.371999265181373 ], [ -111.549560964715312, 40.372303657482924 ], [ -111.550653867288787, 40.372560663058117 ], [ -111.551527068862967, 40.372628013088864 ], [ -111.552524543260404, 40.37264708821418 ], [ -111.553521431855913, 40.372594647380481 ], [ -111.554332501578585, 40.372686110002654 ] ] ] ] } },
{ "type": "Feature", "properties": { "xid": 298, "name": "LOST CREEK EAST", "size_of_sl": null, "return_int": null, "starting_z": null, "vertical_f": null, "distance_t": null, "starting_1": null, "Shape__Are": 448111.61252199998, "Shape__Len": 4059.3177841400002 }, "geometry": { "type": "MultiPolygon", "coordinates": [ [ [ [ -111.607490075136184, 40.358561780480869 ], [ -111.607264048381253, 40.35857666951555 ], [ -111.607045406216685, 40.358518225315166 ], [ -111.606763487480336, 40.358352846900232 ], [ -111.606355763066105, 40.358057026095288 ], [ -111.605854354375893, 40.357737856378982 ], [ -111.605509059878955, 40.357453623715209 ], [ -111.605212635197176, 40.357407501447874 ], [ -111.604728945963288, 40.357326603044626 ], [ -111.604307360512763, 40.357221540790505 ], [ -111.60369904407645, 40.357141289183396 ], [ -111.603355141490368, 40.357011980588531 ], [ -111.603072176138184, 40.356727415411129 ], [ -111.602882578537859, 40.356430443738532 ], [ -111.602832764107731, 40.356085069432716 ], [ -111.602938522540711, 40.355715047712451 ], [ -111.60299680226899, 40.35526184492366 ], [ -111.602805192705588, 40.354738434477426 ], [ -111.602673987776839, 40.354000177167052 ], [ -111.602604674442915, 40.353213923328973 ], [ -111.60259830921143, 40.352498851695948 ], [ -111.60272863979408, 40.351389760524015 ], [ -111.602769961013067, 40.350781706105266 ], [ -111.602545832313041, 40.350103524462739 ], [ -111.602275083872044, 40.349437504207174 ], [ -111.601973610236584, 40.348819316113357 ], [ -111.60164215408048, 40.348332385593835 ], [ -111.60138869183902, 40.347856966814575 ], [ -111.601072609382115, 40.347346118138091 ], [ -111.600804953436494, 40.347025710741057 ], [ -111.600600133230515, 40.346764569468327 ], [ -111.600301857945297, 40.346503912893681 ], [ -111.599799720340414, 40.346089372961359 ], [ -111.599549127530253, 40.345935733163735 ], [ -111.599079627867354, 40.345687879053592 ], [ -111.598594659933056, 40.345452021323283 ], [ -111.598188417897234, 40.345311101321272 ], [ -111.59785942644092, 40.345098271106636 ], [ -111.597809751878387, 40.344764812326275 ], [ -111.597946568100426, 40.344382714754623 ], [ -111.598224616701515, 40.344119071856312 ], [ -111.598689994219527, 40.343902132721887 ], [ -111.599016768511788, 40.343864685200195 ], [ -111.599406478555522, 40.343898421941937 ], [ -111.599797139008345, 40.344039417612095 ], [ -111.600205278053707, 40.344394853388131 ], [ -111.600676359701339, 40.34482147123645 ], [ -111.601273536576329, 40.345414288981431 ], [ -111.601855253877915, 40.346019103154248 ], [ -111.602373615656887, 40.346505060026708 ], [ -111.602641596279824, 40.346861216855558 ], [ -111.602831271614278, 40.347170107306901 ], [ -111.603005690782922, 40.347514832598513 ], [ -111.603133807143394, 40.347907472034855 ], [ -111.603231620258811, 40.348395617087334 ], [ -111.603407531679977, 40.348907191083612 ], [ -111.603691740528149, 40.349334770978899 ], [ -111.604225612747712, 40.349808719999466 ], [ -111.604743062668689, 40.35018740466483 ], [ -111.605385030415349, 40.350553517065592 ], [ -111.606011854697741, 40.350967379055852 ], [ -111.60670067625837, 40.351345156806396 ], [ -111.607124259285854, 40.351676649174145 ], [ -111.60729774993176, 40.351914106630929 ], [ -111.607284738399017, 40.352200217047709 ], [ -111.607240998262242, 40.352534161714395 ], [ -111.60713526815023, 40.35290418736426 ], [ -111.607123538405389, 40.353333311557094 ], [ -111.607266732048558, 40.35366627565768 ], [ -111.607488567202282, 40.354082254129679 ], [ -111.607695362138713, 40.354557904107587 ], [ -111.607854353306877, 40.354914620848639 ], [ -111.608200502314972, 40.355294189757828 ], [ -111.608374541714753, 40.355591234567818 ], [ -111.608596390114485, 40.356007211581726 ], [ -111.608646982833449, 40.356436007720475 ], [ -111.608556833053129, 40.356805952426221 ], [ -111.608356987444466, 40.357104962959909 ], [ -111.608188619728722, 40.35743956407898 ], [ -111.607959004940668, 40.357893670015791 ], [ -111.607744432038473, 40.358288105326594 ], [ -111.607490075136184, 40.358561780480869 ] ] ] ] } },
{ "type": "Feature", "properties": { "xid": 299, "name": "DONNAN'S CHUTE", "size_of_sl": null, "return_int": null, "starting_z": null, "vertical_f": null, "distance_t": null, "starting_1": null, "Shape__Are": 92303.613445700001, "Shape__Len": 1999.18395334 }, "geometry": { "type": "MultiPolygon", "coordinates": [ [ [ [ -111.601917321383596, 40.354840590069955 ], [ -111.601769423256144, 40.355027287296039 ], [ -111.601433186863218, 40.355057640356179 ], [ -111.601038962410243, 40.354873762969255 ], [ -111.600920027717649, 40.354675881951557 ], [ -111.600773312207167, 40.354431778518361 ], [ -111.600657977151059, 40.354074825220565 ], [ -111.600448668118844, 40.353661151456485 ], [ -111.6001643331861, 40.353219262498172 ], [ -111.599860929692525, 40.35273456551522 ], [ -111.599463430415028, 40.35217884510822 ], [ -111.599065306114156, 40.351551615282496 ], [ -111.598760146113548, 40.350866695413238 ], [ -111.598529511030549, 40.350152783977343 ], [ -111.598242802562055, 40.349439162028773 ], [ -111.598012683243923, 40.34878245588741 ], [ -111.597727880000875, 40.348283354624137 ], [ -111.597518733355969, 40.34788397630895 ], [ -111.597421992674029, 40.347512621189857 ], [ -111.597531619634964, 40.347226013382752 ], [ -111.597885880588677, 40.347124067248934 ], [ -111.598278407288959, 40.347122037536344 ], [ -111.598598317521592, 40.347363518512807 ], [ -111.598825148909725, 40.34764838584907 ], [ -111.598958776585889, 40.347962340462992 ], [ -111.599187889659547, 40.348504633438964 ], [ -111.599398820628238, 40.349104229313404 ], [ -111.599533592504528, 40.34954689586931 ], [ -111.599745544569657, 40.350260901338629 ], [ -111.600069910372355, 40.351002928185892 ], [ -111.600261531360843, 40.351531111159595 ], [ -111.60065992035355, 40.352186939597459 ], [ -111.600887285717775, 40.352529008076012 ], [ -111.601170097188813, 40.352799278498807 ], [ -111.601585036650377, 40.353211881640618 ], [ -111.601887055888128, 40.353539258593251 ], [ -111.601947587360058, 40.354039516500137 ], [ -111.60193347181432, 40.354554464904169 ], [ -111.601917321383596, 40.354840590069955 ] ] ] ] } },
{ "type": "Feature", "properties": { "xid": 300, "name": "DONNAN'S EAST", "size_of_sl": null, "return_int": null, "starting_z": null, "vertical_f": null, "distance_t": null, "starting_1": null, "Shape__Are": 172385.68686799999, "Shape__Len": 3054.6646649099998 }, "geometry": { "type": "MultiPolygon", "coordinates": [ [ [ [ -111.602928352772793, 40.357109355655723 ], [ -111.602910677395556, 40.357223864191127 ], [ -111.602705929092181, 40.357325045692548 ], [ -111.602462771478258, 40.357312010522989 ], [ -111.602088626108753, 40.357285354766702 ], [ -111.601676582259245, 40.357201686765116 ], [ -111.600984248935561, 40.357133776142874 ], [ -111.600309469879079, 40.356937050901948 ], [ -111.599915364176667, 40.356767471195198 ], [ -111.599331404351403, 40.356269926001204 ], [ -111.598954100958636, 40.355885724208989 ], [ -111.598633391127521, 40.35555843646322 ], [ -111.598330997976134, 40.355188146879769 ], [ -111.598047303198229, 40.35481775979116 ], [ -111.597557726394129, 40.354419832648112 ], [ -111.596974560940382, 40.35400808353026 ], [ -111.596446979167695, 40.353538836556943 ], [ -111.595994052388733, 40.353054899487518 ], [ -111.595839596073674, 40.352497913941548 ], [ -111.595704968031256, 40.352069544592062 ], [ -111.595681618884939, 40.351540487526968 ], [ -111.595751482601798, 40.350982346185631 ], [ -111.595822352114837, 40.350538616118648 ], [ -111.595762750245328, 40.350138464306447 ], [ -111.595685211608142, 40.349824217237071 ], [ -111.595476575240156, 40.349482041877735 ], [ -111.595249624702532, 40.349182865687602 ], [ -111.594854070208513, 40.348841650071783 ], [ -111.594402191001862, 40.348472118399535 ], [ -111.593932251966478, 40.348174188944434 ], [ -111.593518769055834, 40.347918873194871 ], [ -111.593310650843463, 40.347633898529686 ], [ -111.593289327352863, 40.347333664291583 ], [ -111.593679474266622, 40.347059922016982 ], [ -111.594089939756245, 40.346972001975473 ], [ -111.594390514960679, 40.347142082651743 ], [ -111.594542686204548, 40.347441645065778 ], [ -111.594863212997652, 40.347754643594399 ], [ -111.595127665520536, 40.348067928847541 ], [ -111.595729586208847, 40.348493893298347 ], [ -111.596143962352087, 40.3488493109991 ], [ -111.596465635986377, 40.349291017714513 ], [ -111.596694104741275, 40.349761808511602 ], [ -111.596828229969262, 40.350132971194562 ], [ -111.596943033514108, 40.350432723077972 ], [ -111.597002390400007, 40.350804270476161 ], [ -111.597099890518052, 40.351261434208688 ], [ -111.597310813107512, 40.351861033671071 ], [ -111.597501151712919, 40.352246207168058 ], [ -111.597822093975566, 40.352602100305305 ], [ -111.598198739406172, 40.35291479915238 ], [ -111.598630710988047, 40.353141398039789 ], [ -111.599193539720318, 40.353367316542943 ], [ -111.599663031237313, 40.353608019218406 ], [ -111.600021250654521, 40.35394941079614 ], [ -111.600173589193005, 40.354263266559691 ], [ -111.600139371550796, 40.354620996443671 ], [ -111.600067258637068, 40.354921714690548 ], [ -111.599938175893072, 40.355122613116237 ], [ -111.599977591968027, 40.355351242435447 ], [ -111.600278599717328, 40.355564211378201 ], [ -111.600860275184573, 40.355804326759689 ], [ -111.60134835551554, 40.356030622919278 ], [ -111.601930928986661, 40.35637084257332 ], [ -111.602551533614545, 40.356782371383673 ], [ -111.602928352772793, 40.357109355655723 ] ] ] ] } },
{ "type": "Feature", "properties": { "xid": 301, "name": "SLIDE CANYON", "size_of_sl": null, "return_int": null, "starting_z": null, "vertical_f": null, "distance_t": null, "starting_1": null, "Shape__Are": 2456634.35622, "Shape__Len": 8989.5939912400008 }, "geometry": { "type": "MultiPolygon", "coordinates": [ [ [ [ -111.620980147748639, 40.367024983471865 ], [ -111.621090528281641, 40.367167410902773 ], [ -111.621076697794919, 40.367358179031505 ], [ -111.620985179173246, 40.367573201621383 ], [ -111.620784702669027, 40.367800727244436 ], [ -111.620428192648632, 40.368005252404991 ], [ -111.620008154952998, 40.368079015107092 ], [ -111.61955782730044, 40.368248285924551 ], [ -111.619216892290169, 40.368452723907865 ], [ -111.618784757215977, 40.368907934580555 ], [ -111.618429107949865, 40.369207796312516 ], [ -111.618011018897874, 40.369496072435481 ], [ -111.617375001545852, 40.369809347016137 ], [ -111.616986548012449, 40.369930603810388 ], [ -111.616628603130195, 40.369980186575312 ], [ -111.616253666173662, 40.369874919565184 ], [ -111.615831658304742, 40.369734146516656 ], [ -111.615425776788953, 40.369652878878206 ], [ -111.615020979607607, 40.369690787790475 ], [ -111.614585343903173, 40.369764613757113 ], [ -111.614040310275755, 40.369803263504956 ], [ -111.613400921726068, 40.36974706472602 ], [ -111.612901229443281, 40.369630531171047 ], [ -111.612432701594045, 40.369513829518723 ], [ -111.611622027409439, 40.369470446027655 ], [ -111.610826827954199, 40.369415056922058 ], [ -111.609860125165184, 40.369348648678262 ], [ -111.609095877683799, 40.369269247141411 ], [ -111.60819107639513, 40.369154825205953 ], [ -111.60733355682278, 40.369099739783124 ], [ -111.606165050050251, 40.369117789424713 ], [ -111.60526078736504, 40.36906293361735 ], [ -111.604200392794013, 40.368973131041457 ], [ -111.603234552216861, 40.369002010275139 ], [ -111.602363366791735, 40.369161489567105 ], [ -111.601554079947547, 40.369272967547971 ], [ -111.601039253112361, 40.369204134199961 ], [ -111.600570113353328, 40.369015877502711 ], [ -111.600101399008622, 40.368875289488507 ], [ -111.599243045569168, 40.368724801858725 ], [ -111.598602729526036, 40.368561260383984 ], [ -111.597853663192097, 40.368434033101671 ], [ -111.596917832703525, 40.368331601487547 ], [ -111.596059386791907, 40.368169171556424 ], [ -111.595418663995019, 40.36795794168674 ], [ -111.595043141570372, 40.367781098660437 ], [ -111.594666258246519, 40.367449322924287 ], [ -111.594273902415381, 40.367129542746646 ], [ -111.593754811078838, 40.366572045085647 ], [ -111.593689349858707, 40.366214830385182 ], [ -111.593698238150395, 40.365452007623148 ], [ -111.593816609253622, 40.364736297321528 ], [ -111.593873702036007, 40.364140084528884 ], [ -111.593976801773593, 40.363460206971034 ], [ -111.594050204434751, 40.362947339510406 ], [ -111.594108235486914, 40.362458387357819 ], [ -111.594073517594893, 40.362053340016168 ], [ -111.593928278557129, 40.361482003398372 ], [ -111.593704933340732, 40.36088723017631 ], [ -111.593372744788951, 40.360316852274856 ], [ -111.593149721760852, 40.359757831759232 ], [ -111.593051963824337, 40.359269678734613 ], [ -111.593125160457134, 40.35873297519413 ], [ -111.593198878246611, 40.358255861816303 ], [ -111.593194491319593, 40.357755310720336 ], [ -111.593144516341184, 40.357386096591171 ], [ -111.59295485581724, 40.35707719068666 ], [ -111.592671098773792, 40.356697256402832 ], [ -111.592448511064703, 40.35618590574218 ], [ -111.59224077508523, 40.355591049132769 ], [ -111.59206482561865, 40.355067540564789 ], [ -111.591685737717086, 40.354473559866641 ], [ -111.591418825032719, 40.354236556745548 ], [ -111.591229597707837, 40.353975319436586 ], [ -111.591038290762654, 40.353475724113224 ], [ -111.591159895698027, 40.353129468371094 ], [ -111.591312239358288, 40.352735382385596 ], [ -111.59148182479538, 40.352531902512879 ], [ -111.59155638107373, 40.352150132186068 ], [ -111.591505275276134, 40.351649819415165 ], [ -111.591344919298265, 40.351126229617655 ], [ -111.591202016224713, 40.350817081386914 ], [ -111.590996390092371, 40.350460579605716 ], [ -111.59072918383707, 40.350187821465255 ], [ -111.590229778093757, 40.350083105063256 ], [ -111.589622060655287, 40.350062368210551 ], [ -111.589123278538665, 40.350029154207085 ], [ -111.588531045988844, 40.349954713711526 ], [ -111.588291992477124, 40.349377872020931 ], [ -111.588273930431384, 40.349091922391118 ], [ -111.588317555077182, 40.348734147709784 ], [ -111.588594933874006, 40.34838710192389 ], [ -111.589044069570221, 40.348086854758733 ], [ -111.589802449608584, 40.347522824253865 ], [ -111.590437764746142, 40.347138193474471 ], [ -111.590841298086403, 40.346969274625181 ], [ -111.591276606245827, 40.346871703235692 ], [ -111.591852727477516, 40.346844920147937 ], [ -111.592267286485352, 40.346835424081313 ], [ -111.592789587701503, 40.347229731756691 ], [ -111.593012168152953, 40.347613678387155 ], [ -111.59307708466612, 40.347911306214634 ], [ -111.593065160704072, 40.348328512278194 ], [ -111.593021458189369, 40.348674369977971 ], [ -111.592914925396613, 40.348960958521225 ], [ -111.592730922879767, 40.349295616963438 ], [ -111.592515347662811, 40.349582763869932 ], [ -111.592377553240709, 40.349857592880852 ], [ -111.592411001270165, 40.350119627408468 ], [ -111.592601265349472, 40.350500041875478 ], [ -111.592775746930073, 40.35085670040727 ], [ -111.59288844099909, 40.351273266595079 ], [ -111.592938096523412, 40.351606728154557 ], [ -111.593018801741522, 40.351928111338012 ], [ -111.59302162047473, 40.352249893818076 ], [ -111.59302506566182, 40.352643184292127 ], [ -111.593044716152889, 40.353107901064106 ], [ -111.593156162680728, 40.353381453492389 ], [ -111.593422867860284, 40.3535946163272 ], [ -111.593876198315897, 40.353771065715684 ], [ -111.594469000248807, 40.353863368001413 ], [ -111.594952443453721, 40.353920473337027 ], [ -111.595436621273592, 40.354061003203199 ], [ -111.595843120223719, 40.354225766806415 ], [ -111.596359823998384, 40.354521064040959 ], [ -111.596845795350461, 40.354864191364527 ], [ -111.597395556622956, 40.355373844168007 ], [ -111.597772911495198, 40.355765202314224 ], [ -111.598338371986245, 40.356286687613547 ], [ -111.598731210456378, 40.356666043319059 ], [ -111.599232576749031, 40.356985243381324 ], [ -111.599764683725155, 40.357256608933774 ], [ -111.600358792410049, 40.357491894615912 ], [ -111.600983323011377, 40.357643589782661 ], [ -111.601529113160765, 40.357700344434683 ], [ -111.602183533287857, 40.357708857165747 ], [ -111.602868793627252, 40.357681450770698 ], [ -111.603648057991251, 40.357713141732056 ], [ -111.604318482673619, 40.3577692326377 ], [ -111.605130078052355, 40.357931846012903 ], [ -111.605614411908149, 40.358084250474967 ], [ -111.606020746057922, 40.358225142511976 ], [ -111.60642804292246, 40.358473293851489 ], [ -111.606726930273197, 40.358793522722792 ], [ -111.606916765157578, 40.359114324017682 ], [ -111.607012484936504, 40.359364107867364 ], [ -111.607062537088396, 40.359733315317207 ], [ -111.607003746683546, 40.360126930456005 ], [ -111.607021356878391, 40.360353287744644 ], [ -111.607257295229843, 40.360602335300989 ], [ -111.607727250787079, 40.360885907555236 ], [ -111.608118455073168, 40.36107454627161 ], [ -111.608571550776603, 40.361215183340633 ], [ -111.609086646937087, 40.361319737480557 ], [ -111.609415108861427, 40.361461027543093 ], [ -111.609743786909632, 40.361626152853162 ], [ -111.610148646539187, 40.361600180337788 ], [ -111.610600567078123, 40.361609713492292 ], [ -111.610960301479679, 40.361762753153123 ], [ -111.611337553818274, 40.362130229594612 ], [ -111.611933470427729, 40.362556139954378 ], [ -111.612231106906364, 40.362733340590232 ], [ -111.612749133721934, 40.363159658979519 ], [ -111.61325169388796, 40.363597975224458 ], [ -111.613879120011447, 40.364059462932588 ], [ -111.614412854622728, 40.364497609457644 ], [ -111.614899313718368, 40.364876412015633 ], [ -111.615603256613241, 40.365182544925986 ], [ -111.616290972958097, 40.365417249877062 ], [ -111.616947642930583, 40.365664034543713 ], [ -111.617603990141177, 40.365875061680626 ], [ -111.618306756401125, 40.36605008231269 ], [ -111.618868754694063, 40.366166260122739 ], [ -111.619488970566053, 40.366271843027199 ], [ -111.620113513632489, 40.36641151703251 ], [ -111.620352428571167, 40.366539698957936 ], [ -111.620744356396074, 40.366799799945895 ], [ -111.620980147748639, 40.367024983471865 ] ] ] ] } },
{ "type": "Feature", "properties": { "xid": 302, "name": "FISHERMAN'S HOME", "size_of_sl": null, "return_int": null, "starting_z": null, "vertical_f": null, "distance_t": null, "starting_1": null, "Shape__Are": 154923.45539300001, "Shape__Len": 2212.66802216 }, "geometry": { "type": "MultiPolygon", "coordinates": [ [ [ [ -111.589841110752573, 40.358811691264123 ], [ -111.589862921761892, 40.359169132184014 ], [ -111.589790135369526, 40.359398336177044 ], [ -111.589604054646486, 40.359499399298933 ], [ -111.58934132566624, 40.359386321981681 ], [ -111.588984622890891, 40.359216514470411 ], [ -111.588533700370547, 40.35896137213637 ], [ -111.588119551032705, 40.358634531679492 ], [ -111.587705404510544, 40.358307688797979 ], [ -111.587271698589845, 40.357880829348368 ], [ -111.586875264604217, 40.357439477052445 ], [ -111.586572555068514, 40.357026252166882 ], [ -111.586323456010433, 40.356326712627499 ], [ -111.586150375969126, 40.355769808720588 ], [ -111.585977671414071, 40.355255808776725 ], [ -111.585823787186612, 40.354756015261167 ], [ -111.585801504153451, 40.354341367401176 ], [ -111.585705065450881, 40.353998605381477 ], [ -111.585477029270464, 40.35357069710021 ], [ -111.585287620572785, 40.353285614431243 ], [ -111.584929106564246, 40.352901271409003 ], [ -111.584496442077821, 40.352588812332293 ], [ -111.584193892449036, 40.352189882066156 ], [ -111.584022569294277, 40.351833194637166 ], [ -111.584038548073565, 40.351518468397522 ], [ -111.584241949599715, 40.351260002940947 ], [ -111.58459575812617, 40.351100892404872 ], [ -111.584950799477525, 40.351084795269372 ], [ -111.585231935694537, 40.351169185520575 ], [ -111.585421461806746, 40.351468570773683 ], [ -111.58564973783443, 40.351925082257978 ], [ -111.585858951258388, 40.352338783605575 ], [ -111.586086241525436, 40.352680881703222 ], [ -111.586483015035299, 40.353165141606148 ], [ -111.586898487834674, 40.353649305210595 ], [ -111.587294899474955, 40.354090657871154 ], [ -111.587578533818714, 40.35446107181351 ], [ -111.588031783062121, 40.354987945468665 ], [ -111.588483546212061, 40.355343200132218 ], [ -111.589029159362482, 40.355740881249147 ], [ -111.589293742388378, 40.35606848169882 ], [ -111.589428089134543, 40.356468255603417 ], [ -111.58952641872007, 40.357025535522929 ], [ -111.589642323358078, 40.357454007216589 ], [ -111.58977867006918, 40.358082603257898 ], [ -111.589841110752573, 40.358811691264123 ] ] ] ] } },
{ "type": "Feature", "properties": { "xid": 303, "name": "ARROWHEAD", "size_of_sl": null, "return_int": null, "starting_z": null, "vertical_f": null, "distance_t": null, "starting_1": null, "Shape__Are": 647507.99494700006, "Shape__Len": 4248.4931682200004 }, "geometry": { "type": "MultiPolygon", "coordinates": [ [ [ [ -111.59252717830158, 40.367126770741685 ], [ -111.592379269413783, 40.367318222468583 ], [ -111.592180497839877, 40.367395518224356 ], [ -111.591681733826576, 40.367379001369137 ], [ -111.590957768973254, 40.367268286765963 ], [ -111.589933484534527, 40.367025613127417 ], [ -111.589108809867071, 40.366800984355464 ], [ -111.588509171021499, 40.366651481672456 ], [ -111.587934961768482, 40.3665590556284 ], [ -111.587411936982775, 40.366618921480395 ], [ -111.586714734461268, 40.366717807183768 ], [ -111.586015217781011, 40.366549729430055 ], [ -111.585589269473616, 40.366303984751042 ], [ -111.585161840113287, 40.365886620658387 ], [ -111.584684228609632, 40.365431370191715 ], [ -111.584355372817342, 40.364880019561177 ], [ -111.584125251295362, 40.36421375207933 ], [ -111.583945978148975, 40.363661643656961 ], [ -111.583716193897743, 40.36303351288457 ], [ -111.583636146558192, 40.362423694833737 ], [ -111.583381440147889, 40.361795689013256 ], [ -111.583052285558693, 40.361206196390306 ], [ -111.582847610151489, 40.360597005808657 ], [ -111.58266950650912, 40.3601783752367 ], [ -111.582240657775657, 40.359589382326234 ], [ -111.581685706933897, 40.358829397398516 ], [ -111.581281966065433, 40.35825934418979 ], [ -111.581027789820169, 40.35768853822708 ], [ -111.58074950947443, 40.357213199434611 ], [ -111.580422362650822, 40.356852521647824 ], [ -111.580096688948785, 40.356663461141807 ], [ -111.579646226066032, 40.356455956374489 ], [ -111.579070971954948, 40.356230004091245 ], [ -111.57857033691522, 40.355984606861711 ], [ -111.578243696329139, 40.355681128522214 ], [ -111.57813959631298, 40.35516677373252 ], [ -111.578310327440775, 40.354727322915046 ], [ -111.578755884894917, 40.354362774902995 ], [ -111.579202252147695, 40.354093567917566 ], [ -111.579600563580271, 40.354034363383377 ], [ -111.580075445346978, 40.354184538615414 ], [ -111.580451774296108, 40.354468692778411 ], [ -111.580579016204865, 40.354773165142227 ], [ -111.580634592188233, 40.355440317288704 ], [ -111.580738547980971, 40.355935600778984 ], [ -111.58099140565372, 40.356353859181546 ], [ -111.58136873208781, 40.356752421688476 ], [ -111.581821170261023, 40.357188743618785 ], [ -111.582447606272169, 40.357566979384977 ], [ -111.583122423105479, 40.357773343130702 ], [ -111.584046672858321, 40.357997513303047 ], [ -111.584945178973769, 40.358126458642893 ], [ -111.585919128164576, 40.358331291837985 ], [ -111.586818963551394, 40.358612771691092 ], [ -111.587769322948503, 40.358970265666507 ], [ -111.588770872703051, 40.359480046101744 ], [ -111.589322587285224, 40.359858624723294 ], [ -111.589751000577863, 40.360390385252479 ], [ -111.590079377930323, 40.360884515179613 ], [ -111.590434351750829, 40.361569203466608 ], [ -111.590688954928098, 40.362178124487109 ], [ -111.590941897622315, 40.362596360083039 ], [ -111.591245200478767, 40.363071545806662 ], [ -111.591499316720601, 40.363623259197077 ], [ -111.591856988051205, 40.364613039343368 ], [ -111.592036495042166, 40.365184202859979 ], [ -111.592317391578987, 40.365945541772156 ], [ -111.592497240064091, 40.366554841127218 ], [ -111.59252717830158, 40.367126770741685 ] ] ] ] } },
{ "type": "Feature", "properties": { "xid": 304, "name": "VIVAN PARK", "size_of_sl": null, "return_int": null, "starting_z": null, "vertical_f": null, "distance_t": null, "starting_1": null, "Shape__Are": 165726.12058399999, "Shape__Len": 2537.56452154 }, "geometry": { "type": "MultiPolygon", "coordinates": [ [ [ [ -111.583764644486408, 40.365760195648413 ], [ -111.583566526441558, 40.365913751155709 ], [ -111.583217843940645, 40.36595364851371 ], [ -111.582843410029511, 40.365898327995019 ], [ -111.582243792669772, 40.36574879355009 ], [ -111.581717981958789, 40.365484467567605 ], [ -111.581191192653392, 40.365105726881382 ], [ -111.580789218151736, 40.364745427611588 ], [ -111.580111396002835, 40.364195815807093 ], [ -111.57960792142454, 40.363626257534122 ], [ -111.579304370919459, 40.363112903933214 ], [ -111.579050518905788, 40.362580230968248 ], [ -111.578745184776821, 40.361857120754806 ], [ -111.578490526999033, 40.361229103764529 ], [ -111.578261778175005, 40.360715373005419 ], [ -111.578056657546895, 40.360048967821861 ], [ -111.577701492311817, 40.359326103544802 ], [ -111.577347472180421, 40.358736718514884 ], [ -111.577069213179769, 40.358261370803383 ], [ -111.576717316405748, 40.357919875770932 ], [ -111.576241115708953, 40.357617138456924 ], [ -111.576063710029374, 40.357274771879894 ], [ -111.576185582140752, 40.35694998415611 ], [ -111.576583262207549, 40.356814516092285 ], [ -111.577131310439981, 40.356773644095071 ], [ -111.577506340106765, 40.356905258285138 ], [ -111.577783455875831, 40.357247124583559 ], [ -111.577886742542816, 40.357666135916666 ], [ -111.578041023007842, 40.358218379342361 ], [ -111.578194166922273, 40.358637141131325 ], [ -111.57839602412237, 40.358922173831957 ], [ -111.578797789135365, 40.359263414116541 ], [ -111.579101153860023, 40.359757700653809 ], [ -111.579429777204837, 40.360289999206699 ], [ -111.579782843533621, 40.360764966035497 ], [ -111.580361245631565, 40.361353217596609 ], [ -111.580813379985699, 40.361751406109896 ], [ -111.58146609200675, 40.36228206971937 ], [ -111.581993352639401, 40.36271801518302 ], [ -111.582470598540326, 40.363135139507563 ], [ -111.582798608095104, 40.363591153329246 ], [ -111.583203709936058, 40.364313749466405 ], [ -111.583509267401894, 40.365055916045527 ], [ -111.583764644486408, 40.365760195648413 ] ] ] ] } },
{ "type": "Feature", "properties": { "xid": 305, "name": "TRAILER COURT CANYON", "size_of_sl": null, "return_int": null, "starting_z": null, "vertical_f": null, "distance_t": null, "starting_1": null, "Shape__Are": 697732.12067900004, "Shape__Len": 4444.0658234000002 }, "geometry": { "type": "MultiPolygon", "coordinates": [ [ [ [ -111.591865866707153, 40.368335820245576 ], [ -111.591794745513269, 40.368755710600233 ], [ -111.591524513449386, 40.369214758803103 ], [ -111.591104358198393, 40.36963643430127 ], [ -111.590683199995382, 40.369943696291386 ], [ -111.590162315224958, 40.370251466594752 ], [ -111.589566963867625, 40.370597752619439 ], [ -111.588796590116601, 40.370887717804514 ], [ -111.587827090423076, 40.371216829489235 ], [ -111.587030777539752, 40.371392499485864 ], [ -111.586258896496645, 40.371510831165871 ], [ -111.585362026040755, 40.371591651987607 ], [ -111.584464822696688, 40.371634328214377 ], [ -111.583693098731189, 40.371771711645373 ], [ -111.583170358475456, 40.371869696234675 ], [ -111.58267238437422, 40.371948483121272 ], [ -111.582148328505156, 40.371893914223797 ], [ -111.581548003665731, 40.371668102233599 ], [ -111.581046753540548, 40.371365510714128 ], [ -111.580045247663804, 40.370874734100454 ], [ -111.578892700721653, 40.370213079670727 ], [ -111.578015554903629, 40.369683523409478 ], [ -111.577189098026366, 40.369249054920267 ], [ -111.575935910927527, 40.368473456702134 ], [ -111.575233809322128, 40.368000215381045 ], [ -111.574406580173616, 40.36747038314131 ], [ -111.573679407829005, 40.366978187994896 ], [ -111.57322760174479, 40.366618108774958 ], [ -111.572825659064236, 40.366257781694394 ], [ -111.572297785225032, 40.365745520719081 ], [ -111.571744021995471, 40.365118968023516 ], [ -111.571591548221647, 40.364776472664666 ], [ -111.571463520936888, 40.364376647209731 ], [ -111.571385031269529, 40.363938438363355 ], [ -111.571356721213235, 40.363538120030313 ], [ -111.571554056224329, 40.363289241625964 ], [ -111.571976228079507, 40.363096460232185 ], [ -111.572375404272535, 40.363132624767182 ], [ -111.572825568236127, 40.363302020564724 ], [ -111.572902452076448, 40.36354954217434 ], [ -111.572780553833653, 40.363874326253089 ], [ -111.572608796189684, 40.364199357057608 ], [ -111.572711739226222, 40.364580236673746 ], [ -111.572989347197634, 40.364979319728675 ], [ -111.573539726582226, 40.365205424279679 ], [ -111.574389421626449, 40.365449109707114 ], [ -111.575612738521869, 40.365652791436844 ], [ -111.576960383671278, 40.365817700653359 ], [ -111.578058415372581, 40.365945703587876 ], [ -111.579105776730202, 40.365978603204312 ], [ -111.580202506807467, 40.365954036619506 ], [ -111.580651236162751, 40.365951784552827 ], [ -111.581051743458531, 40.366140467152519 ], [ -111.581228051475335, 40.366349345012253 ], [ -111.581677111214802, 40.366385225760681 ], [ -111.582325772372471, 40.366439170485279 ], [ -111.582999198959897, 40.366473916147505 ], [ -111.583822203390795, 40.366507902893332 ], [ -111.584471031998447, 40.366580903510382 ], [ -111.584846953158959, 40.366807836522852 ], [ -111.58494865028544, 40.36703615472031 ], [ -111.585126291840552, 40.367397575437828 ], [ -111.585451370289505, 40.367510346516006 ], [ -111.585974734077382, 40.367488626255131 ], [ -111.586422151015071, 40.367333803728386 ], [ -111.586969449581701, 40.367197541351501 ], [ -111.587592529821706, 40.367175307632017 ], [ -111.588290896239243, 40.367209895738007 ], [ -111.58921346529479, 40.3672242688057 ], [ -111.590012051288696, 40.367315544894439 ], [ -111.590511313762264, 40.367389273624767 ], [ -111.590836900505792, 40.367559235967114 ], [ -111.590964215505679, 40.367863695705829 ], [ -111.591015574199119, 40.368035058489028 ], [ -111.591265708390239, 40.368129126484668 ], [ -111.591589967933643, 40.368146537905737 ], [ -111.591764979364243, 40.368202850634937 ], [ -111.591865866707153, 40.368335820245576 ] ] ] ] } },
{ "type": "Feature", "properties": { "xid": 306, "name": "TRESTLE CUT", "size_of_sl": null, "return_int": null, "starting_z": null, "vertical_f": null, "distance_t": null, "starting_1": null, "Shape__Are": 21603.9829823, "Shape__Len": 809.8667357 }, "geometry": { "type": "MultiPolygon", "coordinates": [ [ [ [ -111.555359641427998, 40.370012168456086 ], [ -111.555458739392691, 40.369935415602676 ], [ -111.555658344127139, 40.369953525518468 ], [ -111.555909377264967, 40.370162082918171 ], [ -111.55603638266814, 40.370447513976522 ], [ -111.556038576773872, 40.370714475358788 ], [ -111.556091888208655, 40.371133745677191 ], [ -111.556220620814358, 40.371628931929592 ], [ -111.556399219564511, 40.372123877189026 ], [ -111.556377423984912, 40.372505370147856 ], [ -111.556254960186536, 40.372772931089067 ], [ -111.555983528772529, 40.373117485951362 ], [ -111.555660507620345, 40.373252524360112 ], [ -111.555410403018058, 40.373158378328561 ], [ -111.555407584980387, 40.372815143144486 ], [ -111.555527546794863, 40.37224248391199 ], [ -111.555573026344618, 40.371708322595495 ], [ -111.555519561040157, 40.371269982233251 ], [ -111.555392243146244, 40.370946413687705 ], [ -111.555288448280692, 40.370451107606264 ], [ -111.555359641427998, 40.370012168456086 ] ] ] ] } },
{ "type": "Feature", "properties": { "xid": 307, "name": "TRESTLE", "size_of_sl": null, "return_int": null, "starting_z": null, "vertical_f": null, "distance_t": null, "starting_1": null, "Shape__Are": 126559.39943, "Shape__Len": 1478.6135253499999 }, "geometry": { "type": "MultiPolygon", "coordinates": [ [ [ [ -111.562185236010805, 40.375318624690799 ], [ -111.561714360092566, 40.375664162201552 ], [ -111.561118339531092, 40.375953096079598 ], [ -111.560744975147159, 40.376031184808767 ], [ -111.5602709279528, 40.375995343995598 ], [ -111.55977084426948, 40.375826140537249 ], [ -111.559345246746204, 40.375618437137653 ], [ -111.55889534872253, 40.375487126454708 ], [ -111.558222472568659, 40.375528514820857 ], [ -111.557549281198874, 40.375531762365483 ], [ -111.556776043509586, 40.37549734927989 ], [ -111.556228300734332, 40.375595331614583 ], [ -111.555879239096527, 40.375597009994195 ], [ -111.555503050474044, 40.375331845916399 ], [ -111.555374158024932, 40.374817591184652 ], [ -111.555371339998672, 40.374474355196369 ], [ -111.555542893068704, 40.374111212905703 ], [ -111.555889754447364, 40.373842574354661 ], [ -111.556711269048861, 40.373686067022817 ], [ -111.557608046859627, 40.373586400001038 ], [ -111.558455115327632, 40.373506034852852 ], [ -111.559077949607925, 40.373445817417597 ], [ -111.559650444338573, 40.373328631238323 ], [ -111.560173704854947, 40.373287959399129 ], [ -111.560823523110059, 40.373475503957124 ], [ -111.561224653493724, 40.373740529753299 ], [ -111.561626895232465, 40.374139034607758 ], [ -111.562029776632571, 40.374613812676479 ], [ -111.562256706119484, 40.374917819716813 ], [ -111.562283858336741, 40.375184659382803 ], [ -111.562185236010805, 40.375318624690799 ] ] ] ] } },
{ "type": "Feature", "properties": { "xid": 308, "name": null, "size_of_sl": null, "return_int": null, "starting_z": null, "vertical_f": null, "distance_t": null, "starting_1": null, "Shape__Are": 54809.695929000001, "Shape__Len": 1017.43532376 }, "geometry": { "type": "MultiPolygon", "coordinates": [ [ [ [ -111.561002945134177, 40.371659861681295 ], [ -111.560778403288381, 40.371641881030449 ], [ -111.560628180872342, 40.371566331562846 ], [ -111.560376970100734, 40.371338716579658 ], [ -111.560148956029565, 40.370901224936567 ], [ -111.559871239757285, 40.370483042209678 ], [ -111.559543665435385, 40.370065100017953 ], [ -111.559165287223038, 40.369532987115697 ], [ -111.558862810413174, 40.369133991245448 ], [ -111.55863386785245, 40.368582083688125 ], [ -111.558656122032019, 40.368257796019037 ], [ -111.558978955836125, 40.368103680400353 ], [ -111.559403558773738, 40.368196974899263 ], [ -111.560053483726108, 40.368403593214573 ], [ -111.560602741420553, 40.368496278670747 ], [ -111.560977172383133, 40.368551671199725 ], [ -111.561228691056613, 40.368817422877925 ], [ -111.561282506405234, 40.369293897484901 ], [ -111.561311392502688, 40.369770493024951 ], [ -111.5613148730164, 40.37019000279124 ], [ -111.561368374906309, 40.370628340308905 ], [ -111.561396786396699, 40.371047728990092 ], [ -111.561300066750974, 40.371410517802694 ], [ -111.561002945134177, 40.371659861681295 ] ] ] ] } },
{ "type": "Feature", "properties": { "xid": 309, "name": "NORTH FORK WEST/EAST SLIDE", "size_of_sl": null, "return_int": null, "starting_z": null, "vertical_f": null, "distance_t": null, "starting_1": null, "Shape__Are": 1723428.6249, "Shape__Len": 10283.267556299999 }, "geometry": { "type": "MultiPolygon", "coordinates": [ [ [ [ -111.566778919667499, 40.370659158611474 ], [ -111.566682390364946, 40.371041019734477 ], [ -111.566536154882996, 40.371442193937781 ], [ -111.566464074922834, 40.371766726942951 ], [ -111.566541903662255, 40.372128664041284 ], [ -111.566619734441801, 40.372490601954055 ], [ -111.566547333256821, 40.372776998092348 ], [ -111.566200679582622, 40.373064736320416 ], [ -111.565654406839798, 40.373334381288544 ], [ -111.56525724508657, 40.373546086845614 ], [ -111.564734622659685, 40.373663056333257 ], [ -111.564360955849594, 40.373703019781615 ], [ -111.563961085293798, 40.373590553377753 ], [ -111.563610444556844, 40.373401568803878 ], [ -111.563257741749453, 40.372964691106411 ], [ -111.562955065486349, 40.372546637550549 ], [ -111.562603005734729, 40.372186032434122 ], [ -111.562300496711188, 40.371787045955031 ], [ -111.561972742660231, 40.371350042877445 ], [ -111.5619444846579, 40.370949722396588 ], [ -111.561915751883191, 40.370492196053952 ], [ -111.561937674078308, 40.370129770142526 ], [ -111.56198420932111, 40.369729086142684 ], [ -111.562030586819077, 40.369309334083042 ], [ -111.562102527172357, 40.368965734664386 ], [ -111.562200348306732, 40.368736426576 ], [ -111.562449177609807, 40.368678007640504 ], [ -111.562898085067602, 40.368694893245504 ], [ -111.563246634448106, 40.368635988089416 ], [ -111.563669341267996, 40.368500442635089 ], [ -111.564117610667921, 40.368441048784192 ], [ -111.564516020217141, 40.368381896585376 ], [ -111.564939358553048, 40.368322621242612 ], [ -111.565487825152147, 40.36831994073561 ], [ -111.566111721873938, 40.368393165348664 ], [ -111.566661148340501, 40.368504891770783 ], [ -111.567036062335475, 40.368617470449699 ], [ -111.567686174149387, 40.368843114565095 ], [ -111.56801203151187, 40.369051277456578 ], [ -111.568437453521099, 40.369239881305504 ], [ -111.569012301566531, 40.369408679699042 ], [ -111.56956222250345, 40.369577597090235 ], [ -111.570037673954431, 40.369785018294984 ], [ -111.570662875565532, 40.370010767469537 ], [ -111.571039093203012, 40.370275882272409 ], [ -111.57144040513991, 40.370559941513704 ], [ -111.571717709492859, 40.370920890236846 ], [ -111.571970729943573, 40.371358235251257 ], [ -111.572348573463998, 40.371814031650572 ], [ -111.572628307784996, 40.372461006560194 ], [ -111.572956621470738, 40.372955184531101 ], [ -111.573135345990679, 40.373450103868116 ], [ -111.573141323708981, 40.37415564180391 ], [ -111.573270186900004, 40.37465080702308 ], [ -111.573500885176273, 40.375393369914825 ], [ -111.573906607419929, 40.37619227184819 ], [ -111.574135213958641, 40.376686940874798 ], [ -111.574463234398891, 40.377142977206184 ], [ -111.574816355397118, 40.377617957449466 ], [ -111.57524330983729, 40.377978153245209 ], [ -111.575746532674515, 40.378509590945988 ], [ -111.5761730103806, 40.378812577578145 ], [ -111.576523713998725, 40.379001523448444 ], [ -111.576724812965239, 40.379191214438116 ], [ -111.576701993256791, 40.379439229974906 ], [ -111.576404242733787, 40.379612339418046 ], [ -111.575957371078019, 40.379843398004702 ], [ -111.575187806122031, 40.380247685293085 ], [ -111.574591803780251, 40.380536689168601 ], [ -111.573921962681396, 40.38094047157125 ], [ -111.573426335928474, 40.381305248872323 ], [ -111.572930703819253, 40.381670023162059 ], [ -111.572560872612158, 40.38216765906003 ], [ -111.572141326629634, 40.382684608453367 ], [ -111.571995100418704, 40.383085788698267 ], [ -111.571997681085477, 40.383390885526431 ], [ -111.572150038647905, 40.38371431101676 ], [ -111.572375107582175, 40.383789474844363 ], [ -111.572547399340607, 40.383521650727189 ], [ -111.57266933418498, 40.383196867738583 ], [ -111.572965331686206, 40.382814014312103 ], [ -111.57318652068588, 40.382431530929928 ], [ -111.573458385906832, 40.382144142182945 ], [ -111.573804730941191, 40.381818244878176 ], [ -111.574351038866098, 40.381548561555981 ], [ -111.574947861686113, 40.381354902151465 ], [ -111.575694777841449, 40.381217700566019 ], [ -111.576318316612358, 40.381233664377511 ], [ -111.57696727907225, 40.381306705986539 ], [ -111.577641014272558, 40.381360550575877 ], [ -111.578140693787731, 40.381472469546466 ], [ -111.578516352248158, 40.381661284486832 ], [ -111.578518635960833, 40.381928244310373 ], [ -111.578172476284024, 40.38227322438982 ], [ -111.57760286964141, 40.382733735687374 ], [ -111.577007832204373, 40.383137163066934 ], [ -111.576338142641688, 40.383560028179495 ], [ -111.57569224473211, 40.383849286273467 ], [ -111.575146571315997, 40.384195250300081 ], [ -111.574749214198334, 40.384387919474989 ], [ -111.574700637571084, 40.384540715201467 ], [ -111.574876002057309, 40.384635190773466 ], [ -111.575174589482785, 40.384557428427129 ], [ -111.575447103724656, 40.384346309482915 ], [ -111.57621703844066, 40.383980158076817 ], [ -111.576962191209589, 40.383633193910342 ], [ -111.577508502120878, 40.383363495735566 ], [ -111.578229031472716, 40.383054785617965 ], [ -111.578851118608569, 40.382899118138852 ], [ -111.579225152530796, 40.382897245265852 ], [ -111.579649712178906, 40.382971395543812 ], [ -111.579826223887039, 40.383199343466181 ], [ -111.579829166895834, 40.383542576579472 ], [ -111.579634747552461, 40.384134701517439 ], [ -111.579364861367793, 40.384650926607819 ], [ -111.579019018834188, 40.385034046732926 ], [ -111.578697456528801, 40.385340765819983 ], [ -111.578200845470363, 40.385591151430731 ], [ -111.577678804914797, 40.385784453984314 ], [ -111.577205495003838, 40.385844025418521 ], [ -111.576657537898029, 40.385923036805153 ], [ -111.576160914930924, 40.386173413711802 ], [ -111.575863945554715, 40.386441864022942 ], [ -111.575767607358756, 40.386842800305466 ], [ -111.575721792719506, 40.387319762515837 ], [ -111.575375915934501, 40.387702870904768 ], [ -111.575080072092561, 40.388104799044889 ], [ -111.574909562520418, 40.388582380901006 ], [ -111.574687716438035, 40.388888592917574 ], [ -111.574440768017865, 40.389175860489068 ], [ -111.57439299739606, 40.389423999112218 ], [ -111.574519794796231, 40.389671270524317 ], [ -111.574995727569089, 40.389916806249715 ], [ -111.575545505841774, 40.390047556638784 ], [ -111.576070997451808, 40.39025470292308 ], [ -111.576496900891968, 40.390481412946258 ], [ -111.576872605178934, 40.390670232618405 ], [ -111.577248798827554, 40.390916256525429 ], [ -111.577326057097949, 40.391201911263458 ], [ -111.577178867092584, 40.391488685559658 ], [ -111.576907794307971, 40.391871424881217 ], [ -111.576238180789602, 40.392313359069362 ], [ -111.575843540700134, 40.392830196946193 ], [ -111.575174559703981, 40.393348398367365 ], [ -111.574628807509583, 40.393694359930635 ], [ -111.574133253865924, 40.3940782079654 ], [ -111.573536963927268, 40.394348137794474 ], [ -111.573112824132139, 40.394331171142348 ], [ -111.572811605879508, 40.394103832145156 ], [ -111.57263428113454, 40.393780531798463 ], [ -111.572455343301968, 40.393266544969251 ], [ -111.572476246059935, 40.392789708724436 ], [ -111.572372613740598, 40.392332557633651 ], [ -111.572194973033177, 40.391971118861221 ], [ -111.571918063634527, 40.391667379615519 ], [ -111.571616377637653, 40.391382830869993 ], [ -111.571489105134276, 40.391078350764573 ], [ -111.571386126888001, 40.39069747293248 ], [ -111.571482657523816, 40.39031560916267 ], [ -111.571555054502667, 40.390029210821851 ], [ -111.571402522850931, 40.389686716170118 ], [ -111.571076232841207, 40.389440426695089 ], [ -111.570973581589669, 40.389097685088444 ], [ -111.571094084140867, 40.388601287289603 ], [ -111.571214100482493, 40.388047682880938 ], [ -111.571309339496921, 40.387513270331695 ], [ -111.571255920886074, 40.387094008941169 ], [ -111.571052557561515, 40.38663734881856 ], [ -111.570799162752976, 40.386161865644617 ], [ -111.570494450678339, 40.385515011135801 ], [ -111.570240741289709, 40.385001389831309 ], [ -111.56988648935193, 40.384392916207055 ], [ -111.569507145719285, 40.383765496266911 ], [ -111.569229799632851, 40.383404543322598 ], [ -111.569002328699639, 40.383043345188923 ], [ -111.568724026107731, 40.382567979674953 ], [ -111.568446528885858, 40.382187956768099 ], [ -111.568193009160552, 40.381693398428602 ], [ -111.56784087348764, 40.381332810342343 ], [ -111.567513036847387, 40.380895824245847 ], [ -111.567359428143277, 40.380419843234158 ], [ -111.567280145480055, 40.379886289363036 ], [ -111.567224038505813, 40.379142858301314 ], [ -111.567071395226918, 40.378781289007186 ], [ -111.566842991558303, 40.378305673862869 ], [ -111.566639845993066, 40.377868073767111 ], [ -111.566412406613097, 40.377506869077749 ], [ -111.566259611812555, 40.377126229683093 ], [ -111.56598342753513, 40.37689874945324 ], [ -111.565609107004988, 40.376862441523436 ], [ -111.565036432625988, 40.376960588391313 ], [ -111.564463280326507, 40.377001525790867 ], [ -111.563939357977461, 40.376965943469962 ], [ -111.563589653003319, 40.376891370550112 ], [ -111.563538197791985, 40.37670092743916 ], [ -111.563685255478632, 40.376395100716302 ], [ -111.563832470793628, 40.376108341782327 ], [ -111.564128330169794, 40.375706441487957 ], [ -111.564474210502382, 40.375323365931585 ], [ -111.564771175945268, 40.37505494438544 ], [ -111.564943316841394, 40.374768062255583 ], [ -111.565139274079002, 40.37434757853179 ], [ -111.565411301006165, 40.374079277176435 ], [ -111.565982194316362, 40.373771373555236 ], [ -111.566453993216882, 40.373540231193971 ], [ -111.566850671789126, 40.373271315803564 ], [ -111.567071863749504, 40.372888843469859 ], [ -111.567068187361031, 40.372450265430714 ], [ -111.567038781049035, 40.371916466066502 ], [ -111.567060035645795, 40.371477764809512 ], [ -111.56715624487164, 40.37105776652632 ], [ -111.567203710150153, 40.37077149223277 ], [ -111.56702775314038, 40.370600730717776 ], [ -111.566877845715709, 40.370563326269831 ], [ -111.566778919667499, 40.370659158611474 ] ] ] ] } },
{ "type": "Feature", "properties": { "xid": 310, "name": "N.E. CHUTE/ELK POINT", "size_of_sl": null, "return_int": null, "starting_z": null, "vertical_f": null, "distance_t": null, "starting_1": null, "Shape__Are": 648638.44408100005, "Shape__Len": 4081.5349579899998 }, "geometry": { "type": "MultiPolygon", "coordinates": [ [ [ [ -111.607249591055904, 40.404170420788788 ], [ -111.607454834284766, 40.403588922080232 ], [ -111.607801308556319, 40.403110369002341 ], [ -111.608342376579401, 40.402600995444033 ], [ -111.608843926781276, 40.402032235863395 ], [ -111.609306764758884, 40.401493474750282 ], [ -111.609693263841635, 40.401133888081908 ], [ -111.61005462178457, 40.400580164219434 ], [ -111.610207281331697, 40.400221810190153 ], [ -111.610233938615067, 40.399721099771085 ], [ -111.610261026006199, 40.399268061377562 ], [ -111.610443136778827, 40.398718857740576 ], [ -111.610563966971952, 40.398289160544707 ], [ -111.610747363868214, 40.397882969917518 ], [ -111.611149639348412, 40.397547131162845 ], [ -111.611489126169928, 40.397163950501877 ], [ -111.612109190522759, 40.396779283890801 ], [ -111.612636802604115, 40.396514287015634 ], [ -111.613507124569324, 40.396223632734333 ], [ -111.614533749296712, 40.39597981478763 ], [ -111.615622933229616, 40.395759491864368 ], [ -111.616680935218341, 40.395539324087942 ], [ -111.617614666167611, 40.395367483925064 ], [ -111.618361341476017, 40.395196637589805 ], [ -111.619170144721565, 40.395001616595394 ], [ -111.619979817697526, 40.394901931311736 ], [ -111.620603315099785, 40.394898586651806 ], [ -111.621321651288739, 40.395037748559815 ], [ -111.621821545963186, 40.395154244612073 ], [ -111.622041964509506, 40.39539142547158 ], [ -111.622107384951534, 40.395724786813865 ], [ -111.622047667649895, 40.396011147001367 ], [ -111.621801115394092, 40.3963223491672 ], [ -111.621398901702122, 40.396658224596301 ], [ -111.621058377688499, 40.396922256673967 ], [ -111.620499401682608, 40.397163623937629 ], [ -111.620095864437985, 40.397356481580871 ], [ -111.619878726350152, 40.397476828990058 ], [ -111.619664645692026, 40.397930871894111 ], [ -111.619607318654971, 40.398479421380543 ], [ -111.619360964662562, 40.398814453456943 ], [ -111.619019768109823, 40.39900697427764 ], [ -111.618427628204856, 40.399033979033483 ], [ -111.617710562254572, 40.399037811932679 ], [ -111.61699632493702, 40.399351501258458 ], [ -111.616033750760977, 40.399785692618124 ], [ -111.615288970673021, 40.400171043798927 ], [ -111.614670411280983, 40.40072257580367 ], [ -111.614362969029145, 40.401200942157764 ], [ -111.614087349792399, 40.401750648335167 ], [ -111.613967402343988, 40.402275690163322 ], [ -111.614033657600416, 40.402704397234437 ], [ -111.614286118786936, 40.403036768324903 ], [ -111.614413433323392, 40.403322131404899 ], [ -111.61422896090987, 40.403609151015601 ], [ -111.613824934205184, 40.403754315873705 ], [ -111.613262198323767, 40.403590445433309 ], [ -111.612762255349509, 40.403473912895812 ], [ -111.6124223125085, 40.403809426844234 ], [ -111.612299971684536, 40.404072277121877 ], [ -111.612212697021533, 40.404764000367848 ], [ -111.611904140018638, 40.405123182797801 ], [ -111.611253249236512, 40.405555684275164 ], [ -111.610507948769822, 40.405893333824672 ], [ -111.609637489600189, 40.406183966051039 ], [ -111.608828309801481, 40.40635508605574 ], [ -111.608267066009191, 40.406358039946873 ], [ -111.607859793411023, 40.40614565196347 ], [ -111.607607137519153, 40.40578943175376 ], [ -111.607540062477753, 40.405265378662783 ], [ -111.607379021816925, 40.404694146618198 ], [ -111.607249591055904, 40.404170420788788 ] ] ] ] } },
{ "type": "Feature", "properties": { "xid": 311, "name": "THEATRE IN THE PINES", "size_of_sl": null, "return_int": null, "starting_z": null, "vertical_f": null, "distance_t": null, "starting_1": null, "Shape__Are": 135527.90813500001, "Shape__Len": 1742.43982411 }, "geometry": { "type": "MultiPolygon", "coordinates": [ [ [ [ -111.609306764758884, 40.401493474750282 ], [ -111.608843926781276, 40.402032235863395 ], [ -111.608342376579401, 40.402600995444033 ], [ -111.607801308556319, 40.403110369002341 ], [ -111.607454834284766, 40.403588922080232 ], [ -111.606998658741006, 40.404004882792272 ], [ -111.606585158721259, 40.404283385936111 ], [ -111.606473106551292, 40.404508209087886 ], [ -111.606321914880283, 40.405033406741964 ], [ -111.605950751585112, 40.405369065363885 ], [ -111.605421550425632, 40.405467183395686 ], [ -111.604890852891216, 40.405398451287589 ], [ -111.604638855257917, 40.405113729818183 ], [ -111.604636295864111, 40.404827704578693 ], [ -111.604630324074449, 40.404160310796115 ], [ -111.604780247106802, 40.403492101642009 ], [ -111.605055521245788, 40.402894746033297 ], [ -111.605299400362171, 40.402273717809798 ], [ -111.605577441752828, 40.401986223201391 ], [ -111.605947733669112, 40.40155522422458 ], [ -111.606318875088576, 40.401219565549724 ], [ -111.606908044159482, 40.400858926133211 ], [ -111.607341746512887, 40.400546772936366 ], [ -111.608055184137456, 40.400137800527901 ], [ -111.608675725854738, 40.399800823361971 ], [ -111.609015667519088, 40.399465320208165 ], [ -111.609419249382469, 40.399272500981446 ], [ -111.609731663982998, 40.399342363708946 ], [ -111.609858952194656, 40.39962773217735 ], [ -111.609893571571348, 40.400008935289115 ], [ -111.609647378704395, 40.400367783008441 ], [ -111.609493856008228, 40.400630794882225 ], [ -111.609425250431428, 40.40093209362022 ], [ -111.609306764758884, 40.401493474750282 ] ] ] ] } },
{ "type": "Feature", "properties": { "xid": 312, "name": "WEEKS BENCH", "size_of_sl": null, "return_int": null, "starting_z": null, "vertical_f": null, "distance_t": null, "starting_1": null, "Shape__Are": 127592.32654, "Shape__Len": 1594.854587 }, "geometry": { "type": "MultiPolygon", "coordinates": [ [ [ [ -111.535198612743571, 40.397416885894835 ], [ -111.534599050850275, 40.397477003345855 ], [ -111.533997449201493, 40.397279077981395 ], [ -111.533507674186851, 40.396994616294116 ], [ -111.532943354840341, 40.396767840965445 ], [ -111.532229037282534, 40.396541753371316 ], [ -111.531590626573376, 40.396430001238784 ], [ -111.530876766225816, 40.396261248028424 ], [ -111.530200411123104, 40.396092317535093 ], [ -111.529635659772083, 40.395808183102041 ], [ -111.528957741690689, 40.395438548104408 ], [ -111.528354157495869, 40.394982552146757 ], [ -111.528051920499834, 40.39469721011266 ], [ -111.528049904745018, 40.394439169123032 ], [ -111.528423552904727, 40.394265429360935 ], [ -111.529097642376612, 40.394147658063474 ], [ -111.529885125497742, 40.394144052154019 ], [ -111.530635334069785, 40.394169283480743 ], [ -111.531573264900516, 40.394222320469112 ], [ -111.532210977488134, 40.394248059564191 ], [ -111.5327368698116, 40.394360326787009 ], [ -111.53326344358284, 40.394558604890364 ], [ -111.53371660549206, 40.394957925613298 ], [ -111.534093866346851, 40.395242905381323 ], [ -111.534434084726456, 40.395585399976866 ], [ -111.534848853698037, 40.395870204778085 ], [ -111.535189077892909, 40.396212697075811 ], [ -111.535529306722054, 40.396555188324577 ], [ -111.535681580907379, 40.396841205471361 ], [ -111.535683398735912, 40.397070574660489 ], [ -111.535459984664541, 40.397272314623251 ], [ -111.535198612743571, 40.397416885894835 ] ] ] ] } },
{ "type": "Feature", "properties": { "xid": 313, "name": "LOWER DEER CREEK", "size_of_sl": null, "return_int": null, "starting_z": null, "vertical_f": null, "distance_t": null, "starting_1": null, "Shape__Are": 147525.78752499999, "Shape__Len": 2155.35717531 }, "geometry": { "type": "MultiPolygon", "coordinates": [ [ [ [ -111.532695538504683, 40.398632676092149 ], [ -111.532997134438816, 40.398831992327359 ], [ -111.533111900959668, 40.399118184740118 ], [ -111.533114388694628, 40.399433568056118 ], [ -111.53281640622761, 40.399692990560027 ], [ -111.532479111657224, 40.399723216712886 ], [ -111.531990453553192, 40.399582104777799 ], [ -111.531575449242908, 40.399268619488332 ], [ -111.531197949738541, 40.398954960397809 ], [ -111.530857956874357, 40.398641126965202 ], [ -111.530293856247781, 40.398443010197234 ], [ -111.529730658940863, 40.398359575322864 ], [ -111.52924224084822, 40.39824712303767 ], [ -111.528566317063891, 40.398135525949449 ], [ -111.528153129795527, 40.398051397565617 ], [ -111.527588819262633, 40.397824595187032 ], [ -111.527098619767841, 40.397482764314297 ], [ -111.526571147438773, 40.397169773507777 ], [ -111.52577894505599, 40.396571261748086 ], [ -111.525363542258049, 40.396200410852543 ], [ -111.524873365783719, 40.395858570304981 ], [ -111.524420694531543, 40.395516557562537 ], [ -111.524005972467634, 40.395231715942721 ], [ -111.523553531862404, 40.394918370253052 ], [ -111.523401313251313, 40.394632337590203 ], [ -111.523587255246639, 40.394430789565746 ], [ -111.524074302834691, 40.394371239205356 ], [ -111.524712014418299, 40.394397019666279 ], [ -111.525537000638579, 40.394393273181024 ], [ -111.526212657751145, 40.394476216892613 ], [ -111.526964211148879, 40.394673499681041 ], [ -111.527453940822539, 40.394957989484958 ], [ -111.528094346972253, 40.395327805576372 ], [ -111.528736105744628, 40.39586964472344 ], [ -111.529115596463441, 40.396441353067566 ], [ -111.529270088409106, 40.397014090179624 ], [ -111.529685068166287, 40.397327584922145 ], [ -111.530174155000324, 40.397526048682167 ], [ -111.530775747875808, 40.397723993987597 ], [ -111.531377795071776, 40.397979278911919 ], [ -111.532055075953423, 40.398262886956161 ], [ -111.532695538504683, 40.398632676092149 ] ] ] ] } },
{ "type": "Feature", "properties": { "xid": 314, "name": "UPPER DEER CREEK", "size_of_sl": null, "return_int": null, "starting_z": null, "vertical_f": null, "distance_t": null, "starting_1": null, "Shape__Are": 200514.54415100001, "Shape__Len": 2375.9342782 }, "geometry": { "type": "MultiPolygon", "coordinates": [ [ [ [ -111.530047535167483, 40.400508538389673 ], [ -111.530349581781053, 40.400765202421759 ], [ -111.530501168612474, 40.400965213028329 ], [ -111.53050319419107, 40.401223253623634 ], [ -111.530316803307244, 40.401367468871676 ], [ -111.53013018672371, 40.401483013344432 ], [ -111.529642195939644, 40.401427905709554 ], [ -111.529266040406696, 40.401286266938158 ], [ -111.528815105241719, 40.401173641366071 ], [ -111.528100754490126, 40.400947528648409 ], [ -111.527612991792921, 40.400921082904723 ], [ -111.526899764150272, 40.400838318791394 ], [ -111.526298377859916, 40.400669024027884 ], [ -111.525771777555477, 40.400470714581154 ], [ -111.525169282160107, 40.400158058676872 ], [ -111.524602960857251, 40.399673201868737 ], [ -111.523886639634597, 40.399189021931704 ], [ -111.523282611633633, 40.398675656948555 ], [ -111.522605141168867, 40.398363326808933 ], [ -111.522039074753764, 40.397907128514817 ], [ -111.521810746013372, 40.397478076223308 ], [ -111.521843377439282, 40.396847139878318 ], [ -111.521801449649232, 40.39627388481572 ], [ -111.521759743930218, 40.395729300220289 ], [ -111.52163994230888, 40.39478365723528 ], [ -111.521787063528251, 40.39441025522877 ], [ -111.522199334851109, 40.394379721708702 ], [ -111.522614045283774, 40.394664569925332 ], [ -111.523103979838794, 40.394977749706044 ], [ -111.523632750520875, 40.395462784385749 ], [ -111.524161085311107, 40.39589047368878 ], [ -111.524765317405468, 40.396432504970825 ], [ -111.525331612460121, 40.396917361418886 ], [ -111.526010196429752, 40.397373031858578 ], [ -111.526388555124356, 40.397801393837497 ], [ -111.526654639113346, 40.398258937485267 ], [ -111.526770718616959, 40.398717163938592 ], [ -111.526999306574197, 40.399174877522086 ], [ -111.527452462987455, 40.399574222514765 ], [ -111.527979509097534, 40.399829867142032 ], [ -111.528430433914735, 40.399942496064639 ], [ -111.528955692531213, 40.399968765954583 ], [ -111.529519800918379, 40.400166890049043 ], [ -111.530047535167483, 40.400508538389673 ] ] ] ] } },
{ "type": "Feature", "properties": { "xid": 315, "name": "POWER PLANT CHUTE", "size_of_sl": null, "return_int": null, "starting_z": null, "vertical_f": null, "distance_t": null, "starting_1": null, "Shape__Are": 134089.97187199999, "Shape__Len": 2029.3776394500001 }, "geometry": { "type": "MultiPolygon", "coordinates": [ [ [ [ -111.528200410137018, 40.404101013654447 ], [ -111.528464288177005, 40.404271841404402 ], [ -111.52880340230314, 40.404470995982706 ], [ -111.529032023870755, 40.40492870488216 ], [ -111.528996538516466, 40.405186916956715 ], [ -111.528697169003806, 40.405274302465962 ], [ -111.528209150731044, 40.405219188990564 ], [ -111.527869362619455, 40.404934018596805 ], [ -111.527567306543403, 40.404677347427914 ], [ -111.52730275796246, 40.404420505313759 ], [ -111.526851134388608, 40.404221858121645 ], [ -111.526250834443303, 40.404195920303579 ], [ -111.525499401016177, 40.404027304336928 ], [ -111.524822089198096, 40.403743658365997 ], [ -111.524144115889712, 40.403373995993881 ], [ -111.523427314253979, 40.402832470946741 ], [ -111.52259779027861, 40.402262779392572 ], [ -111.521806226743706, 40.401750254432748 ], [ -111.521163803462343, 40.401122364016352 ], [ -111.521085923949485, 40.400749976278362 ], [ -111.520893989487504, 40.400177397170467 ], [ -111.520852288331952, 40.399632812584379 ], [ -111.520925304579293, 40.39937443454069 ], [ -111.521375108990668, 40.39934373483662 ], [ -111.521675125899066, 40.399342381681052 ], [ -111.522089199190674, 40.399541217991811 ], [ -111.522654837475798, 40.399940073881027 ], [ -111.523069804908218, 40.40025359138572 ], [ -111.523598173940954, 40.400681282694286 ], [ -111.524202000017127, 40.401165974317315 ], [ -111.524767217911631, 40.401507476796951 ], [ -111.525332219814487, 40.40182030595534 ], [ -111.525897895104507, 40.402219144686711 ], [ -111.526426296227157, 40.402646823623286 ], [ -111.526767184155972, 40.403075353605992 ], [ -111.526957835294183, 40.40347589582457 ], [ -111.527335117007141, 40.403760897099282 ], [ -111.527786067079745, 40.403873528299314 ], [ -111.528200410137018, 40.404101013654447 ] ] ] ] } },
{ "type": "Feature", "properties": { "xid": 316, "name": "DAM CHUTE", "size_of_sl": null, "return_int": null, "starting_z": null, "vertical_f": null, "distance_t": null, "starting_1": null, "Shape__Are": 104620.25449599999, "Shape__Len": 1491.8749512100001 }, "geometry": { "type": "MultiPolygon", "coordinates": [ [ [ [ -111.525695622553499, 40.405144627743532 ], [ -111.526033617005666, 40.405200434450101 ], [ -111.526334553006649, 40.405313753648379 ], [ -111.526337009646511, 40.405629136070168 ], [ -111.526075140591885, 40.405716344984235 ], [ -111.525624850057596, 40.40568972043792 ], [ -111.525137499617614, 40.40572060723953 ], [ -111.524612865361092, 40.405780332645563 ], [ -111.524202527587462, 40.406068915781006 ], [ -111.523603322970899, 40.406186319436522 ], [ -111.523077129995571, 40.406045340003494 ], [ -111.522511882349804, 40.405703829714128 ], [ -111.522021872221387, 40.405390649375377 ], [ -111.521419129790829, 40.405049302958091 ], [ -111.520890297962126, 40.404564259333469 ], [ -111.520436925454433, 40.404136217525135 ], [ -111.520396109568068, 40.403706318778617 ], [ -111.520353747619367, 40.403075720992263 ], [ -111.52042433935658, 40.402501959612927 ], [ -111.520759444145227, 40.402185057060329 ], [ -111.521208603945936, 40.402068344554458 ], [ -111.521622251241325, 40.402209840416674 ], [ -111.522037006487636, 40.402494690037543 ], [ -111.522564942112197, 40.402865043927257 ], [ -111.523132830762336, 40.403550608364839 ], [ -111.523699840991071, 40.404121485192007 ], [ -111.524304143725018, 40.404663518575248 ], [ -111.525056695258328, 40.404975497382061 ], [ -111.525695622553499, 40.405144627743532 ] ] ] ] } },
{ "type": "Feature", "properties": { "xid": 317, "name": "DEER CREEK CUT", "size_of_sl": null, "return_int": null, "starting_z": null, "vertical_f": null, "distance_t": null, "starting_1": null, "Shape__Are": 18994.2282175, "Shape__Len": 909.38226540899996 }, "geometry": { "type": "MultiPolygon", "coordinates": [ [ [ [ -111.52177431461044, 40.406583521517348 ], [ -111.522085431898972, 40.406492729674788 ], [ -111.522242946490067, 40.406700589117847 ], [ -111.522089115424237, 40.406969446231685 ], [ -111.521780296828979, 40.407358185027483 ], [ -111.521393061522431, 40.407687685873491 ], [ -111.52092855794956, 40.408106921009704 ], [ -111.520579602569484, 40.408346859182402 ], [ -111.520269163000847, 40.408527031362965 ], [ -111.519569867134948, 40.408828133983896 ], [ -111.518908397119091, 40.408980083544655 ], [ -111.518401919575837, 40.409012151257393 ], [ -111.518399404846065, 40.408684408552993 ], [ -111.518904506943429, 40.408473572122283 ], [ -111.519410063976508, 40.408322323075758 ], [ -111.520032318984804, 40.408140751201167 ], [ -111.520459458306306, 40.4079302585899 ], [ -111.521001916675544, 40.407510674089053 ], [ -111.521388463158445, 40.407091791080191 ], [ -111.52177431461044, 40.406583521517348 ] ] ] ] } },
{ "type": "Feature", "properties": { "xid": 318, "name": "BRIDAL VEIL", "size_of_sl": null, "return_int": null, "starting_z": null, "vertical_f": null, "distance_t": null, "starting_1": null, "Shape__Are": 1975708.9508799999, "Shape__Len": 13678.2521689 }, "geometry": { "type": "MultiPolygon", "coordinates": [ [ [ [ -111.605122065656374, 40.339183476839331 ], [ -111.605361707640853, 40.33980900766457 ], [ -111.605436736016998, 40.340150123660109 ], [ -111.605181391587564, 40.340927790826406 ], [ -111.605032066090587, 40.34112590298875 ], [ -111.604797997090515, 40.341436441405222 ], [ -111.604576749819927, 40.341624553126785 ], [ -111.604191723593829, 40.341951911987387 ], [ -111.603921436169827, 40.342143802093254 ], [ -111.603613192412297, 40.342362636124484 ], [ -111.603396164522849, 40.342484010519037 ], [ -111.602976589433212, 40.342718659013407 ], [ -111.602298557035866, 40.342954073726617 ], [ -111.601743796846193, 40.343149744245167 ], [ -111.601226769278526, 40.343229846132054 ], [ -111.600565329101016, 40.343250248485781 ], [ -111.60053425495714, 40.343252008956981 ], [ -111.600334798280784, 40.342941275127636 ], [ -111.600235429907784, 40.342274358647074 ], [ -111.600073128852728, 40.341536258065943 ], [ -111.599939869564025, 40.340559637744541 ], [ -111.599683072183367, 40.339702842062465 ], [ -111.599239597726481, 40.338870850358518 ], [ -111.598829600699247, 40.338300888023589 ], [ -111.598047089094678, 40.33787587357272 ], [ -111.597203341908283, 40.337570352616922 ], [ -111.596515973190847, 40.337335531431705 ], [ -111.595547855190873, 40.337054477100239 ], [ -111.594611312583737, 40.336820926299907 ], [ -111.593737698549972, 40.336658555414466 ], [ -111.592801792135148, 40.336496498079036 ], [ -111.591929227944192, 40.336453292634452 ], [ -111.59090009371441, 40.336315533477233 ], [ -111.589996591754328, 40.336296308027634 ], [ -111.589527919905862, 40.336131840011667 ], [ -111.588962075176482, 40.335538799872843 ], [ -111.588300520025143, 40.334684038050234 ], [ -111.587670130473512, 40.333829113952824 ], [ -111.586913517045957, 40.332784131606175 ], [ -111.586265991489427, 40.331744550830692 ], [ -111.585667417383348, 40.330960964632254 ], [ -111.584942836270372, 40.330011153758974 ], [ -111.584312121942915, 40.329108538993161 ], [ -111.583713388625824, 40.328301106461062 ], [ -111.583176548862795, 40.327445684604051 ], [ -111.582826787937407, 40.326613154262894 ], [ -111.582319477038496, 40.325566883913332 ], [ -111.58206480381925, 40.324924568618393 ], [ -111.582059685355063, 40.324328670459998 ], [ -111.582179751143826, 40.323803653890053 ], [ -111.582455729383653, 40.323301688823037 ], [ -111.58297899422503, 40.322583944063297 ], [ -111.58350245209796, 40.321890033403619 ], [ -111.584088183019105, 40.321195805904097 ], [ -111.584767528713996, 40.320524938805036 ], [ -111.585758473407196, 40.319876326898658 ], [ -111.586592665321135, 40.319109317451726 ], [ -111.587395905603358, 40.318366295709964 ], [ -111.588230887889523, 40.317694617693242 ], [ -111.588754255723714, 40.317000683325126 ], [ -111.589156164534884, 40.316664919934553 ], [ -111.589529833222628, 40.316663016296161 ], [ -111.589937959652886, 40.317042327099706 ], [ -111.59025371058938, 40.317541292698451 ], [ -111.590507394304481, 40.318064410842915 ], [ -111.590823777601159, 40.318634883197937 ], [ -111.590952285255028, 40.319087128760742 ], [ -111.590894992072904, 40.319659508208211 ], [ -111.590650231257882, 40.320161334182572 ], [ -111.590344430625436, 40.320806493459635 ], [ -111.590130388447946, 40.32126048737365 ], [ -111.589885823787554, 40.321786148118242 ], [ -111.589766236048334, 40.322358844406821 ], [ -111.589740902744381, 40.323026408233659 ], [ -111.589652868272211, 40.323646617515017 ], [ -111.589687537260048, 40.324051668293826 ], [ -111.590000829295832, 40.324264603753967 ], [ -111.590310801086105, 40.324096163522505 ], [ -111.590524435359853, 40.323594497472655 ], [ -111.590643603244146, 40.322974128579283 ], [ -111.590731834432106, 40.322377754087071 ], [ -111.590788923228104, 40.321781539422183 ], [ -111.590940057664852, 40.321256354097962 ], [ -111.59115305484849, 40.320683179206291 ], [ -111.591494356996094, 40.320538413136404 ], [ -111.591932617530077, 40.320798377670933 ], [ -111.592247567732016, 40.321201993324863 ], [ -111.592313599938933, 40.321630720385251 ], [ -111.592224965808867, 40.322179424094557 ], [ -111.591949689290402, 40.322752919514585 ], [ -111.591705133543556, 40.323278583908092 ], [ -111.591369019414699, 40.324019247879285 ], [ -111.591186115205872, 40.324473084315635 ], [ -111.591097885516007, 40.325069458929761 ], [ -111.59088612163292, 40.325785649233268 ], [ -111.590798510018118, 40.326453530084365 ], [ -111.590709235558364, 40.326930724843429 ], [ -111.590836720807545, 40.327263790385082 ], [ -111.591118470797838, 40.327429209708527 ], [ -111.591460013707788, 40.327308279187427 ], [ -111.591612403426623, 40.326926109234876 ], [ -111.591700631979165, 40.326329734428342 ], [ -111.591757297659953, 40.325685847793707 ], [ -111.591876457686965, 40.325065477908282 ], [ -111.591995614422714, 40.324445107855283 ], [ -111.592241421897569, 40.324062458792817 ], [ -111.592520662081142, 40.323941844064009 ], [ -111.592771051747462, 40.324083582611763 ], [ -111.592838341459796, 40.324655324038815 ], [ -111.592844388912141, 40.325346564881627 ], [ -111.592755547254527, 40.325871432227999 ], [ -111.592605042437995, 40.326468126920467 ], [ -111.592456410744319, 40.327279343676622 ], [ -111.592429851063031, 40.32780389160407 ], [ -111.592435061356142, 40.328399788295357 ], [ -111.592378400164549, 40.329043674930837 ], [ -111.592384652265736, 40.329758750805844 ], [ -111.592483089769445, 40.330330332361534 ], [ -111.592675382479896, 40.330949106955437 ], [ -111.592992262704655, 40.331567242534383 ], [ -111.593339041888143, 40.33204220265916 ], [ -111.59390573094521, 40.332730564507578 ], [ -111.594219285638545, 40.33296732332203 ], [ -111.594341990052556, 40.33275216122685 ], [ -111.594058327672059, 40.332372228085397 ], [ -111.593803934948966, 40.331777611338396 ], [ -111.59364340129305, 40.331230186333855 ], [ -111.593607243737111, 40.330658286289513 ], [ -111.593571503321272, 40.330134057167271 ], [ -111.593566700358423, 40.329585832671462 ], [ -111.593562106348244, 40.329061444522409 ], [ -111.593621054630347, 40.328679751490448 ], [ -111.593775106201008, 40.328488265551428 ], [ -111.594054988705267, 40.328439154499399 ], [ -111.594338424068866, 40.32879525253469 ], [ -111.594530519994578, 40.329390187724279 ], [ -111.59459741199106, 40.329914256479775 ], [ -111.594727642156769, 40.330557183234689 ], [ -111.59476506463669, 40.331272098480582 ], [ -111.594833006892813, 40.331915345211982 ], [ -111.595056262158892, 40.332510119847051 ], [ -111.595591616847045, 40.333174797975374 ], [ -111.596126562581688, 40.333791801638043 ], [ -111.596598592613518, 40.334337616719495 ], [ -111.597195641667867, 40.334930457505472 ], [ -111.597539734271919, 40.335095538989748 ], [ -111.597724935972082, 40.334903887072599 ], [ -111.597844266815684, 40.334307347760479 ], [ -111.597837745730402, 40.33356843769765 ], [ -111.597675703085088, 40.332854168671481 ], [ -111.597450951079921, 40.332092548323374 ], [ -111.597131086566606, 40.331140724188693 ], [ -111.596751251128453, 40.330451414186307 ], [ -111.596245164824282, 40.329572057540858 ], [ -111.595645447704939, 40.328669345022632 ], [ -111.595140017380842, 40.327861491362434 ], [ -111.594385867348549, 40.327102586788875 ], [ -111.593944839132575, 40.326532766106325 ], [ -111.593691096467552, 40.326009655779835 ], [ -111.593686710905516, 40.325509102830054 ], [ -111.593682116628074, 40.32498471432168 ], [ -111.593676895997532, 40.324388817412057 ], [ -111.593641160126865, 40.323864588619486 ], [ -111.59347814238501, 40.323031131716235 ], [ -111.593565096064509, 40.322291740287035 ], [ -111.593811931231812, 40.32202826730181 ], [ -111.594247285344039, 40.32195452100752 ], [ -111.594809086214823, 40.322094655057732 ], [ -111.595528271675605, 40.322424671719844 ], [ -111.596374969579472, 40.323087744275242 ], [ -111.596846087430762, 40.323538216937827 ], [ -111.59698818616279, 40.323936752415698 ], [ -111.596990705975799, 40.324222782069654 ], [ -111.597051803668151, 40.324794552915201 ], [ -111.59707414362201, 40.32520920029765 ], [ -111.59713372949102, 40.325609353256702 ], [ -111.597248869652731, 40.32595201082615 ], [ -111.597513877357585, 40.326336800615437 ], [ -111.597854643228601, 40.326835615254893 ], [ -111.598064608958737, 40.327335105169681 ], [ -111.598199832124308, 40.327834981198215 ], [ -111.598166499485757, 40.328292822393038 ], [ -111.598057788537048, 40.328679542679311 ], [ -111.598041374088879, 40.328937066619503 ], [ -111.597971171101989, 40.329452306766939 ], [ -111.598030640066668, 40.329838157440427 ], [ -111.598184302779472, 40.330309333695503 ], [ -111.598300089181564, 40.330723497153976 ], [ -111.598567017152448, 40.331322805953953 ], [ -111.598701999565904, 40.331794078049136 ], [ -111.59887398108863, 40.332222252058884 ], [ -111.599028666941891, 40.332807838565529 ], [ -111.599012761210304, 40.333122568260976 ], [ -111.598904047691093, 40.333509289041459 ], [ -111.59879596385835, 40.333967516976777 ], [ -111.598743818094931, 40.334411153135775 ], [ -111.598654421353899, 40.334869284142414 ], [ -111.598491785774272, 40.335499419267357 ], [ -111.598513886143792, 40.335885462618343 ], [ -111.598517171673393, 40.336257301192489 ], [ -111.598576271051073, 40.336600246724558 ], [ -111.598952578273099, 40.336884340796232 ], [ -111.599365506171537, 40.33708243217346 ], [ -111.600002579257591, 40.337265056593886 ], [ -111.600751918182198, 40.337461397472097 ], [ -111.601520711384055, 40.337743443996978 ], [ -111.602065113147873, 40.338012352378634 ], [ -111.602627954011197, 40.338252557019203 ], [ -111.603433760371402, 40.338491492529549 ], [ -111.604258135346726, 40.338716022407773 ], [ -111.604726775067988, 40.338870897192805 ], [ -111.605122065656374, 40.339183476839331 ] ] ] ] } },
{ "type": "Feature", "properties": { "xid": 319, "name": "HOOVER", "size_of_sl": null, "return_int": null, "starting_z": null, "vertical_f": null, "distance_t": null, "starting_1": null, "Shape__Are": 26382.228971500001, "Shape__Len": 827.74184896999998 }, "geometry": { "type": "MultiPolygon", "coordinates": [ [ [ [ -111.547449173382219, 40.385640117571668 ], [ -111.547553244309995, 40.386173566520696 ], [ -111.547307424517243, 40.386613326395711 ], [ -111.546985863015777, 40.386939027123816 ], [ -111.546615504407768, 40.387398443232676 ], [ -111.546494053261625, 40.387799474093114 ], [ -111.546472815395134, 40.388257239246343 ], [ -111.546325191001202, 40.388505838344521 ], [ -111.54600176911535, 40.388602713125579 ], [ -111.545628008089039, 40.388642615653943 ], [ -111.545377552419538, 40.388510311552267 ], [ -111.545375245213407, 40.38822428161221 ], [ -111.545496857590422, 40.387842320812126 ], [ -111.545743309237267, 40.387478840392227 ], [ -111.54596528247653, 40.387172682096498 ], [ -111.546186638765391, 40.386790249546188 ], [ -111.546333642522441, 40.386465375854755 ], [ -111.546355960623401, 40.386141091127293 ], [ -111.546578851591519, 40.385949344174506 ], [ -111.546926117540352, 40.385718869339286 ], [ -111.547124841045331, 40.385622582907338 ], [ -111.547449173382219, 40.385640117571668 ] ] ] ] } }
]
}
